normal_tails,heavy_tails
1.82676,2.09302
-3.07833,-0.60236
0.95806,0.18014
0.06964,0.91976
1.31825,-0.3959
0.38563,0.26176
1.82726,-1.34328
0.03174,0.44419
-0.51623,-0.14845
0.58048,-1.03321
0.43211,-0.14857
-0.35684,0.29329
-0.2473,0.44239
0.71944,0.76401
0.70432,0.23044
-0.49393,0.53153
-0.36771,1.45758
-1.80679,-0.54001
1.67921,-0.17302
-0.22429,-0.2173
1.33728,0.28039
0.41747,0.15094
1.94396,-0.03037
1.53711,-0.0885
0.3183,-0.07583
1.48076,-0.04933
-0.95012,-1.17605
1.25862,0.27519
-1.48042,-0.363
0.34324,0.92927
1.06488,-0.08565
0.22363,1.2181
-0.36714,-3.34854
-0.80556,0.8438
-0.3428,-0.29936
1.05113,0.49556
0.89084,-2.72175
-0.26213,2.28734
-1.246,-0.55597
0.674,0.48281
-1.44987,-0.88984
-0.53085,-0.28488
-0.73483,0.45392
0.74327,0.73513
0.23595,-0.5962
0.46185,-0.36767
0.27241,-0.27928
-0.67793,-0.27779
0.53548,-0.12167
1.41246,1.11495
-0.03677,0.04293
0.63359,0.25013
-0.1259,1.92122
1.02856,0.36713
0.66664,-0.07479
0.87582,-0.54594
0.34842,-0.07244
1.64,-4.16008
-0.36115,-0.4857
-0.33417,0.23495
-0.59186,-1.18624
0.61096,-0.23514
-0.6224,0.17843
-0.64453,0.96013
0.72747,0.28924
1.1621,0.39817
0.57435,-0.54026
-2.6831,-1.58128
-0.95363,-0.12984
-1.07349,-1.46838
-1.20751,0.39195
-0.40777,1.26172
1.81754,-0.56886
-0.3074,0.51244
-0.73545,-0.1712
0.69882,-0.01852
0.06917,-0.3015
0.12068,-0.19196
-0.68667,1.2304
-0.0015,-0.67734
0.43454,-1.56031
-1.91131,-1.37158
-1.61022,1.37163
1.08456,0.10984
0.843,-0.20503
-0.50666,-0.54486
-1.0202,-1.48779
-0.18555,1.66551
-1.19365,0.57385
-0.3401,-0.73752
1.6511,-0.2283
0.13207,0.93462
1.16629,0.78334
-0.22262,-0.38182
0.36942,-0.44789
1.38583,-1.3038
-1.33594,-0.5213
-0.34748,-1.64721
-0.1569,0.32412
0.28198,0.51311
1.55367,0.25471
0.68553,-0.26597
-1.49767,-0.72368
-0.27097,-0.00215
-0.89364,0.26739
-0.91905,0.56458
2.02483,0.09842
-1.06297,-0.02635
0.2364,-1.1574
-0.71521,-0.35684
0.86098,1.41157
0.3537,0.47228
0.12743,-1.61893
-0.07617,0.19252
1.13772,0.05938
-0.9317,0.44202
-0.72694,-0.35353
-1.11661,-0.95764
1.33455,-0.56693
-0.29357,-0.85767
-1.0374,-0.2094
-0.41907,0.39894
2.49965,1.49668
-0.10747,-0.39295
0.85002,0.63919
0.46518,-2.49405
-0.01238,-1.5343
-0.6927,-1.04395
-0.3343,-0.21065
-0.35445,1.71364
-2.20928,-0.94786
2.59013,0.17458
0.92484,-1.76731
0.11629,-0.3577
-0.20335,0.27857
-0.78964,0.31583
0.94962,0.53427
-0.18686,0.00467
0.47927,0.12534
-1.3875,-1.83541
0.37848,0.24265
2.0003,-0.18498
-0.28963,-0.98913
0.79995,0.0015
0.03533,-0.31573
1.10519,-0.39369
1.06742,-0.74844
0.06165,-1.04356
-0.55959,-3.41275
0.28675,-0.38903
0.04177,0.05844
-0.6179,-0.10097
0.45648,1.53746
0.43232,-1.7889
-0.88903,0.02231
-0.11149,-0.51909
2.92114,0.40157
0.81683,0.64365
0.09778,0.22501
2.51108,-0.22237
-0.4554,1.37812
-2.47685,0.27498
-1.90694,-0.13286
-1.51951,0.37396
0.26006,3.79287
0.97636,-0.64546
-2.17019,0.60515
1.11724,0.41603
-1.22774,-0.55332
0.25643,0.58872
0.46392,0.03146
0.43233,0.32634
0.00755,-0.21554
0.171,0.39568
-1.13982,-0.55872
0.27822,0.03225
0.97965,-0.1192
0.92622,-0.22395
2.61285,2.27693
1.08323,0.2818
0.72643,-0.0994
1.6635,-1.7324
0.24114,-0.00405
-1.28988,2.11043
-2.23986,-1.4911
1.27657,-3.02506
0.56803,0.5423
0.8473,0.26656
-0.33287,0.57369
0.34483,0.0551
1.88238,-0.22891
0.33483,0.26948
-1.11552,0.14406
-0.43145,0.55069
1.38511,-0.45778
-1.08996,-0.71661
-2.58143,0.2267
-2.29396,0.63506
-1.33894,-1.32568
0.79939,0.92569
0.08846,-0.27498
-0.75728,-0.08199
-1.28514,-0.04286
-0.11399,-1.33373
-0.1596,-0.38278
-0.56393,1.01549
-0.24525,0.72227
-0.76318,0.04754
1.80322,-0.06852
-2.36694,0.10618
0.12219,0.11444
-1.01441,0.52472
0.70652,-0.30479
-0.23511,-0.5771
0.36602,-0.75843
0.5316,-0.34758
0.20533,0.38
0.99104,1.1775
-1.39148,-1.03286
0.9517,0.57673
-0.21894,0.68367
0.38064,0.75936
1.55653,0.29255
1.12441,0.02418
1.98391,0.78124
-2.25059,1.55645
-0.95588,-0.15798
0.96417,1.58753
-1.13068,0.6102
-0.18259,0.00663
1.70788,-0.83685
0.8747,1.21525
-0.96227,0.02176
0.45381,0.1497
0.6453,-0.25157
0.06738,-0.54778
-0.10051,-0.28547
0.14156,-0.10265
-1.50051,0.46763
0.12651,-0.52842
-0.96691,-0.06834
0.39357,0.47346
0.42922,-0.14808
-0.89279,0.36267
0.61267,0.54349
0.35581,-1.52628
-0.0421,-1.82838
0.72581,-0.39468
-0.3128,1.59702
-0.28416,0.22634
0.07779,-0.27067
-0.05922,-1.45662
1.14217,-0.92337
-2.37395,-0.00274
-0.31047,-0.66815
-2.01496,0.03245
-0.52624,-1.41343
0.23223,1.54993
-0.02215,0.13066
0.93933,-0.69552
0.28663,-0.16186
-2.77687,-0.13252
-1.15834,0.40876
1.51366,0.09271
1.51592,1.35478
0.05235,0.72082
-1.60179,0.59228
2.1188,-0.33084
-2.15304,2.44596
0.25024,-0.16991
-0.11187,0.08961
0.17807,-0.21241
-1.24072,-0.58815
-0.47224,-0.21114
1.00215,-1.18854
-0.56639,0.57019
-1.46143,-0.28316
-0.09686,0.26944
0.00627,-0.06757
-0.22063,0.48027
-0.87738,-0.37802
0.45508,-0.37954
-0.21321,-1.52427
-1.2649,-0.73953
0.13264,0.32438
-0.11691,-0.1196
0.05894,-0.28231
-1.79318,-1.72739
-0.85779,0.06272
0.373,0.05008
0.8515,-0.12647
0.26849,0.86042
0.08493,0.3459
0.65748,-1.29516
0.91976,0.45016
1.70891,-0.29054
0.41616,0.56461
-0.6179,0.63048
0.43329,0.47787
-1.99431,0.83094
0.02023,-0.11327
-0.47737,-1.05705
-0.05159,-2.57908
0.46636,-0.87415
0.02859,-0.3338
-1.47224,0.0176
-0.37667,-0.27064
-0.81909,-1.18391
-0.03521,0.97468
0.34776,-0.32841
-0.97628,1.96496
0.72361,0.44459
1.29328,0.05193
-0.27888,1.39734
0.72146,-0.75021
-1.48951,-0.91308
-0.54754,0.06901
0.95777,0.2378
-1.77173,-0.00529
-0.51238,0.10202
-0.90211,-0.52162
1.14382,0.22247
1.14075,-0.42478
-0.62917,0.81415
0.11824,0.24011
-2.6186,-3.19688
0.84507,0.33667
0.34489,0.21555
1.32168,0.76944
-2.39361,0.24847
0.34245,0.26149
-0.35849,-2.38984
-2.61758,0.57664
-0.69848,1.68552
-0.08622,0.76635
0.79746,-0.66965
0.1902,-0.23962
-0.52238,-0.51173
0.4391,-2.22479
-0.11441,-0.3497
-0.65651,0.40935
-1.02658,0.13134
0.14284,0.48199
0.1509,0.15777
1.83577,0.48699
-0.45719,0.30431
1.59927,-0.16141
0.34606,-0.36156
1.17369,-0.29075
-0.9102,-0.83169
-0.8784,0.23293
-0.31216,0.20922
0.89271,-0.72467
0.17325,0.33587
0.7508,-0.54213
0.31596,-0.21605
1.02728,0.17875
0.197,-1.87245
-0.52649,1.3439
0.51405,-1.29057
0.09003,-0.11198
1.74834,-1.6367
-0.15972,0.29369
0.10902,-0.22454
-0.30644,0.08591
1.15611,1.01059
0.87462,-1.3228
0.6511,0.98068
-1.24669,-0.28096
-1.51655,0.55665
0.26487,0.5647
0.72204,-0.40193
1.4792,-0.99114
-1.79569,0.38105
-0.17031,-0.00554
-1.69046,1.09534
-0.96073,1.09174
-0.2211,0.91938
0.96302,-0.52871
-0.52662,-0.85718
-0.71818,0.78484
-0.31983,1.74766
1.25767,0.49331
2.41591,-1.3616
-1.54201,-0.37475
-0.2735,0.11502
-0.4303,-0.10331
1.1688,-0.80036
0.43567,0.41461
1.54073,-0.35558
-1.01213,-0.77851
0.01377,-0.59824
-0.45556,-0.26853
-1.09642,-0.03969
-0.15803,0.02252
-1.1845,-0.96034
2.17262,-0.76212
0.41729,0.96125
-1.01646,0.62855
-0.60605,-2.73035
1.73264,-0.93856
-0.47812,1.19388
0.69411,0.57078
0.58365,-0.28959
1.09273,0.10141
0.63472,0.14842
-0.21011,-0.19197
-0.5915,0.813
-1.77578,-0.67942
-0.04765,0.04345
0.1387,-0.24074
-0.36019,0.13926
-0.14364,0.82073
-1.21395,0.46318
2.17117,0.42991
-0.50101,-1.6606
-1.0354,-0.40298
-0.59701,-0.07537
-0.16847,0.16885
0.7419,8.28773
-2.42735,0.20883
0.51576,-1.21649
-0.61585,0.16305
-0.17923,0.52064
1.01746,-0.3338
0.7667,1.39655
-0.67818,-0.06386
-0.09273,1.04517
1.87401,-1.31632
1.3631,0.08014
0.87076,-0.48299
0.01163,0.37712
0.96578,0.60692
0.40044,0.33101
-0.54522,0.1675
-0.99704,-0.4202
0.52706,-0.76135
0.3865,-0.55566
1.21156,-0.12859
-0.47899,-0.49876
1.40685,3.0318
-0.36106,-0.62452
1.26039,-1.60786
0.55076,-0.27709
-0.57274,0.80068
-0.94309,0.40849
-0.11643,0.73793
-0.26016,1.71563
0.94427,0.16504
-0.68762,-0.01082
-1.47427,-0.38144
-0.01495,0.02631
1.92659,0.26654
1.6422,-0.45893
-0.61804,0.39687
-0.27046,-0.67856
0.32262,0.02504
-0.65959,0.36854
-0.24155,-1.81086
-0.27184,-1.83129
-1.0465,0.48922
-0.61499,0.51167
-0.48149,0.64505
0.23836,-0.1939
-1.17979,0.42819
0.10856,-0.07876
-0.97894,-0.8708
-0.80585,-0.28951
-1.12103,-0.76785
4.01501,-0.19317
1.25999,2.34502
1.34829,0.30073
0.81619,0.33087
-0.23216,-0.0897
0.07069,0.82354
0.29227,0.94699
0.45044,0.39632
0.5978,0.59959
1.52967,0.02969
-2.95719,0.07763
-0.55234,-0.8717
0.68017,-1.28911
-0.35549,-0.62991
-0.15413,0.4051
1.49367,0.44049
0.19407,-0.865
1.78507,1.67963
-0.04147,-0.0539
0.23957,-0.15916
-1.06463,0.89759
-1.98564,-1.48621
-0.4167,0.39244
0.06352,1.0175
-0.34392,0.48437
-1.34674,-1.26737
0.65854,-0.0121
0.07285,1.15283
0.01096,-1.08395
-0.77702,0.15181
1.6503,-1.11092
1.47914,-0.82145
0.30929,-0.18167
-0.11463,-0.54515
0.25414,-0.34654
1.69788,0.09061
2.81184,0.50543
0.01323,0.42357
-0.42579,0.06456
-1.81158,1.0686
2.7993,-1.17392
-1.10366,-0.58727
0.87428,-0.74716
0.50167,1.4177
1.33594,0.04485
-0.85967,0.74471
-1.62013,-0.77624
0.15048,-0.86916
0.41273,0.77443
1.15137,-0.9078
-1.68484,-0.26594
-0.45268,-0.21147
-0.26186,4.13588
-1.35265,-0.29431
-0.16133,1.00391
0.8022,-0.32892
-0.03215,-0.46047
-1.43814,-0.94551
0.3488,0.65304
0.86129,-1.30521
0.53897,0.01781
0.79251,-0.22864
-1.65184,-0.13771
0.46366,1.48362
0.60313,-1.24854
-0.37379,0.85398
-0.05243,-1.1808
-0.77004,-0.20732
1.23897,1.99289
-0.29613,0.99257
-0.94233,0.13758
0.18935,-0.8813
0.11445,-0.08558
0.67185,0.51571
-0.83227,0.79564
-0.67451,-0.10959
0.38671,0.07895
2.24092,0.64772
0.4704,1.3769
-1.3611,0.12876
0.17207,-0.12314
-0.77655,-1.95258
-1.85035,0.17483
-0.68221,-0.39018
-0.57299,-0.91046
0.42174,0.61077
1.32517,2.95284
1.14298,-0.43707
0.81323,-0.51008
-0.42983,0.00399
0.15966,-2.4728
-0.03666,-0.01854
1.41381,0.25907
-0.64984,0.43957
-0.54743,-0.81568
1.50142,-0.09438
0.58146,-1.50119
-0.44623,0.69754
0.16898,-0.64443
0.15374,0.94297
0.19329,0.27101
0.80588,-0.04408
0.37177,-0.72282
-0.17954,1.6544
-0.50243,0.71029
-1.72522,-0.42955
-0.4328,-0.18086
1.15113,-0.29483
0.23226,0.82655
-0.64886,0.66682
-0.23847,0.23692
-0.85308,0.53875
0.29614,-1.26328
2.01591,-1.65922
1.81629,-0.33028
1.20762,-0.01214
0.78993,-4.57235
-0.21979,0.95898
-1.23551,0.89818
0.01964,-1.1401
-0.44068,0.39391
0.84235,0.14533
0.16933,0.19405
-0.56593,0.70779
0.46402,-1.28309
2.93635,-0.63215
-0.89662,-0.18704
1.15012,1.82469
0.60925,-0.10731
-0.08421,-0.96423
-0.74511,-0.53476
0.03494,1.00915
0.23494,0.93552
0.7859,-0.39873
0.72075,-0.07009
0.33564,0.60551
-0.66815,-0.43054
0.31849,1.06739
-0.45223,0.12385
-1.03053,-1.2447
0.91233,0.30527
-0.65084,2.89011
-1.18331,-0.44572
0.09824,-0.84936
-1.91974,-0.29403
-0.05341,-0.3398
0.46028,0.82996
-0.40993,1.01627
0.24871,0.04483
2.16728,-1.38968
1.43554,-0.463
0.94252,-0.4562
0.60926,0.02277
-0.50951,-0.3509
-0.13221,0.50215
-0.27942,-0.26208
0.0336,0.09666
0.12272,0.52264
-0.80496,0.3807
1.61889,-1.37387
-1.03822,0.46491
0.36669,0.3969
1.03786,-0.85365
-0.02648,-0.25481
-0.66803,-0.28439
0.03342,1.00843
1.94286,-0.2538
0.6261,-0.20415
-0.28961,0.59683
0.58505,-0.17386
-0.19637,-0.9406
-1.87655,0.10309
0.24435,-1.11999
1.04309,-1.92437
1.15547,-0.23707
-0.06525,3.13046
-1.41298,0.57666
1.1993,-0.5887
-0.15497,1.12265
0.73768,-0.43821
1.13095,-0.03103
0.33861,-0.42941
-0.06246,-0.1367
-0.63039,-1.13263
-0.43557,-0.05649
0.02831,-0.23025
-0.46639,0.80786
0.36002,0.41704
-1.96144,-0.89463
-1.01893,-0.29068
-0.03862,0.58251
-0.70348,0.10432
-0.54749,1.43569
-1.1492,0.51909
0.66108,-0.71622
1.62042,-0.15351
-1.01999,-0.03406
1.13661,0.41411
-1.47007,-0.50567
0.12453,-0.29041
-2.02037,0.75537
0.46882,0.61761
0.00361,3.11027
0.1221,0.25257
1.19857,-1.22728
0.57283,-0.53565
-0.04824,-0.10996
-0.84249,-0.54757
0.02666,0.2942
-0.71812,1.50299
-0.44834,-0.40501
1.45266,0.29946
0.84959,-0.68283
0.26025,0.04645
0.60033,0.10707
-1.47256,-1.62035
0.07622,0.89523
-1.72344,0.59441
-0.69844,-0.56028
0.33612,2.51305
0.34211,0.46522
0.66424,0.71746
0.11606,4.01964
0.0088,-0.28515
-0.04674,-1.83446
1.35971,-1.31183
1.25307,0.85089
-1.50532,-1.00632
0.07837,1.81063
1.23807,0.83966
-0.31057,0.44783
0.16272,0.13173
-0.66167,-0.46135
-1.26395,0.24983
0.06623,-0.53999
-0.48092,-0.75807
-0.23854,0.24779
-1.52949,0.11776
-1.24716,0.9951
-0.22655,-0.56309
-0.54471,0.56823
0.44338,-0.06763
-1.16423,-0.42752
0.59178,2.12847
0.44756,0.02117
-0.03319,0.20986
0.51503,-0.23881
-0.21643,0.7482
-0.33218,0.06521
-0.16966,0.08764
-1.41136,0.15754
-0.18801,-0.20683
0.64389,-0.11181
-1.76004,0.91741
0.52801,-0.78594
-0.79394,0.21354
-0.5174,1.8431
-0.07323,0.09549
0.08427,3.56432
1.1977,0.2358
-0.30943,0.24065
1.54607,0.60284
-0.12258,0.23431
0.32281,0.15806
0.51404,0.3655
-0.82298,-1.25536
-1.27109,-1.57438
-0.03994,1.43369
0.55016,0.04583
0.71796,0.29364
-0.49596,-0.28035
1.62542,0.9514
-0.24866,0.46575
-0.79295,0.52956
1.05319,1.65813
1.12731,0.19449
-1.03278,0.65986
0.75395,-0.90929
-1.32653,-0.3837
-0.01115,0.01806
2.22259,0.49687
1.2562,-0.90919
0.68209,-0.18619
0.63289,-0.06135
-0.83016,-0.79513
0.33288,0.42526
0.45354,-0.15142
-1.02249,0.58031
0.21753,0.28119
0.56473,1.05382
0.23616,-0.43412
0.45394,-0.16783
-0.19957,-0.13796
-1.09072,-0.89733
0.06515,5.01119
-1.8843,-0.4797
-0.67823,-0.60114
1.12826,-1.47872
1.82256,0.25663
0.44775,-0.17113
-2.36387,0.18539
1.3792,-0.84987
0.58753,-0.194
-0.14245,0.93429
0.79633,0.18149
0.59482,-0.47716
-1.14062,0.2963
-1.24441,-1.05411
1.08967,-0.7293
-2.23747,0.39688
0.65289,-0.55782
0.37072,-3.64873
1.03499,-0.60208
1.7989,-1.64107
1.39541,-0.63422
1.61552,0.1472
0.88492,0.04083
0.5727,0.16326
1.1389,0.37339
0.06097,-0.30823
-0.83754,3.02752
-0.00514,1.00418
-1.52339,-0.13462
-0.47628,0.02779
2.13377,-0.09212
0.58989,-0.58108
-0.10401,0.13703
-0.52861,0.86326
-1.69879,-0.08718
-0.46906,-3.62
-0.70931,-1.68442
0.06292,-0.14575
0.14164,-0.71918
-0.00807,0.42218
-1.84942,0.00855
1.50607,-0.62368
0.49524,-1.04528
0.06111,0.48925
-0.27262,-0.6814
0.48906,-1.89857
1.29187,-0.97017
0.65252,0.35066
-1.11434,-1.11095
-1.21021,0.62475
-2.32003,1.28084
0.15964,0.04867
0.74332,-0.40407
1.24209,-0.4066
0.15514,-0.72905
0.83381,0.12876
-0.89926,0.78896
0.53232,-0.90431
-0.11481,1.11698
-0.65818,0.43555
-1.67374,-0.2889
1.15653,-5.34134
-2.24987,-0.1611
0.6253,0.31161
-0.80222,-0.17542
0.60582,-1.26984
-0.55498,-0.73508
0.75016,-2.29054
-0.22014,0.33853
-1.04772,0.50389
-0.52069,-0.64625
-1.61548,0.90413
0.26983,-0.09466
1.0361,-0.39322
0.41428,0.60679
0.10155,-0.17649
1.28414,0.23053
-1.17048,-0.79484
0.55073,-1.27735
0.00511,0.8895
-0.47491,-0.35512
0.5452,-0.2649
-1.1485,0.45277
-0.13801,0.08317
0.33367,-0.62287
-1.16842,-0.54786
-0.23797,-0.31875
0.52259,0.368
0.94841,-0.47573
-0.94565,-1.75038
0.89595,-0.56845
-0.29823,-0.59634
0.08972,0.10812
-0.55184,-1.74637
0.77717,-0.4088
-0.70828,-0.13013
0.27944,0.89624
0.37555,1.26966
0.75165,0.19745
-1.04284,-1.53284
0.77028,0.22207
0.0295,-0.16108
1.44794,-0.55116
-0.34768,0.44702
-0.57205,-0.02064
-0.06139,-2.37049
-0.31712,0.61328
-0.17466,1.07187
-1.27379,-0.34586
-2.08759,0.40048
-1.47478,-0.19812
-0.59811,-0.38431
0.42115,-1.2511
-0.31965,-0.7481
-0.96806,0.28126
-0.16428,0.1291
0.05346,0.8475
2.75248,1.31695
1.27006,-3.85481
0.17909,1.12714
-1.46307,-0.33188
-0.18444,-0.83721
-0.31326,-2.18845
0.54656,1.51049
2.11367,-0.00516
-0.07377,-0.30623
-1.9787,0.91674
-0.12476,0.2407
-1.68509,0.35894
0.83073,-0.667
1.09786,-0.07858
0.32874,-0.762
-1.49133,-0.08405
-0.18335,-0.62715
1.20883,0.73979
-1.00756,-0.20228
-0.59582,-0.1236
0.25219,1.00764
0.4941,-0.14732
0.07678,1.97542
0.33768,-0.55873
0.20611,1.25537
-0.58218,-1.1501
-0.08352,-0.03146
0.28281,0.72533
-1.09218,0.89308
0.19399,-1.01384
0.0972,0.35469
0.46133,-1.53763
0.34776,1.41537
-1.04914,-0.74972
-1.25844,0.79025
0.25008,-0.23047
-0.15062,-0.64432
0.10054,0.22313
-0.56354,-0.11927
-1.27784,0.17741
0.26757,-0.16685
-0.13211,0.01895
0.61375,-0.06878
1.09081,0.16593
1.09181,0.59144
0.98765,0.82324
-0.96018,-1.17599
-2.11208,0.64207
-0.61702,-0.32642
-1.21316,-0.70167
-1.32322,0.21505
0.64971,2.87643
-1.61654,-0.29335
0.9055,0.23551
1.08773,-1.5233
2.65322,-0.81777
1.03048,-0.38462
2.0883,-0.6695
-0.64873,-0.14723
-0.68929,-0.79855
0.97011,-0.02265
-1.32157,-0.67326
1.13251,0.59653
-0.2814,1.8634
-1.97198,-0.19389
1.84211,-0.54132
-1.12659,0.29588
2.48941,0.03375
-1.48244,0.25007
-0.85306,0.30163
0.20654,0.76811
0.00631,-0.14456
-1.58638,0.03607
0.10066,0.73596
0.17945,-0.92869
0.44757,-0.36542
-1.61337,0.42955
-0.6118,0.05859
-0.11297,0.43906
0.7983,-0.66694
0.15913,-0.83904
-0.35304,-1.15277
-0.43053,0.96959
1.45296,0.29844
-0.82406,-0.95204
0.29225,-1.20034
-2.17425,0.06454
1.69428,0.48285
0.45293,-0.25197
-1.76482,0.30309
0.59943,-0.30707
1.38204,0.76203
0.81226,-0.48907
0.07001,0.90293
0.84043,1.24545
-0.74803,-0.14857
-0.25884,-0.38902
-0.36221,0.76897
0.07093,-0.47461
-1.04817,0.13685
1.37222,-0.57478
-0.12945,-0.07698
-1.08348,0.68384
-0.22282,-1.32122
0.36036,0.04133
0.04042,0.58458
1.09495,-0.41043
-0.362,0.20324
-0.77524,0.97039
0.49612,12.73346
1.27381,1.00545
-0.9711,-6.0482
-1.59186,-0.42329
-0.64929,-0.24145
-0.08174,1.2123
-1.03547,-0.10988
0.1555,-0.32602
-0.87051,-0.2867
0.88394,0.49267
-1.19525,-0.62333
-0.92275,-0.08765
0.06125,0.22039
0.6641,0.54859
0.90974,0.63823
-0.70096,1.17661
0.00589,-0.11373
0.52573,0.23748
1.41181,1.03001
-0.90549,-0.43732
-1.26089,-0.3334
0.4677,0.14182
-0.26712,1.13355
1.3315,-0.03379
0.00874,-0.6448
0.30805,-1.3451
-0.80169,-1.92853
0.26254,-0.52884
1.20633,1.78969
-0.26474,0.18061
-1.20938,0.36072
0.86693,-0.01977
-0.32722,0.32366
0.0376,0.19273
-0.73262,0.34005
0.92298,0.7244
-0.76432,0.26894
-0.50176,-0.11221
-0.0124,3.64729
-0.22153,0.39512
-2.26268,-0.09969
0.44969,-0.33389
-1.18679,0.34839
0.2366,-1.145
-0.41109,-1.50887
-0.14486,0.15351
-0.75681,0.21088
-1.08397,0.26868
0.12152,1.20772
0.19359,-3.82393
0.98655,-0.14241
0.51555,0.52147
-0.72351,-3.58848
1.14429,-0.03036
2.18192,0.42361
0.69325,0.34965
-0.21459,0.34082
-0.99126,0.17788
0.06385,-0.20892
-1.46112,-0.80438
0.76821,1.2261
-0.40619,0.27937
-0.60107,0.38078
0.23077,-0.68292
-1.26784,0.34288
-1.76726,0.38466
-0.46548,-0.07063
1.18784,-0.18742
-0.87738,1.68987
0.84111,-0.40122
-1.86713,0.0652
-0.09455,0.42987
0.48021,-1.0177
1.75497,0.10632
-1.79031,-1.00853
-0.09583,-0.70461
-0.93745,0.60487
0.27377,-0.91033
-0.58368,3.87505
0.07033,0.2603
-0.78717,-0.18077
-0.58586,-0.0182
0.36704,-0.33938
1.45706,0.20901
0.17599,0.17043
0.08887,-0.09396
-0.49563,0.40339
1.54273,0.30893
-1.97071,-3.38911
-2.02151,-0.46918
-0.81124,-0.13729
0.40697,-0.18132
0.91222,2.55101
0.53402,-0.54235
0.71757,-0.47892
0.13044,0.53924
-0.50127,-0.03951
-1.09094,-0.62507
0.41393,0.00601
-0.97836,-0.53671
0.3858,-0.67775
0.70659,-1.11096
-0.64869,-0.11345
-0.47928,-0.05548
-0.58115,1.7975
0.64871,1.67592
0.12248,-0.8373
-0.69888,0.1283
0.23323,0.42755
1.46852,-0.25689
0.24757,-0.13828
0.09259,-0.03255
-0.43094,-0.35029
-0.9591,2.33788
-0.02884,-0.42901
0.03356,-0.88233
-0.3399,-0.459
1.14436,0.535
-0.26461,0.51464
-0.19065,0.83035
0.16042,1.0635
0.4973,0.66638
-1.81287,-1.14603
0.23079,-0.22756
1.21507,-0.05243
-1.13738,0.37267
0.35712,0.90374
-0.53467,-0.47253
-1.0136,8.09214
0.2334,1.48759
-0.12935,-0.7766
-2.09384,0.48655
-0.61249,-0.67082
0.77968,0.69828
-0.61083,-0.54695
-0.76664,-1.08629
-0.39405,0.96898
-0.46816,0.16584
0.7105,-0.06135
-0.86971,1.14421
-1.18433,-0.84692
0.40186,-3.23335
0.95914,0.26043
0.66924,-0.57566
0.80735,0.05886
-0.66794,0.27224
-1.48355,-0.26334
-0.71966,0.51127
-0.04522,0.33539
-1.70431,0.66083
-0.32104,0.67735
0.55511,0.14042
-0.70541,0.71924
1.94731,1.22641
0.72373,-0.91597
-1.22436,0.00524
-1.14001,0.17414
-0.71897,0.6661
0.68221,-0.22243
0.44252,-0.18924
-0.57361,-0.5717
0.14967,-0.26178
0.77291,0.75643
0.49959,-0.22246
-1.60731,0.23623
-1.09375,-0.15141
-0.92384,-0.49215
-1.72912,-0.64539
0.8312,-0.87398
-0.65521,-0.09166
-0.66666,-0.38428
-0.84653,-0.70827
0.28037,-0.28183
0.54233,-0.53249
0.64929,0.1824
1.20664,0.52533
-0.93985,-0.08913
1.59107,-1.36727
2.43621,2.529
-0.54144,-0.01727
-0.37359,-0.83059
0.58084,-0.47417
1.21085,-0.01351
-0.28188,-0.21822
-0.81429,-0.29252
2.04586,0.48522
-0.51106,-0.05034
-2.73322,-0.089
0.51832,1.99106
0.97653,1.14972
1.68382,0.24583
1.748,-2.158
3.0612,0.35394
-0.56264,-0.16631
-0.98587,-0.34595
-1.45409,0.79025
1.69284,-0.56118
-0.44145,0.53469
-1.6795,1.00447
-2.05764,0.81234
0.11891,1.1245
-0.43618,0.23518
0.30525,-0.54547
-0.86202,0.0467
-0.74159,-0.34801
0.45977,-0.41329
-0.20841,0.53565
0.56791,1.5953
-0.13551,0.67185
-0.29291,-0.80036
0.35222,-0.42617
-0.33386,0.0364
0.16879,-0.63349
0.4375,0.10575
-0.51756,-2.69215
-0.12548,-0.9525
0.09394,0.66848
0.66003,0.89472
0.2266,-1.35927
0.23604,-0.01968
0.45264,0.28741
-0.31923,0.79138
0.34549,0.56187
-0.74276,-0.32712
-1.82586,1.22791
0.39778,-0.20905
-1.95984,-0.59857
-0.16467,-0.17389
1.51492,-6.12335
0.70772,-0.46095
-1.02496,0.05222
0.72045,0.32783
0.225,0.15033
-0.84344,0.5553
-0.10987,-0.36376
-0.54245,-0.40996
-0.32217,-0.21548
0.31953,-2.09496
-1.55367,0.67778
0.83003,0.3322
1.989,0.05204
-0.16686,0.5357
-0.97685,2.80893
-0.41412,-0.46303
1.21058,0.34774
-0.5079,-0.41604
0.46677,-1.30492
2.26379,2.33842
-0.72317,-0.78185
0.09705,-1.49642
-0.57007,3.17675
-0.36968,0.15224
0.11709,0.83777
-0.74188,-0.3677
0.45231,-0.77805
0.17621,0.2162
1.16124,0.76671
0.68397,-0.05251
0.38301,-0.90217
1.49622,0.61824
-0.18894,-0.5466
0.63447,0.01636
-0.63077,0.03619
1.43365,0.11767
-0.70745,0.30532
0.98593,0.13428
-0.69294,-1.07675
0.24381,-1.03687
-1.02534,0.11877
-0.7271,-1.52975
-0.90444,0.45828
0.47687,0.52261
0.56805,-0.07759
0.79946,-2.18579
0.44901,0.29334
-0.14833,-2.68934
0.72389,-0.81079
1.61083,-2.4398
-0.30399,-0.85931
-0.66739,0.49189
0.63795,0.32127
2.11059,0.08788
0.0024,-1.42864
-0.23645,-0.57831
-0.91145,-0.85486
-0.62655,1.18224
-0.84143,-0.13246
-0.86437,0.00235
1.14508,0.18291
1.35972,-0.20308
0.20087,1.51067
0.20671,0.45438
0.92182,1.25686
0.13083,0.10004
0.22338,0.09478
0.71048,0.5652
0.07873,0.73743
1.39946,-1.53276
3.34335,0.04048
0.12474,-0.45753
0.40542,0.54939
-0.69598,0.04003
-0.31734,0.43632
0.21714,0.59301
0.54793,0.20229
-0.0566,3.82274
-1.05452,-0.22354
0.51638,0.47571
-0.39629,-0.71128
0.53698,-0.94511
-0.0861,-0.4199
0.00503,-1.15293
0.05587,0.16198
-1.97527,-0.3706
1.36333,0.32909
-0.77103,-0.13027
0.49171,0.18904
0.68342,-0.28574
-0.42767,1.02922
-1.21651,0.5349
0.70694,-0.59087
-0.81676,-0.61629
0.05048,-0.29574
0.58524,0.15437
-0.3455,0.98553
-1.57917,-2.82821
-0.54974,0.94126
0.61792,-0.14867
-0.68757,-0.65108
0.98964,0.06301
-1.41077,-0.7169
-0.84637,0.45247
-1.63748,-0.03516
-0.8461,0.52639
1.60321,2.32576
0.65792,-0.68788
-0.18077,0.13237
-0.54111,0.09033
1.21771,-0.52833
-0.04888,-1.17852
-0.91693,0.89035
1.60831,-0.65047
-1.24344,-0.06108
0.25047,0.15752
0.70002,0.11916
1.01813,-0.48722
2.01881,1.15171
0.89003,-0.50288
-0.63918,0.20645
1.196,-0.00429
0.35025,-0.12202
-1.16769,-0.324
-1.02839,-0.36175
-0.76553,0.48968
-2.11166,0.92282
0.46637,0.55045
0.59458,0.29836
0.51976,0.14661
-0.79223,1.14865
-0.02396,1.2302
1.21596,1.20295
0.40419,-0.54818
-0.11807,0.19363
-0.71364,0.98272
-0.01859,0.34412
1.29418,-0.5862
0.04683,-0.54785
2.30659,-0.03641
2.43698,-1.12305
0.73454,-0.36944
-1.60078,-0.11005
-0.23558,2.59463
1.29177,-0.37442
-0.53656,0.58109
-0.66703,0.09178
0.04185,-0.61928
2.69337,0.60811
-0.45377,-0.494
-1.92554,-1.05276
0.30289,0.80547
0.41309,0.26011
0.75742,-0.35667
0.0892,0.28171
0.35837,0.34898
-0.45337,-0.21263
0.97289,-0.82893
-0.01205,-1.0583
0.52853,0.42141
-0.72504,-1.35959
1.40162,0.3462
0.25603,0.01809
-0.41758,-1.93278
0.05602,0.66833
-1.08956,0.03594
-0.59165,5.03003
0.83371,-0.39277
0.61482,-0.26163
0.84615,0.09933
0.71777,-0.21059
-0.26892,0.13642
0.11134,-0.9103
1.89664,0.37389
-0.1008,-0.1702
-1.52773,-0.63486
-0.01189,-0.60537
-0.41734,0.73765
-0.10999,0.22114
0.00975,-4.33183
-1.04057,0.65
0.40644,-0.5361
-0.18334,0.55518
0.56923,-0.40242
-0.71962,0.96358
-1.01478,0.13588
-0.45982,2.52246
1.61902,1.28484
-1.83923,-0.2791
1.05609,-0.47288
-0.09008,-0.62168
1.10821,-0.25235
-0.43494,2.79947
0.34126,0.94237
0.31719,-0.25372
2.07297,-0.8425
-0.17338,0.50931
0.18566,0.09729
-0.81614,-0.37853
0.24527,-0.82087
-0.79785,-0.93465
-0.17011,0.5832
0.3251,0.67151
0.50106,-0.59429
-0.96182,-0.49004
-0.94159,1.16815
1.10864,-0.23783
-0.58145,-0.31493
0.12439,0.2169
-0.33853,2.36575
-1.62725,-0.14343
-0.16102,-0.23736
-0.17671,-0.18145
1.70989,-1.53539
-1.95121,-0.48583
-0.58209,-0.03744
0.56011,0.35755
-0.58878,0.43432
-2.20308,0.21412
0.56348,-0.97097
0.11302,-0.65119
-0.90001,-0.56214
-1.0478,-0.06114
-0.73921,-0.82605
0.13294,-0.69145
-0.23678,-1.11807
-0.71632,-0.24339
0.27897,-0.10778
0.97723,-0.38572
-0.66325,0.93421
1.48997,0.39949
-0.03598,-0.29728
0.52816,2.09592
0.34779,-1.25273
0.42491,1.08851
0.16111,1.64151
-2.32207,0.8482
-1.02121,-0.00335
0.79463,-0.14216
-1.1194,0.981
0.02737,0.50958
-1.63424,-1.57224
-0.6982,0.20591
1.43707,-0.45973
0.15244,0.18656
-0.95251,1.02064
-0.72685,-0.20552
-1.78012,-0.25849
0.35588,0.21645
-0.34653,-0.1729
0.6167,-0.66297
0.67556,-0.29273
-0.40976,-1.14024
-1.06685,-2.21593
-1.32115,0.41166
-0.52602,0.53583
-0.11231,0.09598
1.23705,-0.44614
-1.07996,0.96383
0.3138,0.0234
-1.17451,-0.17964
-0.71275,-0.734
0.62899,-0.28698
0.37209,-0.9249
-0.67091,-0.08307
-0.78799,0.17169
0.95219,-3.46083
-0.32315,0.99114
-0.44941,0.23042
-1.19359,-0.53541
2.34571,-2.56274
1.68874,0.08986
0.3825,0.39847
2.08216,0.09629
0.36647,1.01894
-0.4538,0.26053
0.43098,-0.48201
1.3082,0.8336
-1.20554,0.82758
1.14218,-0.46321
1.0985,-0.49677
1.41726,0.36322
0.41327,0.59235
1.04354,0.43445
-1.77927,0.40373
-0.11308,0.114
0.97291,0.79145
0.50133,-0.26715
0.22494,-0.41006
-1.28047,0.12054
-0.20712,-0.76358
-1.7591,0.16889
-0.27783,-0.05453
0.2952,0.26359
-0.55003,0.16887
0.44566,0.29026
-0.02578,-0.39715
0.85788,-0.18242
-0.37912,0.30184
-1.62625,1.37794
-1.28409,-0.85114
-0.787,-0.3124
-0.02646,0.31701
0.07307,-0.04111
-0.75986,-0.54694
0.09143,0.03662
-0.67291,-0.01759
0.62502,-1.12844
-1.33934,-0.83946
1.14996,-1.45048
0.27494,0.00624
-0.39533,-0.18704
-1.06923,0.0094
0.55914,-0.16166
-0.58085,-0.40404
0.66562,-0.02178
1.85087,-0.03072
0.20305,0.99756
0.27763,0.04762
0.58454,0.55427
-0.47953,-0.33176
1.99071,-1.38902
-0.14437,-0.96756
0.76743,-0.7586
0.4235,0.73015
-0.48409,0.53857
1.46197,-0.4744
0.48625,-0.86742
-0.52758,0.41425
-0.51635,-0.23837
-1.77837,-0.75859
-0.92248,-0.10259
0.9791,0.06439
0.9944,0.39179
-0.76813,0.54877
0.78222,-1.1574
1.13611,2.28316
0.93929,0.55305
1.41477,0.50772
-1.71901,-0.4363
0.37395,-0.53595
-0.77506,3.52156
0.84486,-0.20848
-0.56529,-0.61071
0.27189,2.10079
1.04071,0.53846
-1.39875,1.05236
-0.48576,-0.52379
-0.5406,1.51649
0.11544,-1.40405
-1.41766,0.54623
0.91892,-2.58698
2.04827,0.34957
-0.15381,0.0844
0.63338,0.80488
-2.53277,-0.2748
-1.09177,-0.26455
0.75424,-0.17324
0.38147,-0.27784
0.74816,0.5788
1.40719,0.80824
0.17137,-0.55937
-0.17001,-0.40931
-0.39623,-0.98321
0.16784,0.25526
-2.04921,-0.2643
1.52862,0.63902
-2.11273,-2.68189
-1.53759,-0.02777
0.1052,-0.60655
0.96824,0.00463
0.57565,-0.69952
1.51836,0.33255
-0.41399,0.46352
-0.62351,-0.71833
0.56765,-0.00312
-1.105,-0.56992
0.22073,-0.18723
0.52218,0.1385
0.30525,0.63199
-2.0223,-1.24808
-0.22747,0.37407
-2.03484,0.75583
0.85537,1.8816
-0.438,0.82728
0.98931,0.86584
1.31154,0.19396
-1.34754,3.96957
0.90751,-0.34171
0.39333,0.80741
1.4878,0.01971
-1.26192,0.14985
-1.27362,-0.30771
-0.78767,0.27311
-1.84105,-0.6998
0.12286,-0.1492
-0.7244,-0.74699
0.18965,-0.62049
0.33338,-0.41016
0.82866,0.14085
-1.33116,-0.12323
0.71913,0.29368
0.7119,-0.6142
-1.00473,0.61923
-0.63276,1.07355
-1.46867,-0.10796
1.19962,0.63329
1.31562,0.14757
-0.86902,0.07877
-0.13081,1.22704
0.37574,-0.73085
0.67089,-2.12437
-0.09925,-0.1394
1.6178,-1.8916
-0.96349,-1.18878
0.82663,-0.7347
0.06468,0.22359
0.26133,-0.06189
-0.76328,0.75987
-1.75307,0.20559
-0.54684,-0.33129
0.44159,-0.21327
-0.86077,0.14397
-1.71662,-0.53709
-0.19866,0.55887
-0.05292,0.18798
-1.0287,0.56111
-0.14654,-0.43325
0.37997,3.82558
0.17682,0.36251
0.88247,0.68383
1.14824,-0.44799
-0.06461,-0.06214
-0.83486,-0.47155
-1.76706,0.60931
0.96577,0.64483
0.31182,-0.20242
0.97156,-0.02689
-0.84935,-0.25237
0.09211,-1.06749
-0.84136,1.06914
-0.92799,0.32009
-1.48339,0.35482
-0.26123,-0.45786
0.43987,0.88179
0.73831,-0.51685
0.20194,0.63193
-0.3163,-0.42463
1.96892,0.28777
1.50196,0.03194
0.97875,-0.25271
0.11384,0.62916
1.23014,-1.03336
-0.79124,0.19045
-1.30307,-1.58158
0.58965,-0.02391
0.13554,0.90997
1.00989,0.87518
-0.81639,-0.5988
0.25793,1.35264
-1.07032,-0.95828
-0.3762,0.64428
0.43028,0.59205
-0.10019,-1.98885
-0.97065,-0.36235
-1.47909,0.21247
-0.41844,1.51828
-0.9517,-0.18655
-1.46969,-0.60823
0.05266,-0.24539
-0.94047,0.07693
1.23504,0.68258
2.03308,-0.80433
1.08186,-0.17343
2.75212,-0.72554
-1.24492,0.00198
-1.741,-2.43845
-0.17281,1.17802
-1.78581,-1.0111
0.11356,-0.55146
0.84949,1.37379
0.74873,-1.785
0.94262,-1.37353
-0.2344,-0.51359
-0.09531,-0.11325
0.21618,-0.63582
-0.08522,0.11925
0.89854,-0.29032
-0.43268,-0.41632
-0.07156,1.27617
-0.72009,-0.00808
0.92962,-0.37206
0.09417,-1.3215
0.10391,0.13542
-0.51407,0.05316
-1.79803,-0.06672
-0.48224,-0.17054
-2.19047,-0.20049
-0.09932,1.40086
-1.26183,0.06858
1.23565,-0.38591
-0.6709,0.00426
-0.10174,2.47333
-0.5266,1.04445
-1.17298,0.63749
-1.57153,-0.01979
-2.54365,0.39917
-0.68655,-0.11133
-2.06488,-0.46012
1.07634,-0.96393
-1.33035,-0.82186
-0.64643,0.19459
-0.07189,0.12778
-0.19745,0.88712
1.11692,-1.08137
-0.11216,0.96956
-0.53001,-1.1554
-0.16224,-0.15598
1.48551,0.51311
0.73272,-0.20475
-1.98997,-0.81159
-0.23499,-2.38449
-0.94739,-3.78194
-0.02093,-0.72369
0.58665,0.24341
-0.02979,-0.33886
0.56283,0.44483
1.63859,-0.13095
-1.77212,1.36275
-0.0782,0.15301
0.0212,1.17864
0.41364,0.23517
0.06362,1.29095
0.88614,0.29386
-0.04938,-1.19899
0.4048,-1.08374
-1.57186,0.22012
0.16626,-0.75086
-1.23004,-0.40232
0.54941,0.72327
1.72825,0.91207
-0.07905,-0.31686
0.41063,-0.24873
0.7223,-0.59638
1.35598,0.72544
0.7688,-0.02398
1.21788,-2.71612
-0.53173,0.11299
-0.07662,-0.09112
-1.45107,0.53254
2.19984,-0.24936
-1.17252,-0.81731
0.9153,-0.13465
0.16637,0.38729
0.12497,1.22746
-1.15896,-0.01866
-0.03103,-0.31802
0.09332,-0.50003
0.41732,0.38853
-0.32575,-0.53573
0.25012,1.35758
-0.94364,-0.06798
1.21327,1.41958
-0.63468,0.26629
3.59889,0.60895
-0.29561,-0.70543
-0.62489,0.11994
0.20429,0.94819
-0.10813,0.50599
1.10986,-0.14178
1.24406,1.16589
-0.58577,0.27387
-0.62788,-0.56773
-0.7042,-0.17728
0.51424,0.05268
1.02229,-0.3538
0.70941,0.15883
-0.09021,-4.41033
0.09084,0.55619
0.71562,0.43957
1.29694,-0.24137
0.02314,-0.2399
1.23014,0.12855
-0.27136,-0.16504
0.25936,0.71281
1.18576,0.31318
-0.79399,0.06547
-1.6507,0.80698
-1.04215,0.24287
-0.085,-0.07284
-0.96918,1.10218
-0.06948,0.75976
1.41535,-1.09948
-0.29935,1.37605
1.37017,-0.14801
0.91425,-0.43234
-1.00233,-0.37057
1.01293,-1.01001
0.91078,0.98101
1.02562,-0.98623
0.261,0.75368
0.32309,-1.87563
-0.4988,0.1226
-0.81673,-0.37044
0.00363,0.62981
0.76399,-0.25961
-0.53561,-0.61294
1.68185,0.42069
-0.37318,0.73801
0.39503,0.92329
-1.26006,-0.66756
1.62223,0.55605
0.80513,-0.2073
1.37656,-0.18952
-1.10716,-0.06902
1.53042,-0.55794
0.57251,0.78676
-0.50695,-0.35159
-0.28882,-0.10339
-1.38169,-2.46267
-0.06499,0.57563
1.00408,-0.16985
-0.73747,-0.2229
0.49514,0.26979
-1.08226,0.22947
-2.5364,0.69337
-0.07053,0.06102
1.57934,0.04136
1.30156,0.30789
-0.56503,-0.55527
1.35697,-0.77545
1.13361,-0.68242
0.4668,0.50261
-0.26447,1.16871
1.0664,-0.10996
-0.01182,0.42494
-0.31638,-0.03098
1.12037,0.50768
-0.61913,0.64982
0.74452,1.34455
1.54531,0.39205
-0.61908,-0.21125
0.2323,0.28514
0.58796,-0.09515
-1.70165,0.06836
-0.44573,-0.50449
-0.50733,-0.16595
-0.49763,-0.22393
-0.83176,0.06646
1.31604,-0.08253
-0.87372,-0.35789
-0.07963,0.15732
0.61667,0.10771
1.58005,-0.61823
-1.57617,-0.09879
-1.28387,0.90244
-1.03956,0.2309
-0.29105,-0.18432
0.94441,0.52873
-0.12276,0.17247
0.16092,-0.0221
1.54193,0.09737
-0.30544,-0.8808
0.18618,0.01785
1.99076,-0.82592
0.80125,-0.8174
-0.58656,-0.27844
-0.62447,1.35901
1.1392,-0.90844
-1.114,-0.06253
-0.85684,0.61024
0.82968,0.16551
1.36505,0.05264
1.70086,2.41014
-0.9468,0.86526
0.54894,0.02079
-3.28517,0.1993
-0.81078,0.90407
2.97184,0.60178
1.60453,0.39028
0.76113,-1.36742
-0.87434,0.00466
-1.20084,-1.12845
1.16322,-0.18922
-0.09882,0.75583
-0.75091,-0.428
0.78944,0.8353
0.74714,-0.10542
-0.63511,0.10263
-0.37359,0.05251
2.27968,-1.98163
-0.91297,0.90098
1.0832,-0.3914
-0.63371,0.41746
-0.7872,0.36907
-0.97548,-1.20755
-0.05159,-0.06131
0.04853,0.46493
0.80903,-0.24615
-0.67309,-0.20591
0.47826,0.40563
-0.49277,-0.88925
-0.66338,-0.9913
0.70167,-0.38948
0.51737,0.17901
-1.45333,1.56926
0.21645,0.17125
-1.76773,0.19802
-1.01092,-0.31762
1.67076,-0.87555
1.36576,0.27587
-0.14585,1.08692
0.64449,-0.57503
1.30787,-1.45955
1.76398,0.08589
1.75235,0.99231
-0.73369,-0.75491
-0.02021,-0.09038
0.13416,0.5312
-2.40027,0.44294
-0.73484,1.4182
0.41043,0.1951
-0.20521,0.39249
-0.5946,0.64635
-1.16606,-0.50357
-0.57251,0.57506
-0.02249,-0.47537
-0.31395,-2.50937
1.13978,0.27409
0.81548,0.32054
-1.28718,0.29469
0.93541,1.26013
0.02904,0.92484
0.76278,-1.00634
-0.65755,-0.12628
0.89665,0.4103
-0.71366,0.07634
1.01957,-0.62144
-0.02983,-0.14143
-0.25851,0.28492
-1.31791,-2.32733
-1.61063,-1.42682
0.86381,0.86411
-1.11888,0.82613
-1.17406,0.23284
0.39594,0.79714
0.01976,2.52295
0.58037,-0.45702
-1.31129,-2.64509
-2.12226,-1.2789
-0.90768,-0.73138
0.99487,-0.69637
-0.03581,-0.07306
0.43462,0.16679
0.51768,-0.15217
0.16471,0.28553
0.16668,-0.13781
-0.20845,1.06262
0.21659,-0.03722
0.3222,1.00202
-0.65054,-0.87749
0.59694,0.09375
-0.00185,0.56861
-0.08372,-0.6045
-0.15731,-1.76329
0.87851,-0.43196
-0.1444,-0.33339
1.18901,-0.35054
-1.00048,0.22557
0.57459,-0.85087
-1.53923,-0.01749
0.05257,-0.23547
-0.50113,0.64105
-0.4562,-0.60188
-1.03393,0.56901
-0.02595,-0.11014
0.54093,-0.26786
-1.83053,0.10934
-0.1303,-0.30846
0.18042,-2.02848
0.60394,-0.17257
0.35235,0.8866
-1.07816,0.43422
0.98678,-0.63017
-0.86856,-0.91365
0.48879,1.17557
0.18668,-0.32672
-0.58363,-0.60996
-0.90936,-0.1692
-0.21926,2.19801
1.42278,0.2654
0.63032,0.3543
-0.5813,-0.13309
0.71739,-0.18407
1.65048,-0.76863
2.14312,-0.33922
-1.71324,0.2798
0.71853,0.75744
0.82388,1.49196
-0.80618,-1.04289
-1.85978,-0.85108
1.25538,-0.9982
-0.4631,1.53173
-1.6141,0.46932
-1.06757,0.90287
0.72732,0.80354
2.17458,0.55318
0.92689,0.86631
-0.8572,0.26479
1.26456,0.8808
-1.86642,-0.62519
0.99123,0.35591
0.92346,0.16991
1.7909,0.63074
0.98055,0.34305
1.14146,-1.85138
0.12192,-1.04392
-0.32401,-0.08212
0.04355,-0.41537
1.93316,0.17785
-0.55088,0.50497
-0.03722,0.2174
-0.4417,-0.1558
0.69177,0.27046
0.50088,1.19066
2.05462,0.03453
2.1953,-0.00889
1.15629,-0.08983
0.9191,-0.17672
-0.1052,0.17417
-1.45975,1.49104
0.19501,0.22011
0.07119,1.25976
-1.10014,-0.2968
0.24864,0.21088
1.00361,0.0007
-0.85859,0.35405
0.91482,-1.04404
0.44238,-1.04159
-0.51177,0.57207
0.14303,-0.893
0.78603,1.05794
-0.14989,0.0633
-0.03032,1.05565
1.35031,0.26461
0.59071,-0.74487
0.56905,0.57504
-0.47183,0.65498
0.73726,-0.33466
1.53411,0.14154
-0.91189,-0.04859
-1.62195,-0.03966
-0.77349,-2.07653
-0.10127,0.63596
-0.9777,0.38936
-1.66876,-0.58095
1.67957,-0.01487
-0.39332,-1.2417
-0.79237,-0.3213
-2.86048,0.71581
0.93656,0.60749
-1.53461,0.93303
1.34543,0.62397
0.59164,-0.28076
0.24091,-3.07923
-0.19255,-0.2148
0.98684,0.29971
-0.54797,0.20684
0.39543,-0.52191
-0.4787,-1.5856
-0.29399,-0.79391
1.60327,-0.95339
1.1434,0.16203
-0.9179,0.51857
-0.84715,-0.50861
0.06149,1.81586
-0.11183,-0.37896
0.51852,-0.33121
-0.36156,0.52412
-1.03094,1.31309
0.85196,-0.32565
-0.20433,-0.63212
0.71148,-0.08183
-0.88788,-0.26503
1.54306,0.1001
0.29892,0.02329
0.28276,0.10699
0.40333,-0.10822
-1.57129,0.05921
0.7296,-0.27052
-0.50557,-0.7312
-1.11803,0.26823
0.40833,0.22382
1.7598,-0.19735
-0.69141,-0.21048
1.5831,0.04112
-2.21937,0.22705
0.32272,0.59984
-0.58666,0.39215
0.27136,0.21246
2.18326,-0.63509
0.70033,0.0678
-1.49346,-0.34359
1.4965,0.11437
-1.05621,0.24281
-0.5604,0.1038
-0.90163,0.55654
0.14851,-0.3081
-0.09835,0.33025
1.67324,0.10862
0.36838,-0.71374
0.72296,0.72544
-0.13615,1.19466
1.16122,0.48539
-1.03497,0.072
-1.44252,1.14928
0.92716,0.35222
0.78888,0.0262
0.07937,0.0748
2.31222,0.42689
-0.87685,0.52623
1.47699,0.27241
1.58205,0.40158
-1.22235,-0.34003
0.5989,-0.52257
0.83349,-1.09861
-0.09764,0.29917
-0.08776,-0.63206
-0.01455,-0.29587
-0.83578,0.28583
-1.35555,-0.09143
0.83645,0.18938
0.27215,0.60716
0.07724,-0.18084
0.57925,-1.32636
-0.77572,0.42466
-0.6126,0.5592
0.86052,0.25633
0.04075,0.80137
0.53743,-0.47288
1.13889,0.79496
1.80952,-1.11668
-0.87933,-0.30315
-0.5396,0.74017
-1.41082,-0.8268
-0.66203,1.3686
0.55284,0.88044
-0.50598,-0.54431
2.24442,0.12913
-0.39786,4.86342
-1.77086,-0.37947
-0.87185,0.42741
2.14547,0.66139
-0.86896,0.38789
-0.03907,-0.16188
-0.79555,0.96144
-1.07941,-2.45174
1.20724,-0.63651
-1.17296,0.27985
-1.78076,-7.423
-0.72184,0.39564
-0.63805,0.07698
0.4753,-0.71542
0.14628,-0.2605
1.28341,0.17849
-0.17838,-0.30025
0.47201,0.11127
0.53658,1.07209
1.0666,-1.26012
-1.20152,0.44412
-0.30407,-0.4242
-2.72789,-2.06998
-0.77303,0.21739
-1.20252,0.25527
-0.85395,0.18344
1.59427,0.97703
1.06228,-1.05231
-1.50046,0.30195
1.83875,-0.45695
1.31472,0.856
0.20846,-0.97273
-0.08047,0.11117
-0.11641,0.21338
-0.0163,-0.82352
0.67728,0.21192
-0.25819,0.45105
1.01944,1.23045
-0.31849,-0.40643
-0.68342,2.58374
-0.13178,-1.31353
0.34099,-0.33225
0.43169,0.79321
-0.01009,1.10995
-1.52344,0.07133
-1.36031,-0.73187
-1.72684,0.16314
-0.27782,-0.08782
0.68661,-0.46127
0.02919,1.09129
-0.0473,-1.35524
-0.48498,0.39066
-0.34372,0.52753
-0.67422,0.55034
1.07195,-0.27714
-1.24583,-0.12364
-0.88836,0.25534
0.4878,-0.91758
-0.365,-0.01833
0.66689,0.26669
-0.46133,-0.45986
0.43339,-0.81605
0.23466,0.15115
-1.28646,0.2555
0.56718,0.61533
1.27675,0.42699
-0.66333,-1.38114
-0.12438,-0.85069
0.65061,-0.75871
1.55678,-0.37901
0.3744,0.46612
2.35411,-0.65454
-0.38599,-1.69021
1.95232,0.15153
-0.72588,-0.60979
-0.00269,-0.32393
-0.89166,-0.63063
1.01458,0.80773
0.65957,0.36781
-1.72168,0.44739
-2.60782,-0.69457
2.18415,0.10975
-0.27108,0.07373
-1.6512,-0.57519
-0.8813,0.08083
-0.44433,0.14566
1.60463,1.51632
0.46447,0.10267
0.06601,0.26194
-0.93178,1.27105
0.68837,2.93383
-1.74159,0.24172
1.14429,0.05333
0.99304,-0.11934
-0.45339,0.66312
-1.48889,0.43035
-0.60499,0.08755
-0.10648,0.0849
2.02784,1.36303
1.72151,-1.31707
-0.62969,0.06161
-0.74865,-0.09493
-1.35618,-2.65437
0.39417,0.00618
-0.53167,-0.16226
0.71917,-0.40042
0.08262,-0.36127
-0.5294,-0.27363
-0.99078,-0.05065
-1.58589,0.4363
0.59844,1.15241
-1.31041,-0.17766
0.72018,-1.26271
-1.647,1.39849
-2.53585,0.09279
0.02396,4.15422
-0.586,-0.49833
0.92956,-0.24907
0.01081,-0.79113
-0.0635,0.83702
0.87804,-0.57877
-0.64539,-1.00029
0.65365,-0.71157
2.47222,-0.02795
0.24479,0.45464
-0.90349,-1.27142
-0.01553,-1.60183
-0.78184,-0.3496
-0.31371,0.447
1.69243,2.31728
-0.96099,0.68608
-1.2046,-0.32178
0.54471,-0.63868
-0.37795,-0.50518
-0.13998,-1.09047
-0.59443,0.16476
0.27331,-0.02503
1.50231,-0.31625
0.67059,1.42832
-0.38514,0.81505
-0.31957,-0.87286
-0.87508,0.30308
-0.84732,-0.30438
0.97461,0.82066
0.575,-0.8039
0.50242,2.02579
0.53921,-1.67203
-0.58468,0.05354
0.03166,1.63912
0.56148,-0.03204
1.64527,0.06525
0.30446,0.56749
0.11983,-0.01983
-0.7381,0.80767
1.07746,-0.41175
-0.1978,-0.58221
0.30563,0.96244
0.44599,-0.00112
-0.72065,-0.2517
0.34647,1.85326
1.18097,0.5632
-0.82224,-0.52338
-0.45831,0.10872
-0.7547,-0.0557
0.1588,-0.64338
2.14138,1.10595
0.38439,-0.13801
1.29626,0.85073
0.30236,-0.13749
-0.35751,-0.24745
0.07539,0.24348
0.29555,0.19145
-0.12986,-0.97418
-0.00335,-0.19468
0.1498,-0.04389
-0.56318,0.00375
1.57519,1.72378
0.49498,-1.19611
-0.05881,0.16922
-0.50657,0.32274
0.43093,-0.52529
-0.70664,-0.48061
-1.17707,2.44201
-0.30901,-0.05491
1.29647,-0.60937
-0.14186,0.32596
0.23225,0.49642
-0.89563,0.13402
0.56613,0.12849
-0.48654,1.35316
-0.51108,-0.80823
-0.71543,1.42687
-0.07986,0.18459
-0.99283,0.16308
-0.35389,-1.09738
-0.14369,-1.52469
-0.90373,1.03245
-1.88566,-0.15468
0.47779,-0.9362
-1.19132,-0.05143
-1.89227,0.58383
0.04746,0.36348
-0.0066,0.00421
1.13968,0.28527
1.31047,0.06092
-2.14418,-0.55631
-0.52847,1.03393
0.30669,-0.53071
-1.29432,-0.8658
1.16694,-1.14428
0.37954,2.89615
-0.6294,0.95033
-0.48346,-0.35609
0.35158,0.0641
2.12961,-0.45343
1.94324,-0.46934
-1.38121,0.83032
0.63833,-0.39916
-1.41733,0.05113
-0.09219,-1.06791
-0.94335,0.31894
-0.2485,-4.94066
-0.39666,0.26417
0.39885,-1.23067
-0.70613,0.37895
0.72809,-0.22224
-0.08103,0.21929
-0.87062,-0.37996
1.47854,0.09059
0.36527,-0.44088
-0.17147,0.30458
0.12621,0.13684
0.73367,-0.16796
-0.09621,0.27091
-0.56196,0.05138
-0.11492,-0.84718
-0.50884,-1.66452
-0.49662,-0.23253
1.633,0.14855
0.80932,-0.31543
1.35393,0.42554
-0.46675,-0.85857
-1.70645,-0.71494
-0.34445,-0.21314
0.55193,0.63748
-0.45559,-1.29781
0.21699,0.70327
-0.91335,0.17373
0.52743,-1.26772
-0.39463,0.18636
0.03797,2.13012
0.6969,-0.32994
-0.69446,0.04409
-1.0225,0.76298
-0.77378,-0.40151
0.6035,-0.41201
-0.29956,0.07122
1.07962,-0.00709
0.55486,0.0906
1.12545,1.31505
0.20874,-0.89341
1.21756,-1.09605
0.75733,0.88481
-1.87613,-0.81333
1.44089,0.40663
0.89385,-0.41424
-0.36605,-0.42658
-1.15519,-0.41779
-1.79845,1.31237
0.18355,0.45076
-0.80666,-0.87172
-1.10913,0.58591
-0.9357,0.98749
-1.57641,1.60173
0.97623,0.06422
-0.8237,-0.29947
0.02091,0.1228
0.19762,-2.01794
0.40816,0.4912
-0.11663,0.8736
0.85911,2.09299
-0.55411,1.7658
2.15322,0.20471
-1.5326,1.12067
0.73138,0.03057
2.21518,0.70043
-0.91307,0.77387
1.45494,0.17385
2.07123,1.32313
-0.40843,-1.02925
1.56712,-1.03845
-0.5218,0.77766
0.34625,0.1689
-0.17575,0.85312
-0.92125,-0.49277
-1.04385,-0.88404
-0.52683,0.0961
-1.44565,0.82039
0.22311,-0.19561
0.17478,-0.86779
1.14157,0.25534
0.45643,-0.26694
-0.11709,-1.06038
-0.27315,-0.08259
2.49918,-0.4079
-1.49608,0.32813
-1.27744,0.2421
2.28273,-0.00956
1.11891,-1.36958
0.23595,-0.74179
0.58948,-0.22481
1.04854,1.79558
-1.40768,2.12854
-0.25485,-0.49608
0.77264,-0.69285
0.72249,1.4555
1.16914,1.03249
0.30783,0.25981
-0.28785,-0.4345
-0.5319,-0.8133
0.69077,-0.18262
0.05628,-0.12767
0.55107,-0.8737
1.47831,-0.03132
1.31456,2.24815
-1.17266,-0.12334
1.24437,0.13659
-0.87669,-0.06503
-1.54378,-0.65628
2.20094,-0.06977
0.3794,0.20356
-0.49715,0.16045
-0.31552,1.06303
1.00738,-0.39791
2.11046,0.21991
1.42309,-1.033
-0.11113,0.19686
-1.04099,-0.71892
-0.0012,-0.59738
1.12971,-0.62835
0.62026,-0.3225
-1.19691,-1.71278
0.24144,0.66291
0.73186,-0.17261
-0.80511,-1.17334
1.00196,1.69492
1.58271,-0.41413
1.03532,-0.34312
-0.72654,-0.35157
-0.15365,0.43487
0.05182,-1.20999
-0.22529,0.46181
0.98239,0.06667
0.21112,-2.16681
0.12467,6.45673
0.44574,-1.00463
-0.31913,-1.53383
-1.21196,0.35117
0.23474,0.19029
-0.21435,1.93621
0.78134,-0.04431
0.34579,-1.07081
-0.14367,-0.91737
1.19284,-0.39332
0.09819,-0.66166
-1.15756,0.52675
1.65597,0.02844
1.26349,-1.55976
0.08761,-0.90982
-1.45108,0.25916
-0.88606,-0.52189
1.07166,0.70829
0.02814,1.72767
-0.2435,0.33899
0.55632,0.60032
-0.47111,0.17211
-0.39861,0.19152
1.30551,-0.67674
0.62344,-0.0809
0.86658,0.51236
0.70019,-0.2539
1.15193,0.2047
0.94056,0.89632
-0.67356,0.57983
-0.07583,-0.29852
1.74918,-0.33675
0.29321,0.08554
1.83444,0.21002
-0.18178,0.32239
-1.25127,1.27802
0.21073,-2.08521
-0.37546,0.02421
-0.56022,-0.01974
-0.61674,0.27965
-1.88435,-2.29324
0.65304,0.87129
-0.03136,1.05615
-0.79677,-0.26422
-1.48859,0.40682
0.76344,-0.52297
0.13436,-0.04161
0.77816,-0.26969
0.48216,0.19922
0.85194,1.52883
0.07405,1.68946
-1.33569,-2.13668
0.26683,-0.3397
0.98551,-0.19835
-1.29601,-0.56761
-0.34132,1.57662
1.52216,-0.94463
-1.12319,0.27122
1.41995,-3.58739
-0.83115,2.01138
-1.53078,-0.76016
-0.43583,1.86633
-0.53909,-0.01414
0.98376,0.57828
-2.01584,-1.61425
-0.89338,2.60796
-0.89284,-0.1957
-1.04018,0.12504
0.09827,0.30558
-0.55098,0.42915
-0.0242,-0.00789
-0.27811,0.26785
1.03535,-1.09492
-0.67107,-0.17576
-0.0056,-0.0782
0.80302,0.25177
0.47563,0.39152
-0.01438,0.52242
0.78831,-0.85895
0.40569,0.05445
0.43593,-2.01989
0.08011,-0.56702
0.98187,0.24884
1.07527,-0.3577
-0.54579,1.08564
0.59165,0.83539
0.47599,-0.74332
0.73013,0.20949
-0.64111,-0.00448
-1.10253,0.40124
-0.12449,-0.52562
1.15384,-0.27472
-0.90875,-0.49625
1.05259,0.49833
0.11747,-0.22078
0.27065,-0.71983
0.28484,-0.4883
-0.24142,-0.12143
-0.13272,-0.61102
0.7198,-0.05542
1.6056,-0.65862
0.28398,0.60416
0.53037,-0.3486
-0.71808,-0.21394
-0.02114,3.97994
1.14653,-0.65634
1.19075,-0.8088
-0.16564,-0.83226
0.05249,0.02129
-0.32167,-1.06844
-0.73883,1.19772
0.59614,-0.18757
-0.31804,0.56947
1.57434,-0.63103
-2.0557,-0.17949
-1.69516,2.58915
-1.20286,0.68138
0.07662,-0.34729
-0.14664,0.17689
-0.76209,0.24869
-3.12225,4.09756
0.18412,0.80254
-1.59721,0.22783
1.38102,-1.40174
0.13915,0.17304
-0.7246,0.48558
-0.25802,0.03793
1.5833,1.04445
-0.34213,-0.2509
-1.12621,-1.55063
-2.54114,-0.46987
-0.17469,0.2005
-0.76499,0.21221
1.12283,-0.56864
0.13979,-1.26024
1.05735,-0.09652
-0.42901,-0.91875
-0.8447,0.14908
0.93388,-0.11608
-0.16578,0.38268
-0.72783,-0.41593
-0.10086,2.37863
0.99595,0.21103
-0.63342,0.26502
1.92869,3.84052
0.50393,0.91251
-1.18339,0.79611
-1.07857,-0.29494
-0.05851,-0.82361
-0.33881,0.97492
-0.37168,-1.47011
-0.13754,0.6431
0.26199,-0.4042
-0.24682,0.89522
-0.52758,-0.47429
-1.86906,0.46154
1.62322,-1.35706
0.12454,0.36094
0.55951,-0.20758
0.18103,-0.13082
1.26488,-0.23075
0.03164,0.46892
1.23542,0.53826
-0.55357,0.47822
-0.22718,-0.01671
0.53519,0.55817
0.58866,0.20038
1.18699,-0.12192
-0.56329,0.96594
0.46615,-0.63975
-0.5126,-0.00338
-1.40045,-0.33856
0.97666,0.17355
-0.06665,-0.75027
-0.97033,0.00856
-0.7463,-1.59391
0.51818,-0.00629
-0.00144,0.71022
-0.11371,1.92995
0.64915,0.15359
-0.0376,1.96271
-1.78232,-0.06939
0.81627,0.41362
-0.48442,-0.61616
-0.37376,-0.13613
-2.38529,-0.19035
-3.22732,-0.2777
0.02752,-0.37213
-0.47802,-1.90256
-0.0204,0.8911
0.25892,0.72647
0.86562,0.1532
1.29805,-0.77625
1.18908,0.25928
-0.98967,1.39905
-0.78572,0.56224
0.10865,-0.27015
1.39043,-0.89106
1.10744,-0.67935
-0.51299,0.0107
-1.17834,-0.72986
0.28601,-0.17376
-0.1835,-0.15542
0.67155,-0.6286
0.79307,0.06207
0.32981,1.46291
-0.86411,0.85336
-1.18756,0.01646
-0.26251,-0.86042
0.48528,0.37082
-0.05136,0.52361
0.70855,-0.07985
-0.38546,-0.44286
1.09577,0.69451
0.35976,-1.04912
-0.2942,0.00748
-0.69679,0.38792
-0.11443,-0.17429
0.10572,1.40568
1.57976,1.45776
0.11814,0.31597
0.68528,-0.87211
-2.00082,-0.1735
0.99968,-0.16345
-0.04589,0.95442
-0.87701,0.66702
-2.20814,-1.7341
-0.80788,0.11245
1.62901,-1.32834
0.84584,-0.84042
0.81284,-0.30914
-0.446,-0.4822
0.63329,-0.3287
0.63318,0.5973
0.35644,-0.39886
-0.89234,0.58681
-0.57629,-0.13907
-0.28289,0.19402
3.01111,-0.82405
-1.9321,0.24628
1.64605,0.38763
1.39678,-0.62464
0.23649,0.24897
0.82533,0.14677
0.37948,0.29599
0.56902,-0.19331
-0.56395,-0.44399
-1.93255,0.192
2.68116,-1.22899
1.7504,0.1778
-1.36952,-4.77678
1.14053,0.05095
-0.38575,0.08611
0.47413,-0.31874
-1.01143,-3.80177
-1.04364,1.033
1.86488,-0.11283
-0.44478,-1.02548
-0.0756,1.19503
0.70808,-0.3801
1.48037,0.11096
-0.46838,-0.09491
0.62479,-1.35544
0.77035,-3.48336
-0.57734,-0.57358
-0.56175,1.60465
0.62178,0.05731
-0.10497,2.08349
1.57595,0.5088
-1.77119,-0.56094
0.53039,-0.5339
-0.13811,-1.07878
-1.36953,-0.28269
-0.09743,-0.20858
-1.40321,-0.15528
-0.32114,-0.13849
1.0941,-0.33613
-0.68794,0.08875
0.61583,-0.01281
0.30945,0.5158
-0.4779,-0.14127
-0.26383,0.03937
0.2241,0.35757
0.33312,0.67023
-0.486,-0.43948
-0.14192,0.85748
0.78133,-0.26365
-0.97524,0.3466
-1.1553,0.3373
0.32638,0.11708
0.47686,0.54838
-2.27285,-0.18576
0.12018,-1.62261
1.39029,-0.82117
0.83925,0.95312
-0.33963,-0.09563
0.39193,-0.87056
-1.60627,0.04493
0.64543,-2.58393
0.31168,0.88124
0.87755,-0.54935
-0.13266,-0.15452
0.68062,1.12981
-0.41165,-1.13408
1.09263,-0.42074
0.47354,0.444
-1.75046,-3.05713
-1.61737,-0.57167
0.55399,0.81952
0.99538,0.05061
1.28669,0.30725
-0.47893,0.51195
0.23772,-0.41725
-0.27767,0.454
-0.62266,-0.18586
-0.20659,-0.94556
1.25981,-2.72881
-0.41141,1.0602
1.81195,0.32313
-1.25662,1.03654
-0.28793,0.40908
0.56631,0.39963
0.55699,0.27643
0.17346,-0.59049
-1.61112,0.57148
-0.22246,-0.60481
1.45031,-0.50553
0.70002,1.51775
0.5694,0.92855
0.47664,0.8496
-0.0424,0.5137
0.01269,-0.70124
-0.52752,-0.00109
1.4057,-0.41977
0.48663,0.61626
0.43262,0.21702
0.20699,0.773
-0.19563,0.15705
-1.39143,-0.64572
0.02238,-0.93418
-0.63368,0.58685
-0.51449,0.37398
0.237,-1.23361
1.34703,-0.73694
-0.97874,0.18532
0.04928,1.70174
1.63137,0.65938
-1.19341,1.01001
0.56778,0.37231
-0.40077,0.11739
0.77997,-0.17405
1.61645,-0.0145
-0.02448,-0.01462
1.02382,0.1712
0.36219,-1.36662
1.94882,-0.84469
-3.33997,0.65203
-0.84559,-1.16473
-0.05638,-0.92684
0.15899,0.42139
1.72048,0.04517
1.18531,-0.16946
-0.31125,0.35702
-1.37009,-0.54951
1.21884,1.05421
0.3303,0.17501
-0.20383,-0.5484
0.92029,0.43945
1.84816,0.33149
0.41693,-2.65565
1.48712,-0.22504
-1.72024,-0.28667
0.93204,-0.0466
2.41483,0.2887
1.29547,-0.71556
-0.50936,-0.67567
-1.04063,0.85831
0.4572,0.05321
-0.76714,-0.22638
-0.44213,-1.1899
-1.66651,-0.27918
-0.92156,-0.90016
0.62546,-0.22617
-0.70522,0.38367
-0.77726,-0.4852
-1.27694,-0.55288
-0.10492,-0.14697
0.38731,0.29464
0.13724,-0.58468
-2.79708,0.5618
0.02756,2.60616
-0.92074,0.20829
-0.08567,-0.45373
-1.07949,-0.09064
1.14534,-0.83706
1.91791,0.30002
0.9327,-0.44176
1.76192,0.02509
0.26128,0.70882
-0.24864,-0.68385
-2.01018,0.56663
-0.62071,-0.46762
-0.42082,0.63222
1.58343,0.84303
-0.92888,-0.01034
0.09876,-0.66306
0.66586,-0.30148
0.08599,-2.3363
0.01155,1.04053
1.08095,1.41343
-0.83584,-0.41522
0.0566,-0.54715
0.25913,0.28218
1.63064,-0.70185
1.4025,0.2767
0.60088,-0.10333
0.88788,-0.39655
-2.06486,0.14292
0.33045,0.09876
-0.50004,0.47813
-1.50008,-0.37808
0.6831,1.45427
-0.38872,-0.25336
-0.67081,-1.36946
-1.72253,0.17984
0.17145,-0.02304
1.23178,-0.00491
0.16445,0.45625
0.73473,-0.26875
0.99191,-1.17581
-0.01725,0.53453
-0.37938,0.28103
-0.61859,0.36166
-0.3026,-0.32749
-0.55427,-0.73669
0.05989,-0.21816
-0.49325,-0.02389
1.08901,2.34361
-0.88606,2.78448
1.59116,-0.19974
-0.47055,-0.58068
-0.4747,-0.4876
0.65901,0.03819
-0.73678,1.00596
-1.88418,-2.48462
0.82097,-2.10211
1.41607,1.40513
-1.93838,0.7481
0.50932,-0.05112
-0.56954,-0.84371
-0.2323,1.89223
1.55445,-0.01889
-1.36906,-0.23968
-0.53176,0.3435
1.23541,-0.16196
0.22484,-3.40409
0.44135,-0.79161
-0.6742,-1.06815
-0.81128,1.49694
-0.78583,-4.36977
0.20556,0.28466
-0.45378,-0.21198
0.40907,-0.59557
2.59981,-0.34407
-1.7889,0.68909
0.24227,0.49983
-0.11809,-0.20235
-1.08408,-1.11391
0.15928,0.40934
-0.91562,-0.64462
-1.38191,0.44201
-0.02855,2.52926
1.53794,-0.31661
-0.24583,-0.44807
0.38518,-1.27284
-0.6993,-0.05411
-0.78172,1.54012
-1.49726,-4.29704
-0.05941,-0.33487
0.42507,0.49892
-1.7777,-0.17819
-1.95791,0.09521
0.45316,-0.40307
-0.74478,-0.38645
-1.65184,-0.38628
0.58264,-0.95647
-0.2951,0.13025
-0.48674,-0.68742
-0.09371,-0.33308
-0.73368,1.79061
2.74592,-0.04286
-2.22696,1.51541
-0.5866,-0.53652
0.48793,-0.80765
0.31379,0.19828
-1.26626,1.49213
-0.41101,-0.15771
-0.17,1.43899
1.29057,1.1727
1.55601,0.06861
1.58497,-0.26371
0.13838,-0.88904
1.33456,1.89464
0.54681,-0.46167
-0.24635,0.17786
-0.32003,-1.00741
0.69588,-0.54624
0.33229,1.69996
-0.52669,0.81616
-0.92567,2.05495
-0.94862,0.26801
1.40574,-0.01084
-0.23992,0.09168
0.13064,-0.39348
1.48435,1.11519
1.55584,-0.02732
0.89814,0.95849
0.45871,-0.98547
-0.42973,-0.22764
0.07749,3.73183
0.27043,0.31271
0.71456,-1.22182
-0.58195,-1.08882
0.83033,0.18178
1.04621,0.31955
0.38535,-0.36386
-1.35712,0.629
-1.82812,0.12902
0.7008,0.00522
-1.7133,-1.55803
0.20745,-0.16825
2.84448,-1.60906
-0.11856,1.31895
-1.33207,0.3027
0.88891,0.893
-0.43544,0.63378
-0.07847,1.56729
-1.7012,0.83968
-0.64089,0.12022
1.36149,-0.17417
-0.26268,-0.21007
-0.70538,0.13987
-0.04843,0.05079
0.17742,0.47755
0.94265,-0.96288
0.6518,-0.77835
0.93289,-0.40352
-1.29439,-0.25513
-0.36183,-0.59478
-1.94362,1.73914
1.48964,0.84779
-0.62195,0.19676
-0.40396,-0.01266
1.76855,-0.55715
0.84255,-0.48117
-0.33774,0.32
-0.27619,0.73215
-0.43439,-0.33755
0.82482,0.06515
2.96582,0.05093
-1.40559,0.14944
1.43038,-0.59686
1.22448,-3.99046
-0.48009,-1.11783
0.3037,-0.1496
0.25986,0.1254
-0.72013,-3.60942
-0.6195,-0.34771
1.44184,-0.8476
0.46161,1.12148
-0.37268,0.61421
-0.8582,-0.71493
-0.07709,0.46664
0.07321,0.12181
0.85376,-0.02624
1.57614,-0.00369
0.07399,1.45609
-0.85607,0.37608
0.41064,0.65636
0.1972,-0.70653
-0.51247,-3.03943
0.75506,0.39367
-0.05196,1.00386
0.38026,-0.01403
0.04067,-0.18098
0.49935,-0.02142
0.63305,-0.29024
-0.93228,0.14431
0.94787,-2.88531
0.07168,0.12166
-1.6133,-0.03254
-0.28423,0.09081
1.27453,0.54431
1.47682,0.21012
-0.57162,-0.24382
0.33654,-0.49783
-1.22029,-0.37797
0.51729,-0.15683
-2.16563,-0.34502
-1.64084,0.37103
0.46398,0.38279
0.54475,0.37795
-0.5932,0.10515
0.53761,-1.09688
1.60744,0.55118
-0.09302,-0.05882
0.64078,-1.1751
-0.75436,3.2108
-1.25349,-0.24891
1.81421,-0.39072
0.18874,1.21294
-0.5806,0.3327
-1.67223,1.01564
0.65049,1.69622
0.92554,-0.11451
1.43425,0.37714
-0.16852,-0.75012
0.95999,-0.71708
0.08708,1.11959
-0.85553,0.61952
-0.00267,-0.23205
-0.54251,-0.79393
-0.8488,1.38207
-0.59035,-0.66138
0.90227,-1.11316
0.09364,-1.11758
-0.70609,-0.43017
-0.11411,-1.03807
-0.11043,0.52702
-0.08186,-1.15199
0.21588,0.2824
-0.70607,0.27821
1.44811,0.52045
-1.08899,-0.53266
-0.5502,-0.472
-1.33125,1.09109
-0.3531,-0.05396
-0.48909,0.92098
0.25882,0.31691
-1.42578,0.52573
0.268,-0.25352
-1.61997,-0.96505
1.30164,0.56357
-0.48484,-4.39212
1.27188,0.27656
1.58222,-0.46738
-1.08576,0.08188
2.08089,0.09898
0.10947,0.5039
-2.15506,0.31681
0.29593,-0.25238
0.26229,0.47186
1.79541,0.81659
-1.84954,0.56337
-3.04479,-6.20503
-0.06674,0.40043
-0.48611,0.90868
-0.9601,-0.95066
-0.00197,-0.25697
1.80458,0.67398
-0.03932,1.26821
0.93612,1.14411
-0.72036,0.70254
-1.3351,-0.01042
-0.45547,-0.24589
1.87593,0.1775
1.37905,0.25159
0.81078,-1.03979
-0.31522,-0.37737
0.38182,1.18504
0.63978,1.38193
-1.51559,-0.59491
-0.27448,-0.25798
1.97218,-0.95279
-1.3584,-0.07578
0.24768,1.26894
-0.47921,-0.94814
-0.33529,0.78514
1.00209,0.31292
-0.80317,-2.57495
0.79937,0.93219
-0.02241,0.4901
1.12919,-0.59702
-0.85077,0.14769
1.21124,0.22848
-0.00879,-0.41834
-0.53539,-0.22313
-0.73627,0.06023
-2.03447,0.48189
0.99482,-0.17251
-0.7835,0.14176
1.22099,0.1608
2.3675,-0.06586
-1.65749,1.28621
0.28313,0.28539
-0.73827,0.12659
0.08701,0.61871
0.43734,-0.13383
-1.29563,1.64853
1.02872,0.08226
-0.21082,0.17323
1.64172,-0.19948
0.00114,-0.60151
0.18426,-0.27724
0.01449,-0.47749
2.85719,-0.90693
-0.49896,-0.59447
-2.42094,-0.27236
0.96949,-0.36607
0.08415,-0.30065
0.87103,1.01514
1.20836,-0.02894
1.5448,-0.73867
0.2503,3.65752
0.46934,-0.34634
1.1433,-0.0546
1.42551,-0.42474
-1.39133,0.00051
1.94122,0.10857
-1.12492,0.38865
0.23307,-0.05899
1.19329,0.43126
-0.50237,-0.1085
-0.5102,-0.46491
1.55701,1.07004
1.52491,1.70722
-1.43529,-0.08549
-0.04213,-0.27379
0.41579,-2.8382
1.4917,0.34816
0.44363,0.69089
0.96717,-0.76895
0.47838,3.67525
0.83909,0.00281
2.69992,0.23684
0.70265,0.24098
0.53714,0.21564
-1.48535,0.07357
-1.02239,-0.55086
-1.38023,-0.91042
-0.02786,0.86335
-0.30638,-0.3221
-0.73286,-0.94225
0.71267,-0.72411
-1.55376,-0.29937
0.20649,-0.2291
-0.16118,1.01649
-0.82731,-0.83413
-0.90704,0.45223
-0.50073,0.07459
0.80293,-0.9386
0.94286,0.81082
-1.53537,0.3946
0.06862,-0.16156
-0.6893,0.58386
0.97006,1.1095
1.24995,0.13258
0.89722,-0.28207
0.55332,0.34492
0.70203,0.49298
-1.76584,-0.54602
0.47381,1.30858
0.32263,-0.16628
-0.16138,1.45808
-0.73049,1.63879
-1.2131,-0.23448
-0.82516,0.22978
-0.60912,0.09514
-2.65082,0.16318
-0.09608,0.16164
0.22429,1.07542
1.62885,-1.08798
1.66137,-0.31189
0.51817,-0.64641
0.10168,3.7016
0.06069,0.05587
0.92431,1.1292
1.08946,0.13122
-1.5405,-0.94291
0.82033,-0.15012
-0.4433,0.24243
0.02601,-0.04226
-0.3277,0.62806
0.40767,0.06071
-0.98793,-0.90586
0.07043,0.74887
-1.47091,-1.29244
1.05388,-1.84315
0.88221,-0.03391
-0.35236,-0.29675
-0.0762,-0.04183
-0.59536,-0.10948
0.74092,-0.56916
0.58939,-0.34113
-0.39792,0.53945
-0.14772,0.07624
0.29727,0.57983
-0.72428,-3.00056
0.32845,0.23734
0.55738,-5.64919
2.49805,2.33527
0.40488,-0.961
-0.62126,0.52297
1.32805,0.64272
0.40516,0.71425
-0.35747,1.38198
0.91992,0.22045
-0.4874,-1.34445
1.51983,0.78188
0.84892,0.04986
-0.23086,-0.29753
0.05911,0.3938
2.16423,-0.51602
-0.18384,0.03776
-0.29901,0.46564
0.80094,1.10401
0.27893,1.67101
-0.07867,1.09804
0.76828,-0.46202
-1.90724,-0.80543
0.1904,-1.04594
1.51879,0.64395
1.44468,0.15066
-0.66667,0.11941
0.09763,-2.20515
0.89014,0.70297
-0.17572,0.00862
0.6019,0.3892
0.56843,-0.2193
-1.69007,0.87479
0.8207,-0.22527
0.12046,-0.33458
-0.05868,-0.36451
-0.22641,-0.45405
-2.11459,0.36789
-0.04449,-0.18118
1.03396,0.97403
1.39849,0.31276
0.23504,0.67542
-0.10707,-0.63987
-0.32651,0.39585
1.36151,-0.73395
2.16748,-0.93259
0.10879,-0.27099
-2.51723,0.02072
0.32161,-0.68653
1.62222,0.27582
-1.27641,0.71679
-0.74879,-0.56522
-1.49305,-0.55733
0.27152,0.11533
2.38147,-0.05315
1.09013,0.68919
-1.56348,0.38344
-1.27909,0.98228
0.58582,0.34036
-0.25012,-0.93312
-1.67398,-0.69078
0.35911,-1.7963
-0.83593,0.19443
0.48866,0.13318
0.591,0.45999
0.33104,-0.12678
-1.04522,-0.21632
-0.83046,-0.07063
-0.16881,0.47402
-0.59348,-1.3107
1.05226,-0.4269
1.17183,0.41095
0.20232,1.0359
0.90734,1.02474
1.5247,0.42809
-0.93893,-0.15686
-0.38652,0.44521
1.94311,0.90868
-0.16058,0.20521
-0.52353,-0.6428
0.06046,0.55773
0.49863,-1.29682
-1.47211,0.88268
0.03437,-0.46648
0.99093,0.2748
-0.4086,1.03811
-0.47619,-0.31125
0.96088,-0.00113
-0.79843,0.25691
-1.25471,0.71851
-0.1798,0.22156
0.68723,-0.41912
-0.31449,-1.76046
-2.67884,-0.5586
-0.77554,0.76988
0.36004,1.80739
1.67518,0.02854
-0.12298,0.54969
2.47705,1.42504
-1.04336,-0.1027
-0.57761,0.54218
0.07213,0.14193
0.77068,0.3405
-0.32573,-5.77979
0.63964,-0.25114
-0.30718,0.14086
0.4752,-0.1268
0.55197,0.99486
0.1593,0.12998
0.20602,0.56832
-0.25181,0.37813
-0.69793,5.81204
2.96757,0.43052
-0.88003,0.03211
1.41615,-0.45941
1.08464,-0.19942
0.06259,0.15603
-0.00532,-0.8683
-0.69947,-0.27584
0.25158,0.31865
-1.08255,-1.25538
0.04863,-1.93264
2.06363,-0.15489
1.24471,-0.19071
-1.32248,0.45418
0.21143,-1.10103
-0.33895,0.78931
-1.31735,1.05882
1.19148,-0.84463
-1.74603,-1.33023
0.54321,-0.1395
1.9282,0.62206
1.65854,0.61229
-1.16501,0.06192
-0.1697,-1.27305
-0.10597,-0.4652
0.00918,-0.6474
1.00434,-0.64497
0.73644,-0.9629
1.88313,1.69754
-0.51661,-0.09427
0.52584,-0.12402
1.35862,0.7189
0.62225,-0.29672
-1.72837,-0.08069
0.24648,-0.20825
0.33459,-0.52678
0.17695,-0.3759
-0.81372,0.04576
0.86063,-0.52644
0.1961,-0.47853
-0.69515,0.15085
0.60688,0.17916
0.00532,1.24982
-0.42929,0.90217
-0.57421,-0.64087
-0.97019,0.15329
0.11804,0.63091
-0.49345,-0.31686
1.13081,-0.4604
-0.02724,-0.28517
0.80511,0.67667
-0.74771,0.41919
-0.43093,-2.37909
0.09155,-0.82234
0.76923,0.69886
0.94442,0.16553
0.16876,-0.42164
0.27353,4.01069
0.61451,-0.49577
0.8207,1.37652
1.07129,-0.99111
-1.62861,0.31854
0.9048,0.09442
-0.03266,2.08657
0.13582,0.08874
-0.71833,-0.21522
0.81298,0.02621
1.25574,0.79366
1.23242,-0.01656
-0.5644,-0.58264
-1.49009,-0.41437
1.349,0.3487
-0.37253,-0.00976
-1.66155,1.4107
1.00073,0.01416
-2.07498,-0.18138
1.05024,0.49222
-0.4683,-0.33218
1.9131,1.28009
0.09083,-0.00992
-0.56599,0.27874
0.1423,0.03486
-0.8069,0.13874
-0.55611,-0.13818
0.45258,0.29022
0.07062,-0.89092
-1.18483,-0.33404
-0.38904,-0.03814
1.83174,-0.03471
-1.30184,-0.48636
0.59799,0.05483
2.54322,-0.61612
-0.76586,-0.95665
0.79955,1.01513
0.08297,0.73674
-0.92419,-0.15433
0.83269,-0.10432
0.7221,0.82607
-0.00653,0.11343
-0.73713,-0.80141
1.00219,-0.62045
0.61689,-0.19036
-0.26256,0.18217
-0.85888,0.18313
-0.27123,-0.00678
-0.47417,0.87431
-0.56656,-0.66062
1.26279,1.4836
-0.09822,1.50613
1.45065,-0.39184
1.19748,-0.87158
1.00309,0.17215
0.53872,0.71531
-0.05261,1.06931
-0.04327,0.27735
2.02745,-1.81581
1.14721,-0.62863
-0.32814,0.24057
0.74047,2.63835
-0.50248,0.46653
0.00629,-0.45104
-0.95391,-0.00739
-0.91535,-2.29125
-1.03072,0.5353
0.37583,0.33036
1.17235,0.23831
0.02077,-1.16434
0.3981,-0.2843
-0.24843,0.79692
-0.50061,0.08846
0.30801,-0.18206
-1.1566,-0.73222
1.07863,0.89319
0.79736,0.70798
0.38629,-0.8161
0.02621,0.03563
-0.51878,-0.49261
1.6247,-2.23834
-0.19202,0.0991
-0.56547,1.38455
-0.98461,-0.20672
-0.70305,-0.17352
-0.18292,-0.95355
-0.34062,0.15094
0.67308,0.02564
-0.43075,0.93776
-0.80244,1.38643
0.54425,-0.80592
-0.74101,0.5488
1.81614,0.05583
-1.27906,-0.31293
-0.12971,-0.19735
-0.79123,-0.12605
0.33726,-0.23497
1.35873,0.22039
-0.44859,-0.13802
-1.57336,0.51109
0.31231,-0.59938
0.08465,0.24435
0.66205,-0.18335
-0.80654,2.36873
-0.63357,0.24747
-0.75076,-0.72669
-0.54366,2.89233
-0.08105,0.0544
1.38594,0.77231
0.45957,-0.15117
-0.36174,-0.39655
-1.43914,0.85367
1.45556,0.04814
0.67433,2.30519
1.41555,0.11044
-2.76558,0.27766
2.406,0.79062
-0.96682,0.70065
-1.09531,0.06343
-0.70901,-0.17345
-0.53452,-0.36959
1.38317,-1.19751
-2.30148,-0.15963
0.60567,0.03978
1.32538,-0.64534
1.15438,0.16846
0.69379,-0.53693
0.97591,-0.06297
-0.36967,0.52526
-0.70639,-0.28854
-0.64228,0.47138
-1.77233,-1.17016
0.98521,0.87735
-0.04353,-0.40131
0.36909,0.28436
1.51669,-0.0503
1.40032,0.06891
0.57987,-1.1799
-0.80458,-0.1081
-1.77504,0.58793
0.8914,-1.09084
-1.68035,0.6683
-0.28753,-1.2977
-0.12945,-0.18068
-0.75396,-0.16697
0.11502,-0.51212
0.92092,-0.53938
1.46219,-0.26123
-0.44933,0.03654
-1.37499,0.08004
-0.22583,-0.43058
-1.08688,-0.04914
-1.01261,0.50857
0.23439,0.21533
1.08492,-0.13813
0.14143,0.15088
0.25158,-0.11538
1.1378,-0.1585
0.62377,-0.97569
-1.17625,0.21145
-0.60205,2.19245
-0.42972,0.66934
1.43331,-0.99288
-1.3567,-0.97326
-0.22018,-1.36717
-2.8133,0.89694
-0.56947,-0.45996
-0.96874,0.11171
-1.05706,0.31848
0.58428,-0.17944
-0.92647,0.35159
1.30305,0.65454
0.10167,-0.11568
-0.33323,1.68065
-1.13686,1.58943
1.6643,-0.30884
0.06775,0.61605
1.74318,0.64322
2.44724,0.12458
-0.00713,-0.24234
0.74005,0.01308
1.3806,-0.51913
0.03192,0.45162
-1.62913,-0.42812
1.03248,0.24353
-0.53136,-3.79485
-1.16099,0.47794
-0.60782,0.02623
1.42571,-0.5427
-0.99772,-1.28524
-0.57004,-2.20094
-1.08422,-0.72021
1.23631,-1.0178
0.73576,-0.16426
1.67968,-0.5058
1.02485,-0.80982
0.58204,0.6306
1.56085,1.11159
1.14947,-0.08868
0.36726,0.21968
0.83495,0.68935
2.09544,0.0135
0.79375,0.14093
-1.60523,-0.30621
-2.0729,-0.05091
-0.88135,0.08726
1.16967,0.30594
0.58516,-1.68712
0.85896,-0.36621
-0.02111,-0.14198
-0.09903,0.1784
-0.46104,0.15948
-0.12341,-0.88606
-0.07457,-0.19187
-0.16472,0.57191
-1.16582,1.33284
-1.44554,0.23781
1.27838,1.1741
0.11788,-0.37523
0.38269,0.40864
-0.65249,0.70153
-0.03743,-0.35787
0.42617,1.45495
-0.43195,-0.24642
-0.97301,-1.37034
0.47103,-0.17459
0.5177,-0.22959
-1.37786,0.29231
-1.08925,0.7273
1.13201,7.5619
-1.03747,-0.77507
-1.06063,-0.33998
-1.0327,0.79071
0.06079,0.19151
-0.28348,-0.36936
0.66351,1.26259
-1.27502,-0.66067
-0.79747,0.14995
-0.12704,0.25037
-0.19458,1.26703
-1.14289,0.65033
-0.51599,-0.3251
-0.95863,0.64892
-0.37344,0.05684
-1.33756,-0.0692
0.93258,-0.94566
-0.37493,0.54301
-0.50379,0.37585
-2.81146,0.59064
-0.86848,-0.4712
0.23336,-1.53742
0.77442,0.643
-1.32075,-1.3842
1.70274,1.55587
2.15289,0.98205
-0.87472,0.32017
1.02899,0.98769
-1.05436,0.6849
0.30565,0.65019
0.30818,-0.7384
0.93669,-0.0445
0.29231,-0.34331
-0.30593,0.22397
0.09755,0.37127
0.66049,-0.03505
-0.49203,-0.68594
0.69404,-0.1184
-0.678,-0.50649
0.24866,-0.04752
0.98056,-0.41213
-0.59901,0.20774
0.33189,0.9731
-2.60068,0.25565
-0.55106,0.38001
2.10911,-0.42782
-1.02112,-0.10143
-1.10078,0.81448
0.82569,-0.33041
-0.44567,-1.24654
-0.71654,0.00432
-0.558,0.48798
0.93808,-0.7529
-0.41746,-0.99873
-1.87382,0.27962
1.1907,-1.0576
1.21364,-0.59743
0.61272,-0.01352
-0.19989,0.72127
-1.22709,-0.24703
1.84199,-0.68654
-2.18603,0.42036
1.18794,-0.20624
1.01105,-0.43467
0.68895,1.20264
0.50246,0.09314
0.96769,0.66046
0.06026,1.17576
0.95526,-0.1
0.75266,0.27944
0.1133,0.35699
0.14302,-0.02374
0.08062,1.81546
1.48966,0.78277
-1.0286,0.69071
-0.24205,-2.66946
1.39025,-2.50001
-0.79294,0.4827
0.33115,-0.60507
-0.02622,-0.33875
-1.57461,-0.5738
0.15314,0.1049
0.87611,-1.36472
-0.19886,-1.24227
0.97062,0.8261
0.51603,-0.39961
0.34039,0.257
-1.64202,-0.47191
0.57215,0.06388
0.32688,-0.04433
0.72348,-0.61219
0.63715,0.15716
-0.91522,0.231
-0.56453,-0.27203
-1.24813,0.40449
0.26016,-0.03125
-0.79285,-0.12428
1.33752,0.75563
0.93751,-0.34775
-1.22136,-0.37193
0.58331,-3.24766
-0.59389,-0.95711
-2.04208,-1.2611
0.50418,-0.12701
-1.35029,-0.5615
-0.47636,0.40297
0.6149,-0.47862
0.56895,0.33988
2.69508,0.03024
0.53294,0.15117
-0.15652,1.19369
-0.86966,-0.49193
-2.1979,1.28756
-0.56547,-0.0812
-0.14996,0.27302
1.83663,0.4135
-0.39987,0.99065
-1.67352,-1.69866
0.19253,-0.20146
0.00362,-0.71025
0.60539,1.14096
0.03999,-1.02384
-0.89682,-1.15734
-1.63319,1.59394
-0.45653,0.85155
-0.30792,0.24665
0.1042,-0.81048
1.26991,-0.56511
-0.3722,-0.56554
-0.75296,-0.28098
-2.8423,0.55213
0.62842,-0.38555
-1.43147,-0.55114
-0.5252,-0.49909
-1.07028,0.25766
-0.0183,0.29988
-0.46202,-0.65977
-0.45552,-0.70038
-0.95018,-0.50871
0.62707,-0.63091
-1.35911,-0.47465
-0.60387,1.64781
1.11468,1.06424
-1.25498,0.18705
2.07035,0.35809
-0.48236,2.04967
1.30682,0.15867
1.80302,0.43266
-0.17642,0.08051
0.31689,-0.07261
1.40554,-0.04295
0.56343,0.48204
2.60988,-0.45688
0.90705,0.06622
-0.20452,-0.43107
1.18142,0.45621
0.15127,1.40717
1.94374,0.37991
-1.46451,0.12807
1.74697,-0.21585
2.15315,-0.11383
1.69337,-0.13741
0.09221,-0.5257
-2.11167,-0.57497
-0.8583,-0.31985
0.00252,-0.42942
1.49866,0.34782
0.21221,-0.40117
-0.60393,-0.47565
0.35084,0.10565
1.44939,0.68936
-0.39666,0.17087
0.11161,-0.34072
0.30075,-0.42509
0.53083,0.61378
0.93332,-1.1498
1.25825,0.66671
-1.57849,-1.4138
0.56822,0.28324
-0.0818,-0.0769
-0.88818,-0.72745
0.25799,-0.53772
0.05995,2.53083
-0.23208,-0.47051
0.56346,0.06051
-0.2848,0.18872
0.30791,-0.22452
0.11567,-0.85285
0.05842,-0.18648
-0.04125,-0.49957
-0.35441,0.74727
1.28891,-0.82657
0.63859,0.78106
0.35066,0.28726
0.84762,0.1154
-0.63964,-0.04076
1.47379,-0.01924
-1.6608,0.68801
-0.34706,0.26733
-1.71625,-0.88982
-0.58801,1.35042
0.33868,-0.86509
0.02673,0.01741
2.00211,-0.75545
0.219,-0.92445
0.43013,-0.43219
-0.09365,-1.33049
-1.05312,1.25526
0.77007,0.34699
1.40542,-1.28367
-1.21534,-1.27653
-1.97474,-0.39358
-1.79808,0.39967
-0.36141,-1.27002
0.24501,1.26176
0.64895,0.06069
-2.32944,0.24256
-1.62759,1.02133
0.10219,0.92186
0.39876,2.56039
-0.44573,0.66373
-0.63639,1.07396
0.44176,0.41717
-0.73023,-0.63753
-1.75155,-0.12925
1.35529,0.08402
0.8942,0.07607
-0.38545,-0.02564
-0.13661,-3.10401
-0.86143,-0.57002
1.62023,0.27848
0.47613,-0.67269
0.99537,0.15207
-0.23943,0.61414
-1.0655,-1.86615
2.25922,-0.42713
0.41826,-0.55449
1.05482,0.0291
1.40155,0.08742
1.94532,-0.39351
0.55397,0.21113
-1.5029,0.55652
0.58796,-0.57947
-0.51524,0.17844
-0.21814,1.65508
1.09953,-0.1265
0.31117,0.10569
-0.26043,-0.25821
-0.0898,0.04222
0.51709,1.00002
1.43286,-0.04009
1.34175,-1.03451
-1.3819,-2.09237
0.56953,0.96563
0.36846,0.26217
0.76871,0.38467
0.77214,0.52435
0.67682,1.11879
1.06161,0.08328
0.27103,0.60358
1.25348,-0.79634
2.014,-0.03182
-0.31679,2.00704
-1.11885,0.40161
-0.26359,0.39778
0.03972,-0.33517
-0.22602,1.12734
-0.83008,0.26421
-0.57626,-1.87836
0.77473,1.93289
0.98843,-0.78564
-0.82653,0.05606
-0.13903,-0.16491
-1.38283,-1.35268
-0.6801,-0.77809
0.18506,0.49621
-0.38677,-0.0448
-0.07864,0.46884
-1.35962,0.30216
-0.19491,-0.77248
-1.65044,0.40702
0.00013,-0.17021
-0.04893,0.24106
-0.88536,-1.11483
-0.20696,0.32576
0.24118,-0.43074
0.45102,-0.30375
2.10047,0.5401
1.63255,0.35152
-0.3888,-0.70728
1.88234,-0.05285
0.22526,-0.87561
2.56738,-0.05839
0.44539,0.5656
-0.45848,0.38644
0.61459,-0.45474
0.11002,1.91122
1.49977,-1.22161
-0.22995,0.33356
-0.34256,-0.85472
-2.28281,-0.22071
-0.23016,0.14787
-0.61195,-0.79052
-0.6017,-1.4904
1.15011,-0.27349
0.85747,1.05344
0.08857,0.16081
-0.11615,0.67379
-0.77959,0.38809
-1.00111,1.58653
0.58905,0.11663
0.3024,-0.47461
-1.04943,1.31579
-0.04469,0.18269
-0.2979,-0.70343
-0.0293,-0.16725
1.6472,1.12185
-0.72127,-2.4499
1.37643,-0.41412
1.04188,0.01079
0.07902,0.65429
0.94278,0.84957
0.47227,-1.42689
-0.19732,-1.19275
-1.77298,-0.12633
-1.30428,0.28097
-0.98153,-0.0386
-0.36352,1.25383
-0.05407,0.47429
1.39011,0.4726
0.10294,0.9581
1.82545,-0.3457
1.28575,0.13332
1.18267,2.28781
0.02142,-0.68241
0.19807,0.87073
0.814,0.55821
-0.18162,0.57755
0.21934,-0.39654
-1.54219,0.63186
0.74036,-1.27263
0.53082,-0.14361
-0.2991,0.65337
1.5689,0.09608
1.78249,1.50748
0.62486,1.10808
-0.51183,-0.80247
0.64075,1.27993
0.44766,0.20043
1.06499,1.30737
-0.24995,0.18889
0.70809,0.31569
0.86254,-0.56458
0.66881,0.67683
0.56468,0.61628
0.15071,0.96475
-0.34311,0.81276
-0.97209,-0.28139
-2.03803,0.94678
-1.97536,-0.07331
-0.67906,0.80594
-0.43847,-0.17292
1.33196,1.61129
0.63416,0.09725
-0.70967,-0.45262
-0.3902,0.28296
-0.65125,-1.13973
-0.74446,-1.55079
2.00605,0.65317
-0.71686,-0.62341
0.43395,0.45814
-0.24662,0.17036
-1.13332,0.23788
-0.16356,0.81883
-1.58967,-0.16786
-0.18355,-0.06515
0.85443,0.70923
-1.01737,0.45848
1.05953,0.14891
-0.71438,0.52486
-0.52607,-0.04391
-0.10626,-0.94638
1.15796,0.68326
-0.90166,-0.00326
0.4306,-0.76928
-1.01348,0.35107
0.77072,-0.0148
2.18527,-0.91801
-1.81713,0.45503
-0.3,0.59088
-0.68321,-0.52052
-0.57425,0.78012
-1.75893,-0.82712
-0.01241,0.96223
-0.89192,0.84004
-0.64774,0.53775
0.33785,-0.63702
-0.39228,-0.30207
-0.70345,-0.26613
1.80815,-0.12738
0.13292,-0.41298
-0.30978,-0.82301
-0.05329,0.65972
-0.01474,-0.19612
-0.19555,0.35582
0.50952,-0.09783
-0.90784,-0.08075
1.33107,-0.32067
0.08309,-0.3444
1.12677,0.23139
-0.3165,-1.02993
1.75582,-0.27392
0.56106,-0.77841
0.15216,-1.07431
1.68819,1.16582
0.16884,-0.33865
0.88763,-0.69516
-0.22852,0.45937
2.91947,-0.05208
0.08378,0.46584
-0.38365,-0.10369
0.36614,-0.65716
1.14047,0.96006
-0.74403,-0.00458
1.08358,1.20043
-0.32968,-1.03986
-0.58211,-0.2433
-0.87695,-0.36191
1.42115,1.10772
-1.26896,-0.03882
-0.74845,0.5337
-0.70176,0.45358
-0.15578,-0.11765
0.22732,-2.0393
-0.70279,-0.68611
-0.7293,-0.66175
-2.37868,-0.76475
1.14437,0.01462
0.36145,0.633
0.98356,0.56397
0.45157,0.00329
-1.62606,4.29924
0.87235,0.0611
1.50618,-0.66017
-1.55232,1.51102
1.06194,0.1395
-0.75384,-0.12736
-0.54177,-1.35351
-1.29071,0.90534
-0.939,-2.19961
0.03111,0.67828
0.52191,-0.69777
0.50022,-0.14515
0.5918,-0.24834
-0.38051,0.41519
0.50295,-0.09575
0.66229,0.37499
1.0036,0.60933
0.50342,-0.36478
1.55222,0.07131
0.01828,0.21593
-2.2513,-3.14823
0.69643,-1.25657
0.46722,1.46243
0.92036,2.41184
-1.09675,0.62767
0.94524,-0.12825
0.39019,-0.1078
-1.01455,0.65028
-1.21592,1.03569
0.93809,0.85515
2.18077,0.59451
0.71794,0.34082
-0.80153,-0.49579
0.38649,-0.17945
-0.9254,-0.63426
-0.30232,0.63674
0.31113,0.36002
-0.2628,-0.97442
1.15768,-1.03565
-1.6311,-0.48328
0.11767,-0.53829
1.0538,-2.48293
0.12972,0.42565
0.99893,-0.29239
-0.36254,-0.04536
0.73048,-0.00665
-1.12011,0.45482
0.02502,-0.39912
-0.19445,-0.0165
0.64116,0.33039
-0.59273,-0.01764
0.06646,1.03367
-3.28426,-0.94551
-0.431,0.37904
0.62518,-0.93363
1.21505,-0.6732
0.42376,0.73469
0.01596,0.21508
1.89726,-0.71165
-0.01107,-0.48827
-0.24104,-0.20462
0.25172,-0.53136
-0.1121,-0.32465
-1.08066,-1.21548
-1.72001,-0.96086
-1.09943,0.54206
0.25206,-0.24419
0.55074,0.29751
0.43627,0.14628
-0.60659,-0.67557
-0.53423,-0.16663
0.81095,0.56471
-0.76134,-0.82798
-0.52264,0.96719
1.39841,0.06599
0.06352,0.37889
-0.60508,-1.55716
-0.72076,-0.15458
1.15047,0.44954
-0.06042,0.65054
0.11989,-1.43224
0.12988,0.33814
-2.02721,0.58644
-0.93419,0.91675
0.16233,-1.60063
-0.14009,1.24088
0.32858,0.24574
-0.94623,-0.26703
-0.91227,0.126
0.38191,0.44677
1.63514,0.12174
-0.99666,-0.24689
-0.07767,0.75264
-0.94552,0.09221
-1.62706,0.43282
-0.11732,0.31208
-0.29448,-1.81368
-2.53587,0.27736
-0.69019,0.32539
-0.77895,-0.0504
-1.62796,0.44179
-0.96779,0.08405
1.60446,-0.20515
-2.40395,-1.3776
-1.56103,0.40885
0.87845,-0.45048
0.08144,-0.0421
0.3586,-1.95141
-0.07847,-0.52743
-0.07175,-0.17569
-0.70743,-0.28696
1.06151,-0.38641
-2.08083,0.65089
0.20717,0.21542
-2.24554,1.78814
-2.44606,-0.22714
-0.37843,-0.44829
1.4684,0.48763
0.39119,0.74523
-0.17124,-0.03626
1.60579,-0.10224
-0.21836,-0.49575
-0.88093,0.11089
0.50519,-0.26091
-1.55177,0.21956
2.07035,-0.50018
0.19659,-0.09143
-0.26413,1.64448
-0.76361,-0.07885
0.60495,-1.25072
1.60085,-0.38329
-0.96709,-0.83306
-0.14592,-2.08361
-0.0792,-0.26247
-1.23796,-0.00658
0.91437,-2.09378
0.02076,-0.02209
-0.7924,-0.73456
0.53319,0.40948
-1.1792,0.70214
0.05515,-0.33008
-0.09215,-0.02533
-1.2085,-0.73071
-0.87989,-0.35764
-0.03718,0.14079
-2.14661,-0.06348
-0.24778,-0.23132
0.14123,0.29028
-0.10657,0.86348
-0.22091,0.36825
-1.57367,-1.30743
-0.43061,0.76208
-0.24032,-0.04224
0.5016,-1.14879
0.03473,0.2792
0.91294,0.18936
-0.08372,-1.53933
0.20164,0.11457
0.60106,-1.14812
-0.09703,0.30752
1.26622,-0.0595
-1.82877,0.22925
-1.4602,-0.97157
0.98977,0.39484
-1.72552,1.35509
-0.80107,0.34424
-0.73593,0.72231
0.23424,0.48947
-0.86051,0.17738
-0.8501,0.9737
2.16344,-1.35239
-0.2894,-0.78413
0.11243,0.18175
0.79578,0.63489
0.29338,-0.69925
-0.42911,-0.19612
-1.01022,-2.30875
-0.50941,0.64863
0.44912,-0.63737
0.38143,1.07997
0.85026,0.99637
0.85649,-1.507
2.30409,-2.2786
1.50577,0.37041
0.22804,0.6449
0.34635,-0.30434
0.27503,0.03415
0.04641,-0.11961
0.21273,-0.34233
0.29233,0.23955
-0.51379,-1.7004
-0.94389,0.45471
-0.60881,-1.04361
0.64762,1.27794
1.20176,-0.59885
0.33724,0.65173
-0.02125,-0.11831
0.74884,-0.44185
-0.02092,-0.44601
0.30469,-0.34945
1.08761,0.04946
-1.67129,0.25425
-0.94177,0.35809
2.29811,-0.01861
-0.0203,-0.05799
-0.61739,0.56259
-0.99678,-0.19141
-0.31212,-0.13441
-1.02471,-0.21368
-0.46788,0.41307
-0.3317,-3.41942
1.2412,0.22965
-0.49226,-0.66269
0.69254,0.21717
-0.83392,-0.44291
2.91544,0.02702
-1.22267,0.05243
-0.18801,-1.39165
0.10776,-0.01611
-0.14615,-0.61527
0.821,0.13628
0.70946,0.22987
0.19794,0.02707
1.8469,-0.67353
-0.50059,0.02919
-0.07824,-0.67259
-0.17852,0.14426
0.10399,-6.23779
0.39481,0.1529
-0.00305,-0.29875
-0.42033,-0.60519
-0.52888,-0.06729
-0.26999,0.0953
-0.85556,0.38057
-0.62509,1.97252
-1.17425,0.57034
-2.22939,-0.04586
0.5972,0.46569
-0.93408,-0.01265
0.91916,-1.195
-0.96199,-1.89339
0.37251,-0.0347
-1.21635,-0.50894
1.21131,0.66031
-0.83761,-0.53523
-1.53595,0.1148
-0.46391,-2.11559
-1.04587,-0.61474
2.75753,0.57652
-1.19029,-0.9952
0.74749,0.06422
-2.43857,0.34108
0.70036,-0.18136
-1.35979,0.81361
-0.43612,0.24551
-1.08476,0.4043
0.50141,0.03534
-0.83681,0.8043
0.10648,0.19122
0.43959,1.13609
0.60054,0.13329
-0.23654,0.91217
1.34055,-0.02646
1.34033,0.87688
-0.65371,0.80665
0.38689,-0.53731
0.98132,-0.10641
2.17755,-0.89989
-0.68139,-0.63217
0.83104,0.40465
0.23478,0.62842
-0.83335,-0.69294
0.12076,-0.10728
-1.43713,1.04358
-0.28978,-7.98661
2.17381,0.88035
0.83987,0.08665
1.30225,0.35169
0.51164,-0.22033
-0.25698,0.11169
-1.04505,-0.46456
-1.92648,-0.63709
-1.2997,-0.43771
2.10078,0.42842
-0.61303,-0.58901
0.15886,-0.60368
1.10067,-0.14581
-1.2359,0.11911
0.42307,0.6386
-1.17826,-0.22945
-0.14383,0.3456
-1.34256,3.8497
1.8099,0.30824
0.32199,0.22358
1.43163,-0.49699
-0.98636,-0.54459
0.3443,-0.03846
-0.92597,-1.27659
2.73674,-1.11545
-0.38987,-0.79292
0.29432,0.44291
0.86117,0.32914
-0.48767,-1.40489
0.74106,0.3205
-0.1976,0.29118
0.12762,-0.36738
-0.77982,-0.18037
0.82849,0.79162
1.39156,0.53305
-1.50215,-0.11866
0.11049,0.97018
-0.36154,-1.37006
0.24277,0.36145
0.83805,-0.50576
-0.18972,-0.46093
-0.06505,-0.60129
0.05205,0.16851
-0.11007,-1.5516
0.61294,0.45625
-1.13407,0.51601
-0.10693,1.98439
0.33304,0.45513
1.17704,3.36305
1.81763,-0.12096
0.23985,-0.05969
0.05196,-0.77029
-1.17397,0.43727
-0.95999,-1.16687
0.32646,1.92949
-0.17915,-0.79481
0.56467,-0.26967
-2.50464,0.04312
-0.61386,-0.16322
0.13324,0.15614
-0.27827,-1.24616
-0.41019,0.65317
-0.97254,0.15149
-0.42416,-0.75626
-0.60817,0.07584
-0.64209,0.34487
0.02128,0.06276
0.65867,-0.24532
-0.11691,-0.92553
-1.11996,0.88301
1.3813,-0.57426
-0.81418,-0.29923
0.02556,1.54774
0.31376,-1.33496
-0.07472,0.0098
-1.38809,-1.07064
-0.63794,-0.06433
-1.5664,0.10096
1.4512,-0.24759
-0.96883,0.8628
1.66222,-0.18271
0.68454,-0.01446
0.73544,-0.75349
-0.00735,2.11962
-1.06848,-0.45588
-0.40942,-0.10501
-0.19781,-0.12126
2.18087,-1.54477
0.36924,-0.02225
-1.11763,-0.87975
-0.23576,0.38012
1.6002,1.66358
0.38454,0.20727
0.41431,0.55408
-0.32698,0.10646
-1.25277,0.29654
1.70995,0.01072
1.30706,-0.11865
-1.49871,-0.1987
-0.02917,-0.16678
-0.29674,0.34198
1.4028,-1.35074
-0.05165,1.0484
-1.23782,0.71806
1.8292,-2.30643
0.17393,0.21299
0.45169,-1.04133
0.39787,1.12846
0.44698,-0.27522
-1.26733,-0.08339
-2.11045,1.6252
0.30492,-3.19143
0.76928,-0.09904
0.22317,0.29375
1.70468,0.50408
-0.30289,0.48037
-1.53133,0.018
1.3356,0.32215
0.9212,-1.26892
0.12022,0.50408
-2.33288,-2.58864
1.69741,0.3586
-0.58567,-3.43073
0.87716,-0.16062
-0.59798,-0.51295
1.89665,-0.38127
0.45344,-0.30421
-0.89254,-0.08047
-1.99103,-0.52099
0.99868,2.56056
-1.4978,-0.25811
0.13502,0.50493
0.97183,0.95532
-1.22589,0.39461
0.94835,0.20717
0.34744,0.0558
-0.51952,-0.93045
-0.047,-0.87437
0.60167,-1.62782
-0.37294,-0.09791
0.86096,-0.49645
-0.23527,0.56378
0.10191,-0.27079
0.64547,0.28966
1.05048,-0.55261
0.25094,-1.12753
0.60234,-0.58229
2.47757,-0.43086
0.54934,-0.86784
-1.7853,0.27808
1.52683,-0.05171
0.10316,0.27849
1.02906,0.01486
0.07991,0.08877
0.32722,1.08657
1.26358,-0.51295
0.48286,0.1499
-0.73118,-0.32371
1.3153,2.17428
-0.82545,0.83894
0.93238,0.9923
0.72236,0.675
-0.06054,0.32735
0.03391,0.53459
-1.38967,0.74202
-0.59376,0.83943
3.20596,-0.59364
-2.07954,1.70312
1.06355,0.25372
-0.96511,-0.41061
-0.4164,-1.72505
-2.06512,-0.79476
-1.2046,2.63395
-0.22281,-0.06956
0.556,-0.22761
1.18425,-0.31543
1.43129,0.00554
-0.03795,1.2237
-0.86951,0.04482
1.13115,0.05012
0.20938,0.8053
-1.25152,-0.9984
1.98227,-1.28403
1.02672,0.50064
1.35128,0.69672
0.0633,-5.37948
-0.66931,0.77694
0.77276,0.30138
-0.36459,0.52106
1.63107,0.1316
-0.35626,-0.62993
-0.34603,-0.3441
1.34533,0.51446
1.39203,-0.0728
0.41751,-0.53718
1.17092,-1.07324
0.45056,-0.32816
-0.66051,2.14506
1.22092,-0.23627
-1.13393,0.09454
0.00094,0.20083
-0.29834,-0.65065
-0.57975,-0.35011
-0.80679,0.2426
-0.00254,0.23238
-0.49398,0.40168
-0.1996,-1.02017
-0.47856,-0.32291
-0.80812,0.18467
-0.42886,1.00059
0.51112,0.24114
-0.12106,-0.62024
-1.08949,-2.5065
-0.42731,-0.36031
-1.24439,0.02846
-0.38232,0.05065
0.17079,0.0856
-0.39581,1.00015
-0.11591,-0.56902
1.10998,-0.72474
-0.4473,-0.01203
0.37371,-0.52928
-0.80716,0.56102
1.48596,-1.0529
-0.17062,0.43505
0.01379,0.85278
-0.84388,-0.33866
0.70965,-0.17793
0.87038,0.66031
1.38593,1.17811
-0.49177,-0.02592
0.56066,1.96393
-1.8451,-0.29497
-1.40129,0.1189
1.21401,-0.56471
1.24566,-0.52935
0.03764,-0.29646
0.13295,0.83806
2.3995,-0.07804
0.7422,-0.20932
1.15026,-0.29141
0.6302,2.48532
0.01496,0.90221
-1.15095,-2.28683
0.4852,0.28552
0.09253,0.14051
0.11362,0.27102
0.53803,-0.43743
0.02491,-0.6139
1.54305,0.77883
-1.15989,1.1176
0.58188,0.89817
-0.88664,-0.17308
-0.23224,-2.5505
-1.20052,1.22013
-0.02543,-0.57103
1.04202,0.08225
0.56245,-0.58303
-0.11413,0.58601
1.70146,-0.60933
-0.92185,1.47656
1.7384,0.47617
-0.22968,0.9437
1.29516,1.1105
0.1066,0.86647
-0.32369,0.71738
1.68461,0.86546
-0.66651,-0.02345
0.47964,0.19249
0.82102,-1.31193
1.15919,-0.49436
-0.95885,0.1745
1.05292,0.88481
-1.2271,0.16871
0.27467,-0.37727
0.69951,0.31529
0.64043,0.55382
0.19683,-1.92036
0.09438,-0.3928
0.44686,2.41229
-0.55226,0.32773
1.29957,0.22563
1.14106,0.24357
-0.01116,-0.19799
0.88643,-0.24158
-0.22438,-0.30489
0.54732,-0.06092
-0.44487,-0.24696
0.59059,0.09336
0.6956,-0.95368
-0.14976,0.18419
-1.54607,-0.29914
1.58925,1.68982
0.93407,0.26026
0.75847,0.02171
1.00061,0.28947
0.23121,0.60657
0.83005,-0.25521
0.55911,1.33302
-1.20467,-1.04364
-0.87859,0.32951
-1.54225,0.07249
-0.91541,-0.38991
-0.6312,0.13375
-0.78907,0.31217
-2.31253,-0.69403
-0.18966,0.1934
-1.06672,-0.65244
-1.45232,1.78371
0.22705,0.68513
1.05366,0.16646
1.23721,1.67653
0.65695,-0.29375
0.87886,-0.24587
2.45063,-1.93655
-0.95101,-0.60156
1.00983,-2.51221
-0.53861,0.81393
0.59778,0.566
-0.04224,-1.16065
0.25057,-0.13452
-0.12294,0.05894
-0.38828,0.37867
-0.7954,-1.31169
1.15008,-0.21013
0.91903,0.28577
0.80104,-0.22823
-0.03872,1.87785
-1.39753,-0.03955
-0.04326,-0.00274
1.11597,-0.0048
-1.42401,-2.12502
1.13605,-0.03846
0.69117,-0.63713
0.061,2.63031
-0.88967,0.65344
1.2883,0.43102
-1.43089,-0.55109
-0.28828,-0.03715
-0.66967,1.03595
0.09448,0.47259
0.36249,0.50455
0.16904,0.64672
-0.84385,0.63782
-0.64141,-0.72405
0.20366,0.43084
0.42525,0.55976
2.21472,0.57187
1.64012,0.0282
0.03561,-1.16243
0.35864,-0.14682
1.03369,-2.03442
0.84254,-0.39547
0.04891,-0.54109
1.00416,0.23455
0.29571,2.67921
-0.97759,2.89674
-2.33161,0.36528
-1.82504,-1.58957
-0.98161,0.24299
-0.59929,0.34007
-0.28873,-0.16472
1.03098,-0.58279
-1.28378,-0.72666
-1.61594,0.00017
0.24609,-0.43139
-0.17896,-0.40442
-0.60579,0.05539
-0.50673,0.72126
-2.79715,-0.57966
-1.10212,-0.48252
0.51325,-0.80204
0.50629,-0.43882
1.62707,-1.06019
1.09003,0.93458
-0.21503,0.68048
-1.31509,-0.55125
-0.3522,2.36992
0.81959,0.14437
1.31682,-0.74104
3.02609,0.27776
2.40864,1.31097
1.17742,0.57745
0.01156,0.81716
-0.44213,1.18452
-0.3297,0.26436
-1.98107,0.77552
0.37538,0.29867
-0.30723,0.4013
-0.78312,0.29355
-0.04718,-0.50934
-0.20168,0.52606
-1.01261,-0.47164
0.61993,-0.25954
0.41152,0.64123
0.15013,0.04043
1.53295,0.02176
1.27272,-0.21657
0.13933,0.57379
-0.92306,0.06068
-1.28664,-0.33225
0.4811,1.93129
-0.01346,-1.49147
1.376,-0.96716
-0.36218,1.13371
0.67727,0.78562
-0.37448,0.38391
-0.15358,1.86662
1.56471,-0.5784
-0.18637,-0.07324
-0.33861,-0.25629
0.35876,0.08259
2.60221,1.11276
-1.03014,-0.02105
0.67571,1.33829
-1.61886,0.81816
-0.24165,0.41766
0.412,-0.52357
0.54685,0.06688
1.415,0.09372
-1.23076,-0.84389
-1.00333,1.77635
-0.09598,-0.52675
0.14112,0.55732
-0.17903,-0.38878
-0.32078,0.25441
-0.67558,0.171
0.35608,-1.13057
-0.37906,-0.20473
-0.49127,0.08789
1.2435,-0.03586
1.13026,1.12078
0.59284,-0.78294
0.60623,0.26005
0.87064,-0.17059
2.15949,-0.28589
0.33881,1.31168
-0.16481,-0.25467
-0.02371,0.40618
0.37719,0.89023
-0.82345,1.61428
-0.04548,0.37772
-1.02682,0.77132
-0.31959,0.00552
0.29128,-0.25877
0.05275,0.44884
-1.3714,-0.30207
-1.21637,-0.36219
-0.63529,-0.28455
0.11637,-0.71578
-1.36559,-0.02088
-2.07963,-1.07438
-0.25366,-2.71324
0.64212,-0.88395
1.20261,1.06285
0.61809,3.1096
0.42288,0.10651
0.24039,0.36334
1.05542,-0.1998
-0.22807,1.89369
-0.39588,-0.77997
-1.11457,-0.43948
-0.8731,-0.84279
-0.7013,0.10502
-1.26788,0.72286
0.15267,-0.36485
0.53767,0.24173
-0.8723,0.53142
0.58317,0.3587
-0.30094,1.40622
1.66604,-0.07997
-0.51324,0.73269
0.05136,-1.18942
0.35992,-0.52421
0.69445,0.13476
1.34769,0.20478
0.19966,0.62427
2.47195,1.58554
-0.37019,0.25761
-0.17556,0.19084
2.00355,0.81882
-0.08877,-0.31807
-0.19893,-0.43488
0.56916,0.72968
-0.92329,0.71987
1.13309,0.86894
-0.84118,0.19693
-1.46675,-0.54399
-0.90003,-1.10414
0.28638,-0.0331
0.99736,0.32712
0.72454,0.07721
1.08843,-0.7595
-0.20088,0.13533
-0.53003,-2.48348
0.98641,0.28854
-1.51698,1.11912
0.18107,-0.08926
-0.25615,0.13588
0.2333,0.7511
-2.20036,-0.12747
-1.00959,-3.82336
-0.08073,-0.16106
0.05688,-0.37132
-2.21254,-0.01943
0.52154,-0.15743
0.43264,-0.39878
-0.02916,-0.07571
-0.67754,-0.26492
-0.5382,-0.01149
2.07778,-0.65325
-0.10058,0.23155
0.11495,-0.81924
1.53242,-0.71085
0.5152,-1.13246
0.06159,0.41986
-1.63038,-0.45413
0.67378,0.10426
-1.25638,-0.25104
-0.78269,-0.36857
0.7038,0.1912
-0.18039,-1.00245
-0.72407,0.01412
0.48439,-1.24671
1.39475,-0.22517
0.68468,1.62022
0.24777,-0.65932
-0.29913,-0.04376
0.63772,-0.08703
0.80824,0.28403
-1.25039,2.55969
1.1231,0.82567
-2.01128,1.56949
0.89006,-0.36132
-0.622,-0.00232
-0.55948,0.4343
1.16947,-0.15265
0.89447,0.85609
0.13509,-0.60613
-0.49543,-0.57686
-0.33253,-0.52851
1.17689,0.43232
-0.87238,2.46016
-1.41352,-0.10098
-0.01835,-0.42437
0.18865,-0.63318
-0.20586,-0.00014
-1.73489,0.17701
0.80458,-0.42878
-1.02407,0.02877
-0.66174,-0.08239
0.92033,-0.21249
0.04938,-0.5468
-1.11759,0.26199
0.53192,-0.16193
-0.05128,-0.3298
0.88917,0.93557
0.75238,0.64159
2.31524,-0.34809
0.74361,-0.4851
1.29826,-0.85102
-0.03402,-0.63301
0.00685,-0.52731
-0.58964,-0.89956
0.00995,-2.64536
0.0595,-0.1905
0.48681,0.25271
-2.38351,-0.8256
0.43752,0.26326
-0.77474,-0.09391
1.40967,0.05473
-1.02883,-1.02979
-0.29312,-0.48453
-0.89721,-0.08088
0.62587,-0.64831
-0.85048,1.09004
-1.11276,-0.5505
-0.80271,0.08378
0.1444,-0.73467
-0.07291,-0.31457
-1.16975,0.65507
-2.32802,-0.14007
0.42892,0.29945
0.58252,-0.39418
-1.3202,-0.19385
-0.32683,0.84116
0.02897,0.19728
-0.9847,-0.04209
-0.43815,-0.28251
-2.10023,0.1009
-1.19138,0.28911
-0.18222,0.07645
-0.90185,0.26948
0.60911,0.51092
0.40482,-0.86621
-0.12842,-0.19578
0.2064,-0.14858
0.74914,-0.21029
-0.28181,0.07959
0.80581,0.0636
0.02658,-0.32381
0.65009,-1.60367
-1.25697,0.21722
-1.15275,-0.51681
-0.04822,0.69006
-1.16659,-0.26146
0.28923,-0.26089
-0.16264,0.33578
-0.144,-0.50815
1.63678,-0.71802
-2.23557,0.14176
0.90956,2.01074
0.16913,0.48698
1.43613,0.32045
-0.98732,-0.01882
-1.33168,-0.31922
-0.70929,-0.01689
-0.77529,-0.13563
0.7954,0.94922
-0.5834,-1.50259
-0.0756,0.64525
-0.08287,-0.36744
0.01112,2.26377
-0.08978,0.44237
-0.64975,1.38825
-0.22232,-0.00842
0.95098,0.82378
0.47756,-0.40604
-0.43011,0.07394
0.13221,0.46139
0.82196,0.73798
-2.05149,-0.44616
-0.78663,0.2458
-0.11125,-0.17784
-0.34007,0.53329
0.99165,-0.82238
-0.09361,-0.25324
-0.25119,-0.20779
-1.75794,-0.73584
1.8602,-0.01782
0.58404,-2.63441
-1.6452,0.15485
-0.71405,-0.15701
-1.18295,-0.28533
1.41758,0.27285
-0.13399,1.21746
0.02751,0.0053
-0.97867,0.22125
-3.6207,0.51703
0.07267,-0.00041
-0.65867,-0.91228
-0.30119,-0.2523
-0.76667,-1.4384
-0.54382,-0.53327
-0.97223,0.14285
-0.11354,1.26572
-0.01703,-0.21045
1.01074,0.16694
0.57218,1.3369
-0.54641,1.58377
-0.93996,0.16916
2.24004,-0.07221
-0.24988,-1.16131
1.7685,-1.04231
2.71056,0.59199
0.27363,-0.86317
-1.39488,0.22472
-2.0863,0.33923
-0.0115,0.40136
0.59209,0.34708
-1.60025,0.3579
-1.69453,0.48127
-0.23405,-0.90173
-0.84716,0.29999
0.51014,1.77162
-0.63508,0.59183
0.46984,-0.88456
0.14784,-0.07933
0.61176,1.87552
0.32053,1.26501
0.17429,0.43224
0.25991,1.19661
-0.39862,1.38125
-0.1885,-0.51362
-1.70125,1.20834
1.6314,0.18748
0.40677,-1.09322
-0.43693,-0.71328
-2.94284,0.44265
-0.87023,-0.10072
-0.03826,0.88091
1.72744,0.15249
0.56471,-0.55373
0.19926,-0.18556
0.61818,2.30371
1.86309,0.60262
-1.87455,0.54715
0.0325,0.18789
0.72515,0.54182
2.14133,-0.8103
1.46797,-0.23751
-1.10311,-1.3954
0.89724,0.08003
0.48709,-0.09086
-0.21473,0.2634
-2.06105,-0.4871
0.59714,0.35526
-0.30753,0.47404
0.82509,-1.58285
-1.30955,-0.27215
-1.07792,0.50156
0.81571,0.06549
-1.93407,0.60716
0.05257,-0.88241
-0.07336,0.54481
-0.38841,-0.09122
0.69094,-0.87506
1.86422,0.25392
-0.27591,0.20962
-0.15514,0.29286
-0.08557,0.32102
0.14572,-0.27113
0.48958,-1.1555
0.90339,-0.57751
0.38703,0.52776
0.40981,0.39114
-0.27069,-0.5024
2.06746,-0.62358
-0.61639,-0.75751
-0.85428,0.32628
-0.30679,-0.24174
-0.71493,0.50382
-1.43879,-0.17129
0.4743,-0.50822
-0.94669,0.25893
2.13926,1.6103
-0.95923,1.18249
-0.43306,-0.28057
-1.70099,-0.88894
1.51772,-1.26616
-0.82649,-0.2659
-1.50766,0.20604
0.04393,0.38131
-1.25323,0.48774
0.20921,0.85379
-0.13762,-0.09786
0.54871,0.08751
1.85696,-0.58623
0.66054,-0.10286
-0.94292,0.55556
-2.22814,0.68135
2.02121,0.48766
0.54191,-0.06475
-0.79426,-0.70818
0.05967,-0.23453
0.29946,-1.29069
-1.16696,0.82418
0.59447,-0.56516
0.97683,0.6838
0.1509,-0.3009
0.36432,0.31968
-0.63414,0.04472
0.03622,0.0559
-1.91069,0.27436
-0.49492,1.0801
3.05942,-4.03968
-0.33777,0.6825
-0.34112,-1.12506
-0.46939,0.03901
0.80807,1.03287
0.41071,-0.1682
1.24257,0.30378
-0.55337,-1.95459
-0.49562,-2.12921
0.17266,1.32126
-0.38219,-0.20782
-0.94774,-0.16414
-0.80064,-1.82578
-0.55718,-0.51018
2.09578,1.29953
-0.70874,0.22093
2.02122,-0.20336
-0.43692,0.58116
-1.60603,0.22392
0.73676,-0.16337
0.52204,-0.09908
1.80935,-0.09865
-0.9139,-0.97009
1.84202,0.50119
-2.04612,-0.69652
-1.87783,0.34949
0.83175,0.08229
1.72278,0.64813
0.94443,-0.603
-1.19239,0.27646
0.60642,-0.43424
1.46149,-1.26544
1.53431,-0.08755
1.24183,-1.09574
1.51461,-0.64387
0.42718,0.40289
-0.99294,-1.15063
1.37499,-2.07862
1.22422,-0.25307
1.11643,1.82577
-2.5737,0.04071
-0.78327,0.59578
1.58192,-0.66216
-0.65877,-0.00207
1.57361,-0.20996
-1.15696,0.79252
0.7278,0.21713
-2.35135,1.36811
0.93729,-0.27097
0.33139,-0.31658
-0.75955,0.5644
-0.26761,-2.35939
-0.02651,3.85706
-0.7947,0.78401
-0.70726,-0.19025
1.8602,1.64738
0.60769,-1.3106
-0.17259,0.76659
1.17829,-0.54798
0.55073,0.13254
-1.49395,0.17222
-1.38989,-0.25454
0.37591,-0.22842
-1.07255,1.07858
0.463,-1.81877
-0.42129,0.07669
-1.03424,0.11986
-0.61154,-0.13681
-2.25998,-0.31986
1.41916,0.23153
0.32004,0.01392
-0.02223,0.22957
2.036,-1.21456
0.43069,0.49447
-1.54583,-4.16187
0.9759,-0.95606
0.98391,-0.23843
-0.20374,-0.76319
1.85698,0.29494
-0.44246,1.09353
-0.18035,-0.98072
0.70825,2.37282
-0.08022,-0.76486
-1.17364,0.50721
-0.32643,-0.81532
-0.24033,-0.1995
1.71851,0.77628
-0.01979,-0.09951
-1.7256,0.66783
-0.58666,0.38217
-0.61653,2.75453
0.07135,0.95997
-1.0177,-0.76455
-1.11103,0.86961
0.62212,-0.27868
-0.9072,-0.23371
1.18487,0.0759
0.11832,0.54458
-0.15474,1.51934
-0.27514,1.10946
0.36187,0.11963
0.35399,-0.45931
-1.00885,-0.61784
1.16036,0.86706
-0.39099,-0.92538
0.6308,-0.00087
-0.04234,0.25581
1.93544,-0.1944
-0.09258,-0.3699
-0.76188,-0.82728
0.02837,0.18165
1.02604,-0.10021
-0.17037,-1.04441
-1.72005,-0.29153
0.05856,1.43549
-0.5588,-2.47573
1.39963,-0.38228
0.39154,0.67515
0.07647,1.78721
1.25593,-1.10106
-0.00618,0.68461
-1.99738,-0.73229
-0.30293,-0.52232
-0.58502,-0.0225
0.27316,0.3538
-1.22792,-0.31943
-0.1372,-0.04516
0.04553,0.01891
-0.52065,-0.6526
-0.98295,-0.61086
0.93002,-0.12127
-1.18424,0.03348
1.35317,1.02734
0.65245,1.10278
0.31103,0.6912
-0.51016,-0.56829
-0.10558,1.40065
-0.04518,-0.30354
-0.75144,-1.10706
-0.74141,2.63335
0.35593,0.52294
-0.86408,-0.03004
0.19304,0.32974
-0.62908,-0.33562
-1.02893,0.14177
0.65746,0.32441
-0.54712,0.47815
-0.97378,1.06162
-0.5431,-0.54847
0.59844,0.84808
-0.78779,-0.25146
-0.27702,0.21258
-1.61426,-0.75678
0.10445,-0.10134
-0.18101,-0.33224
-1.16806,0.50342
0.495,0.60763
0.52432,1.64336
0.82563,0.06478
-0.65801,0.18701
-1.24967,-14.61708
1.35743,0.92671
-1.9292,2.14742
0.07796,-1.54795
0.02724,0.13083
0.36712,1.4113
0.04334,0.97336
0.17814,-0.68093
-0.3127,0.84252
0.26184,-0.0281
-0.16346,-0.08862
0.29725,-0.02743
2.60833,-0.33433
-1.37414,0.88162
-2.56276,-0.1547
0.26749,-0.09073
2.31702,1.10698
-0.99406,-1.10829
1.32435,-0.09944
0.16651,0.28199
0.58162,-0.23325
-0.42502,0.78856
1.57277,1.03344
-0.03126,-0.37963
1.60773,-0.31518
2.61203,0.37868
2.26489,0.72094
1.20119,0.0333
-1.8177,-0.28128
0.3681,-0.17332
0.96383,-1.00102
-0.16676,-0.59309
-0.315,-0.4321
-0.78677,-0.58856
2.51835,-0.39781
0.52674,3.11331
-0.22661,0.07599
-0.1754,-0.62807
0.73847,0.03685
0.7926,-1.74779
-0.83803,1.20754
0.09688,-0.50213
0.51228,0.18884
0.14531,0.75582
2.21047,-0.69701
0.50311,1.38903
0.32613,1.09969
-2.98,1.14346
-0.4031,-0.10005
1.37325,-0.02551
1.89344,0.56466
0.72232,-0.27558
0.99845,2.49684
-0.4227,0.41871
-0.67743,1.57394
-0.494,0.17086
1.05608,-2.62644
0.17609,0.18664
-1.0448,-0.68045
1.27581,-0.37339
-0.60271,-0.16785
-0.93684,0.04362
-0.11092,0.23606
0.61916,-1.00908
-0.283,-0.43873
0.78697,-0.33592
0.00807,-0.33348
1.2152,-0.06829
-0.05128,-0.51687
0.84978,-0.693
-0.36017,10.94956
0.59435,-0.19563
0.14308,-0.00114
-0.97605,-0.17672
1.44756,0.50272
-0.25642,-1.29741
0.43874,0.74676
-0.40098,-0.97109
0.12703,0.12019
0.04153,-1.32865
-0.4685,-0.68629
0.20895,-0.57902
0.07977,0.71772
0.69747,0.71228
-0.1118,-1.72454
0.90502,0.08662
-0.20821,1.58891
-0.25064,0.25096
-0.14229,-0.08815
-0.25268,-1.01857
0.05512,0.49423
0.53872,0.68815
0.35351,0.07041
-0.75299,-0.70909
-1.45177,0.62751
-1.5983,-0.05878
1.8362,-1.02599
-1.1678,-0.1755
-0.13047,0.93266
1.87131,-0.06615
0.60364,-1.06474
0.28897,0.04711
-0.49276,-1.52627
-0.48688,-0.25761
0.2376,0.37564
0.77249,0.35956
0.89746,0.851
0.70352,-0.52961
-0.91957,-1.8608
-0.40552,0.80882
-0.05746,-0.14214
0.38416,-0.16329
1.65752,0.54222
0.07957,-0.23533
-0.35489,-1.35135
0.42701,-0.58945
0.30183,-0.7099
0.95801,0.71502
0.03374,0.08347
-0.37361,-0.37466
-1.3348,-0.06504
-0.22392,-0.07893
0.2632,0.1603
-0.22886,0.16349
0.76221,1.5661
0.47134,-0.04585
0.52614,-1.13224
-1.56024,-1.97858
1.24425,1.08151
0.68787,1.14626
-2.45236,0.29727
-0.57538,0.43791
-2.16699,-0.49354
-0.72833,-0.0484
-0.96326,-1.02942
-1.24617,-0.25603
0.6308,-0.13878
0.88614,-0.32037
-0.34096,-0.12618
-1.11968,-0.95837
1.14735,0.59397
-0.65249,0.34048
-0.1375,1.11619
0.50813,0.98136
-0.12071,-0.18891
-0.57056,-0.56875
-0.19587,-0.57155
0.3767,0.14597
0.59658,-0.06596
-0.35234,-0.39965
-1.45045,1.25717
0.4032,-0.12828
0.11014,-0.54313
1.1427,-0.26157
0.18151,0.64552
-0.49882,0.78237
-0.70387,-0.13026
0.63561,-0.40141
-1.79962,0.06421
-0.00133,1.5181
-1.20008,0.17202
0.36476,0.02678
0.0612,0.51829
0.03784,-1.93894
0.40075,-0.73146
1.08291,0.6029
1.2448,0.51419
-0.45947,-0.00532
1.15417,2.39945
0.14548,-0.22495
0.40999,-0.27103
0.15994,0.77816
0.2948,-2.29537
-0.5807,0.2885
-1.11398,1.06948
-0.70575,-0.85542
0.42887,1.32024
1.72508,1.17459
-0.87363,-3.25743
1.05541,0.48875
-1.33065,-2.69548
-0.16413,1.50356
0.9574,-0.30959
1.06861,-0.34978
0.04496,1.22958
2.18439,0.64954
0.24963,-0.74693
-0.16597,-0.10765
-1.52488,-0.5755
0.05228,0.15431
-0.22345,0.85329
-0.40477,1.77926
0.71279,0.67406
-0.45449,0.11153
-0.8344,-1.47687
-0.61031,0.88193
0.82187,0.09391
-0.19335,0.07732
1.20531,-0.44728
0.91118,-0.23801
-0.23787,-0.41994
-2.2174,-1.82881
0.35717,0.57132
0.3111,0.62305
1.14213,0.92241
1.70076,0.81944
0.59244,-3.32564
-0.56775,0.11631
-0.75147,-0.23051
-0.35771,-0.91554
-0.29684,-0.53265
-0.39891,-0.10821
-0.10292,0.50277
2.0327,0.44769
-1.55075,0.8246
-2.63838,-0.61603
-0.22917,-0.89265
-0.40703,-2.39506
-1.37386,0.77725
1.14979,-0.0684
0.5064,0.22605
1.19404,0.20367
1.0517,0.45895
0.74157,-0.00167
-0.19067,0.39118
-0.71855,-0.58663
0.23186,0.00232
0.83732,0.75949
-1.35817,0.27792
-0.87862,-0.2384
-0.64763,0.28403
-0.57125,-4.24445
-1.62213,0.61396
-0.36413,1.16327
-0.37972,-0.14851
0.1888,0.69278
-1.62734,0.04659
-1.31056,-3.92586
0.60533,-1.41995
1.28981,-0.45294
1.9317,-0.51439
1.21317,-0.41211
-0.33971,-0.0519
0.86669,-0.2165
-1.4045,0.51099
1.06849,0.68265
-0.53283,1.11694
-2.53793,1.74452
1.5434,0.41163
-0.09347,-0.18127
1.16986,-1.09561
-0.17283,0.33341
1.17309,-0.39713
0.86026,-0.93554
0.65308,-0.65221
-1.72536,-0.49725
-0.87573,-0.39671
-1.84069,-0.83457
0.50489,-0.13539
-0.83007,0.03635
0.94956,2.35875
-0.60495,1.38209
-0.18711,0.19181
0.64046,0.14889
-1.04428,0.63082
0.23965,-0.35634
-2.72886,-0.17206
-0.8521,-1.61148
0.87207,0.17241
2.55713,-1.10494
-2.08829,-0.35107
1.5218,-0.35044
1.35719,0.03332
-0.45561,0.19332
-0.95004,-0.67176
-0.2063,-0.47719
-0.23861,-1.25207
0.36293,0.32306
-1.53595,-0.48283
0.08323,3.2462
-0.57791,-0.68023
-0.35453,-3.9882
0.68241,0.23178
0.37308,-0.99815
-2.22687,0.48859
0.10328,-1.28629
0.01863,0.34689
0.60679,-0.11309
0.17617,0.16432
0.19523,0.41738
-0.35079,0.21211
-0.00134,0.3862
0.82589,-0.45147
-1.47445,-0.06088
-0.28767,0.37649
-0.40422,-0.19427
-0.73771,-0.31764
-2.23591,0.05488
1.12531,0.75616
-0.40951,0.23967
1.4818,0.60178
2.43391,0.80477
-1.03778,0.11863
0.79506,-0.56619
0.01556,-0.26057
0.54456,1.04339
0.66631,0.93053
0.78085,-1.57073
0.53419,0.2968
0.11867,0.06968
-0.9454,0.25191
-0.58279,-0.07989
-1.21677,-0.42422
-1.37061,0.54877
0.00518,-0.31241
-0.77865,-0.54731
-1.81017,-0.05945
-1.96401,0.24262
-0.50865,-0.77821
-1.06951,0.01551
0.40011,0.00647
0.00917,-0.0582
0.45959,-0.83018
1.40144,0.17344
-0.84791,-0.23275
0.42308,-0.09476
-0.64133,0.11203
-0.75386,0.7002
-0.15448,-0.98602
-1.68394,0.48375
0.29996,0.31304
-0.00292,0.61489
-0.29467,-1.41611
0.15233,0.72316
-0.7403,-1.68636
0.50927,0.00276
-2.27839,-0.66232
-1.38001,-0.35358
0.24889,0.60698
-0.43393,0.32104
0.36015,-0.12156
-2.29684,-0.69741
-0.3937,0.28348
-0.57734,0.54029
-0.11278,-0.9015
-1.54365,-0.6097
1.06742,-0.32448
0.38631,-1.05457
0.27677,-0.17886
0.24464,-0.01077
-0.46813,0.69183
-0.88352,0.3475
1.21144,0.05733
0.84045,-0.69544
-0.14955,1.94966
-1.07983,0.02365
-0.28369,-0.46693
1.29434,-0.13048
0.55705,-0.08782
1.62655,0.19231
1.31456,-0.67991
1.38964,-0.32206
0.52881,-0.66607
-0.06718,-0.03574
-0.20766,-0.01333
-0.97725,-0.7047
-1.04161,-0.26289
0.36685,0.3186
-0.74415,1.06836
-2.1233,-0.5214
0.50501,0.08889
-1.25723,-1.13343
-0.43036,-1.81451
-0.56394,0.33992
-0.72257,-0.04058
1.22957,0.59837
0.26994,0.21638
-1.8435,-0.41489
2.73707,-0.34208
-0.07034,-0.53231
1.18638,-0.6967
1.02187,0.27574
0.08145,-1.63531
-1.51792,0.10678
-2.15858,0.98719
1.90949,-0.27614
-1.62072,-0.0918
0.90995,-0.78144
-1.71201,-0.12862
-1.18446,0.49406
0.78795,0.62425
-0.74833,0.20489
-0.13426,0.97665
-0.76978,-0.83332
-1.20709,-0.88069
1.00697,0.50077
0.07321,-0.14287
-0.30649,0.24136
-1.08241,0.31326
-1.44021,0.95875
-0.6862,3.0948
0.12512,-1.0258
0.35227,-0.36356
0.25763,-0.38397
0.60816,-0.99714
-1.73932,-0.21583
0.85012,0.25577
-0.74454,-0.31108
-0.61324,0.92143
1.2152,0.59563
0.59917,-0.04724
-0.38994,0.09066
-0.01783,-0.07994
-1.15481,0.0389
-0.65451,0.16516
0.36489,0.7679
-0.28531,0.72881
0.93296,-0.78757
-0.57221,-0.79724
0.20281,-0.02836
-1.74863,0.01964
-0.17038,0.85122
0.13471,0.5996
-0.34931,-0.02652
-1.94127,-1.14349
0.05483,0.56505
-1.92457,1.51653
-0.58176,-0.49802
0.39046,0.77978
-0.21725,0.78349
-1.08862,-0.84037
0.2115,0.83976
-1.96131,0.2764
0.87696,0.23549
0.29669,0.99072
-2.97322,-1.27837
-0.03125,0.47542
0.85003,0.07964
0.1878,0.33038
-0.32184,0.29169
-1.38284,0.03393
-1.60748,-0.34352
-0.00871,0.38075
-0.00896,0.37553
1.21568,-0.92568
-1.28087,-0.09104
1.47395,0.01176
0.88032,0.55444
0.48483,-0.02946
0.16142,-0.97984
-0.54696,0.6697
-0.9608,-0.24716
0.29831,0.64495
-0.87296,-0.72243
0.4387,0.45016
1.59208,0.39559
1.53487,-0.63283
1.25091,0.10251
0.30078,0.15096
-0.2039,0.24219
1.31039,0.19584
1.09615,0.67918
-0.85217,-0.60866
-0.96457,0.8892
0.10427,0.21141
0.2214,-1.01118
-1.01641,-0.98016
-1.78836,-0.34875
-0.31259,-0.47679
-0.4103,-0.38493
0.3605,-0.79623
-1.19557,-0.02248
0.3323,3.00567
-0.44968,-0.29453
0.40113,0.31988
1.54394,-0.36384
0.52981,0.18104
0.01527,3.12082
0.95177,0.47645
-1.39085,-0.78188
-0.38995,-0.74197
-0.03357,-0.34864
-0.23289,-0.7571
-0.59657,-3.50626
1.88167,0.7176
0.2663,0.3312
0.58055,0.18547
0.17061,0.15153
-1.62581,0.68837
0.77287,0.12733
0.72483,-1.34677
-0.11602,-0.32494
-0.33376,-0.29857
0.15682,0.49569
-1.72456,0.29995
1.43251,1.45537
-0.50807,0.70786
0.26053,0.05356
0.0932,-0.34645
-1.27818,-1.01314
0.21668,0.04587
-0.04102,-0.28044
-0.01662,0.00705
0.46113,-0.64936
-1.01316,-1.15986
-1.32441,0.03391
-0.0737,0.19246
1.06456,-2.51927
0.69857,0.09716
0.59865,-0.00584
-0.92765,-0.68172
-1.22976,-0.3198
0.67914,-0.0413
0.89547,-0.05892
0.11011,-0.69768
0.0607,0.1311
-0.28918,-0.77671
-1.6207,0.53813
0.38584,-1.32827
0.67799,-0.29922
0.47097,-0.47014
0.11184,-0.11775
1.05592,0.16485
-1.02389,2.43389
-1.6473,-2.60571
0.84539,-0.70194
-0.05477,0.37247
0.79359,0.89778
0.08104,-0.48341
0.62258,0.05346
1.30086,-0.06876
0.24428,-1.11391
-1.33185,1.3282
2.11203,0.37182
0.06079,-1.25705
0.90104,-0.18692
-0.13258,-0.60385
-0.75906,1.2233
-0.32904,0.31732
-2.72751,0.31261
0.43046,0.34916
-0.66759,-1.48088
1.69554,1.55843
0.6771,-0.70639
1.31559,-0.18348
0.67117,0.12001
-0.6003,0.41415
0.15852,-0.2987
1.11454,4.17548
-0.12652,-1.54063
0.27515,-0.7544
0.15526,-1.89774
0.51465,-0.27544
0.08884,2.6384
1.40184,0.15176
0.92341,0.10472
0.19824,-0.03281
0.49361,0.40291
-0.51756,0.44673
0.03729,-1.4113
0.44311,0.13128
0.42922,-0.60515
-1.95931,0.52636
-0.51025,-0.68642
-1.04557,0.24244
2.18759,-0.37593
1.33793,0.06306
0.68058,0.52535
-0.52792,-0.72209
-0.04276,0.23643
0.40395,0.2805
1.44852,1.02788
-1.10589,-0.60321
-0.82068,0.2112
-1.17334,-0.43711
-0.98311,0.7035
-0.60827,0.05101
-0.29245,-0.07005
1.04513,-0.58769
-0.63384,-0.52783
0.19523,0.10564
-0.27185,-0.15822
-1.49808,-0.14726
1.08389,-0.22649
0.89636,1.07045
-0.01821,0.01474
-0.33608,-0.78875
0.0687,0.0549
0.63749,-0.5203
-0.69426,-0.0526
-0.63975,1.0398
0.35073,-0.52826
-1.02988,-0.79718
-1.41071,0.18319
0.1951,-0.61226
-0.55844,0.70222
-1.60271,-0.18632
1.17818,-0.81927
0.28465,-0.28791
-1.18597,-0.13547
-1.47692,-0.61728
-0.80902,-1.17592
-0.37175,1.19069
0.85907,-0.42129
-0.91327,-0.14209
0.09743,0.31455
-1.54109,1.17033
0.28397,0.22494
0.44033,-4.62574
1.38226,-0.11363
0.7727,0.31036
-1.10757,-1.85661
0.00318,-0.09998
0.62724,1.56624
-0.66644,0.60614
-0.55977,-0.31859
-0.07748,0.13819
-0.01109,-0.24932
-1.42385,-0.16666
0.20354,-1.08888
0.82055,0.81282
-0.32415,0.08979
0.3383,0.77904
0.44109,-0.02184
0.05523,-4.09309
-0.62773,0.67396
-0.60396,-5.11672
1.50107,-1.27901
1.26461,0.30674
-1.57229,3.4046
-0.58493,0.46554
0.42614,0.30387
0.13448,1.52095
2.11664,0.18709
-0.99653,1.68264
0.49951,0.01431
0.22804,-2.5874
0.09823,-0.26453
-0.82753,0.20861
-0.97918,-0.39616
-0.33713,1.64158
-2.01251,-0.84297
1.36912,0.59473
0.17037,-0.93417
1.09662,-0.56495
0.24468,0.68056
2.08578,0.69607
0.29134,0.09305
0.15535,-0.63977
1.7023,-0.07948
0.79552,0.12897
2.46589,0.36268
0.17735,-1.04849
0.17405,0.63518
0.81034,0.1539
0.25409,0.53021
0.27991,-0.16988
0.66209,0.31238
-1.16414,1.77234
-0.09722,0.84542
0.57639,-0.72392
-0.78938,-0.03868
-1.1873,2.09669
-2.35407,0.0465
-0.48284,0.00929
-0.41803,-0.62157
-0.55833,-0.26979
1.48619,-0.56607
1.92875,0.0487
-0.90568,-0.11289
-1.05545,-0.63557
0.2365,-1.13189
0.56902,-0.70706
-0.98072,-1.2672
-0.5636,0.28323
0.1506,0.78856
-1.75297,0.53764
-1.02351,0.04966
0.40982,-1.01915
0.76667,-0.52429
-0.11884,-3.18917
-0.38025,-1.89209
0.73823,-0.27899
-0.1022,-0.72785
-1.45883,0.45147
0.38699,-0.5306
1.01673,-0.9512
0.37561,0.34818
-0.42402,0.12874
-0.40988,-0.48184
-1.37991,-0.27192
-1.2123,-0.59275
-0.6398,-0.20784
-0.44181,0.28246
-0.72756,-0.13912
-0.11462,-0.82796
-0.18243,0.90959
0.19775,-0.46812
-1.59457,0.50131
0.63838,-1.84581
1.88712,0.43392
0.04939,2.04021
0.92523,-0.15936
0.12805,-0.12261
-1.83434,0.43093
1.05182,-1.75494
-0.18157,-1.08517
-1.47287,1.1122
-1.97097,-0.6916
0.70564,0.72987
0.54128,-0.51412
-0.59172,-0.73011
-0.68575,-0.62669
0.77952,0.36913
-0.15071,0.5097
-0.58173,-0.72793
-1.11129,0.47138
-0.16326,0.05427
-1.89876,0.32748
1.00781,-1.29792
-0.08051,-0.43137
0.02248,-0.41112
-1.06323,-1.06842
-0.10542,0.51066
-0.82885,0.34572
-0.3717,2.19453
-1.38977,-0.23051
-0.144,0.53346
-0.81508,-0.39533
-0.46746,-0.66282
-0.7894,0.38201
-1.70121,-0.80551
1.71058,-0.62084
-1.78389,0.40922
-1.73524,-0.46688
-1.45833,-0.33997
1.15043,0.53706
0.29046,-0.86394
-0.72759,-1.436
-0.57457,0.20162
1.10672,-1.52292
-0.26823,-0.52005
-0.92104,-0.42468
-0.87745,0.55697
1.50866,0.25004
-1.48527,-1.35718
2.02823,0.70626
-0.08612,0.05717
2.41452,-0.48343
0.00369,-0.60828
-0.45342,0.80314
-1.83991,-0.68781
-2.09714,0.43876
-0.45976,-0.16223
-1.02861,-0.14523
-0.84797,-0.80863
-0.93318,-1.08603
-0.60117,1.90035
-1.4338,0.39199
1.37633,-0.82661
0.19944,1.07196
1.25495,0.04428
0.20504,-0.27634
-0.75251,-0.07598
0.93905,-1.17962
1.58465,0.97045
-0.12672,1.44447
0.50696,0.83184
0.32235,-0.65777
0.01315,0.09903
0.96373,0.1591
0.51044,0.27585
1.15162,-0.32582
-1.00337,0.81862
-0.72623,1.02324
1.15369,-1.98284
-0.27149,-0.24683
0.44392,-0.00224
-1.24132,0.10904
0.58213,0.4241
1.34501,0.14971
-0.78546,-2.07288
0.50049,-1.29
0.29449,1.28457
-0.08884,-0.43232
-1.24926,-0.40813
0.52236,-0.54263
0.6922,-1.12467
0.09462,1.35698
-0.95199,-0.06103
0.89455,-0.11382
0.31877,0.12412
-0.17628,-0.13481
0.79835,-0.13297
-0.55409,-0.14061
0.11967,2.41227
0.25989,0.08564
0.41788,0.53124
-0.94478,-0.05783
-0.10008,0.47602
0.10562,-0.12699
0.27951,-0.06746
0.52956,2.08594
-0.12457,0.16941
0.90716,-0.14796
-0.24767,0.16108
-0.90851,0.29332
0.31044,0.23717
-0.67447,-0.50312
-0.7228,0.8579
2.05902,0.03276
0.11877,0.05524
0.09998,0.07056
1.19933,-0.64753
-0.95258,-0.39175
-0.92832,0.62316
2.06298,-0.30267
-0.15028,-0.22273
-0.44168,2.98941
0.82159,0.13504
-2.15185,-1.03942
0.18966,0.09723
-0.38492,0.52643
1.02632,0.4859
0.67656,0.06234
0.7723,-0.71947
1.18689,0.20272
0.35039,-1.399
-0.91114,-0.42745
0.80595,-0.36643
0.65426,-0.81735
1.21838,0.79803
0.59785,0.981
0.22918,0.84795
1.70939,-0.65768
-1.07322,0.26976
0.59858,2.37733
-0.82815,-8.93437
-1.10712,-0.42985
0.22742,-0.05461
-0.11123,1.01428
-2.04947,-0.34792
0.71176,1.03137
-0.26293,0.2116
0.7364,0.53934
1.5751,-0.17862
-0.04913,0.01451
-0.77067,-0.04477
0.0431,-0.12668
-1.02655,0.97696
-0.46008,-0.13432
0.45473,0.27276
0.15339,-1.9923
0.1519,-0.23044
-1.03355,0.35679
1.10034,0.65868
-3.66975,0.95905
-0.16193,0.03458
-0.34135,0.81448
-1.12526,2.00708
0.19285,-0.00823
-0.61997,-0.50197
-1.18423,0.05578
-0.57353,0.54321
0.62248,0.19779
0.66842,-1.89164
0.47664,1.17624
-0.81923,-1.19437
-0.5164,-0.05337
0.90648,-1.90678
-0.77414,0.20068
0.4744,-1.54633
-0.65129,-0.12786
0.30356,-1.50211
-0.16629,-0.02819
-0.56548,0.40312
0.18262,-0.09647
1.76224,1.01168
0.52446,-0.1164
0.92363,0.20356
-0.11464,0.01431
0.46515,2.4568
0.79538,-0.37394
-0.96822,1.39041
0.19629,-0.4571
-1.52305,0.02312
-0.23009,-1.93755
1.40884,0.20902
-0.26999,0.27965
0.96086,1.12486
-1.76547,0.3964
0.91004,-0.92691
0.44765,0.14966
-0.40734,-0.02338
-0.06225,0.58462
-1.07321,0.40125
0.02124,0.27349
-0.89172,-0.4392
0.07036,0.50235
1.99724,-0.31721
-0.25763,0.05124
-0.63002,-0.52828
-0.1685,0.05463
0.93894,2.76563
0.33887,0.79423
-0.26855,1.52084
-0.9998,-0.44143
-0.00322,-0.18858
-0.26973,-1.09331
0.83699,-0.08206
-1.1907,-0.44495
1.45866,-0.02263
0.19877,1.01249
1.55917,-0.33926
-1.30605,1.07085
-0.37161,0.56338
2.14431,-0.66863
0.65617,-0.60017
-1.21087,1.87475
-0.94308,-0.46152
-0.86986,0.96673
-1.82678,-0.04901
0.88571,-0.36704
-0.46792,0.1809
-1.27351,0.40121
0.24184,0.98094
0.93332,0.98212
0.15016,0.86385
-2.05129,0.3567
-1.6751,-0.80266
-0.45376,-0.42628
-0.57129,2.33948
-0.32708,1.11106
0.12701,0.14828
-0.18756,0.43385
0.14795,0.5848
-1.10927,0.20847
0.8177,-0.6927
-0.45492,0.37798
-0.3925,-0.59132
0.96178,0.05282
-0.31096,0.61642
-1.59452,0.6682
0.45799,-0.17791
1.4858,-0.62725
0.1422,0.82291
0.41586,-0.9574
0.19455,-0.40977
1.66012,0.38583
-1.07003,0.7894
-0.09465,-0.74989
0.94594,0.78426
-0.72853,0.64903
1.15518,0.07028
0.70459,0.28887
-0.24444,0.29703
0.47343,0.29085
1.09341,1.37225
-0.6935,-0.38473
0.72095,-0.21059
-0.48836,1.86282
-0.46588,-0.27154
1.21417,0.49504
0.37224,0.69632
-1.47328,0.19649
-0.41099,0.24091
-0.23466,0.61584
-0.29051,-0.3717
-0.83399,-0.39713
-0.17031,1.04948
1.19869,1.06401
0.94597,-0.08481
-1.30753,0.54227
0.06066,0.6279
2.34619,0.69577
0.74938,1.33613
0.78134,0.32853
0.30492,-2.15194
0.14139,1.10497
1.18524,-0.50047
-1.9142,-1.57933
0.57205,0.97103
0.44552,0.15213
-1.53198,-0.75851
0.35448,-1.59876
-1.28375,-0.2379
0.10012,0.37369
0.42943,-1.61847
1.47026,0.17883
-0.83273,0.16963
0.52437,-0.3371
0.14417,0.61333
-0.56701,-0.46706
-0.93089,-0.02849
-1.06236,-0.54093
-0.01839,-0.00502
0.01373,-0.52298
-0.41544,-1.00809
1.22065,-0.8452
0.23568,-0.42278
-0.36897,5.84949
-0.98092,-0.08746
0.63603,2.83014
-1.96851,-0.07288
0.14455,0.05974
1.74556,-0.57201
-0.79167,0.34579
0.43446,-0.1755
-0.56078,0.01704
0.27658,-0.43886
0.34293,1.98296
0.33395,-3.82387
-0.42768,-0.24304
-0.57968,-0.17681
0.06585,-0.52567
0.06908,0.97521
-0.09395,-0.56909
0.30996,-0.4263
-0.34211,-0.07754
-2.0887,0.33092
-0.18351,-0.18734
-0.57854,0.18028
0.64897,0.00824
-3.02667,0.09872
0.44671,-0.60016
0.2817,2.2903
-1.00711,0.12652
-1.63238,0.45245
0.13497,0.80048
-0.48393,0.34376
-2.05999,0.08378
-1.52591,-0.84534
-0.41157,-1.34179
-0.99353,-0.55341
2.59805,-0.08036
1.07142,0.99167
-0.10216,-0.21429
0.95098,-0.69193
-0.31278,-1.3601
2.03659,0.31114
0.98308,1.40477
-0.16387,0.61441
-1.57962,0.17571
0.50445,-0.6023
-2.26611,-0.43021
0.71451,0.84456
-0.95501,-0.56504
2.67666,0.74242
-0.29244,1.76968
-0.76164,0.97526
1.66078,1.01254
0.12324,0.68175
-0.10099,-0.26343
-1.85041,-0.08469
-0.71995,-0.83629
0.30597,-0.39065
1.59638,0.05516
0.95802,0.21636
0.23132,0.38148
0.12438,0.26707
0.93283,1.08898
0.3519,-0.02883
-0.33623,-0.00973
-1.51255,-0.61612
0.15179,0.52581
-0.72096,3.3268
-0.74661,-0.72149
-0.35196,1.13289
-1.13557,0.47382
1.19676,0.66068
0.29443,0.11631
-0.08885,-0.3448
-1.81086,-0.40642
0.10026,-0.46328
0.47057,-0.35786
-1.84209,-0.83214
-1.48807,-0.10772
-0.3331,1.26235
1.03662,-0.0023
2.84652,-0.18063
1.20244,-0.06161
-0.78673,1.40733
-0.03459,-0.42244
2.35559,-0.11778
0.62748,-0.90286
0.58949,-0.50916
0.46438,0.30886
-0.34457,-0.20751
-2.26644,3.09681
-1.17545,0.13908
-0.68835,-0.38836
0.5239,0.42387
0.48112,-0.64009
0.21951,0.36605
-0.44591,1.17034
1.29493,-0.01417
0.59066,0.88242
0.19788,-0.20005
-0.65758,-0.55213
0.16008,0.70836
0.74689,-2.99757
0.83643,0.18285
-0.17388,0.37286
0.47257,1.37153
-0.1202,0.45705
0.71834,-0.29024
-0.22449,-2.45867
2.04795,1.24432
1.65918,0.31445
-1.10182,0.10648
0.2989,-0.39915
0.63368,0.11485
0.89965,0.09807
-1.43851,0.65911
-0.89555,0.43694
0.95744,0.01525
0.36857,1.73507
1.50879,0.14179
1.24924,1.22225
-0.78438,0.06044
0.10053,-1.33307
-0.43027,0.43331
0.43154,0.01181
1.86717,-0.87229
-0.13738,0.16649
1.16481,-1.38798
0.4791,0.84242
0.45259,-0.25971
0.14414,0.95469
0.08939,-0.78538
0.81402,0.51734
-0.3805,-0.80315
0.84162,-0.93196
0.20569,0.37236
-0.78707,0.76394
-0.99543,-0.02765
1.34337,-0.26193
-1.44286,0.22122
0.54187,-0.75267
3.57105,-0.62993
-1.04496,0.21898
0.50731,-1.01329
-1.30727,0.54315
0.6546,0.56301
0.7363,0.27231
0.34,0.7923
0.75129,-0.7379
-0.97067,-0.24552
0.12336,-0.25595
-1.00399,-0.28936
0.67471,0.10183
-1.39555,-2.4611
0.5208,-0.27464
1.33516,-0.17757
1.36055,-0.29773
0.17837,0.01766
0.20678,2.0247
-0.49981,-0.61684
0.17238,0.67826
-0.85428,0.50161
-1.87562,-1.12889
-0.5556,0.63847
0.64542,0.71161
-1.11027,0.37676
0.70312,-0.06617
2.18264,-2.72188
0.30154,-0.44689
0.24932,0.07556
-1.98975,-0.87684
-0.38241,1.00372
-1.41146,-0.15662
0.65786,0.64198
-0.77187,0.17771
-0.04509,0.61687
-0.67181,-1.2784
-0.04434,0.11763
-0.21347,-0.77686
0.74297,4.72489
2.27638,-1.82007
0.44751,-0.26563
-0.74392,0.46728
-0.45419,0.64617
-0.34789,0.03492
-1.25756,-0.30474
0.03885,-0.9362
-0.83017,-0.24299
-0.17656,-1.59851
0.27872,-0.49564
1.93976,0.24202
-0.08911,0.86896
1.12597,0.04354
1.2646,-0.75905
-1.04787,0.55814
-0.09891,0.28256
-0.62117,2.7924
1.59904,-0.19372
0.82923,0.8029
0.50399,-1.40424
0.04521,0.1588
-1.67616,-0.94233
-0.30327,-0.77323
-0.76095,0.36584
-0.01793,-0.02488
-1.23696,-0.50387
-1.57581,0.99008
-1.07616,0.288
0.63389,-0.17001
0.547,-0.16228
0.20472,0.4082
0.16163,1.36102
-0.42164,-0.03605
0.70572,-0.13052
-0.74382,0.13488
-0.14026,0.99492
0.68514,-0.61208
0.74642,-0.46385
-0.9391,-0.1054
-0.31287,-0.1229
0.70264,-0.45468
0.13078,0.44602
0.36997,0.84023
0.86178,0.3777
0.28978,0.38743
-0.95563,2.91598
-1.02194,-0.04546
0.19814,-0.01725
1.58538,-0.7245
-0.34663,0.85748
0.9426,0.20163
-0.14807,1.75524
1.69187,-0.55789
-1.89602,-0.31168
-1.25023,-1.39191
1.14233,1.12115
1.10185,0.06194
-0.4046,1.37534
0.97731,1.68993
-0.36908,-1.02706
-0.09118,-0.14304
0.57173,-1.66014
-0.05027,-0.05277
-0.35864,-1.08843
-1.47232,0.00519
-1.1925,0.23526
-0.76671,0.35931
1.5239,3.1539
-1.07346,-0.42384
0.63959,-0.0979
-1.03147,-0.16233
0.4207,-2.63737
-0.09263,-0.77811
-1.38664,-0.74094
0.97163,1.51325
-0.61174,0.31982
-1.3242,1.60088
-0.22971,0.37055
0.08354,0.29242
0.57208,1.16532
-1.01025,-0.3555
-1.21978,-1.29932
1.41412,0.45046
1.29439,0.44843
-0.03271,0.22061
0.55683,0.2073
1.05936,0.23525
-0.19657,0.03013
-0.55584,0.52941
0.12261,-0.09565
-0.27808,0.93316
-0.33652,-0.27066
0.96739,-0.76861
1.26993,1.03456
0.45518,-1.12723
0.87376,1.3085
-1.06856,-1.4681
0.50738,0.33352
0.77679,1.00313
0.41017,-0.51744
-1.58881,-0.18058
-1.01752,-0.27647
0.50586,-0.39884
-1.58188,0.08435
0.27453,-0.38301
-0.07397,0.48767
1.95765,-0.45503
-0.65122,0.14316
-0.55312,-0.98527
1.20723,0.87785
1.22794,0.6694
-1.09434,0.34734
-0.11741,1.35844
0.22874,-0.40938
-0.26583,1.31186
0.0061,0.78745
0.61259,-0.40622
-2.22108,0.10095
0.68661,0.35908
-0.10325,0.58031
0.19849,-0.15123
0.84516,-1.34082
0.23874,-0.2878
-0.25565,0.20953
1.58965,-0.70191
-0.77424,-0.02098
-1.24068,2.69825
-2.72025,-1.01641
0.98959,-0.02884
-0.9326,-0.02955
1.14135,0.08498
0.92831,0.7131
0.95876,-0.04499
-0.98196,-0.00236
0.50242,-2.64558
1.54228,-1.11605
-0.50564,0.68191
-0.88078,-0.62995
0.1258,0.24175
-0.91588,-0.6219
-0.45789,0.35719
-0.0415,-0.93213
-0.13378,0.8025
0.26025,0.24311
-0.84851,0.48653
-0.81609,0.05436
-0.0702,0.13673
1.11985,0.51145
0.31747,0.28853
-2.51359,-0.60831
0.02572,-0.40893
-0.50643,2.88719
-0.52807,0.51838
-0.24759,-1.29538
-0.40774,-0.68923
-0.26546,0.25539
0.67064,0.48007
1.25191,-0.25303
-0.55235,0.36922
-0.10212,0.65074
1.46168,0.34006
-1.18511,0.18518
-0.21136,-0.49369
0.26236,-0.38438
-0.68528,0.1086
-0.40391,0.19626
1.47947,-0.14822
0.58118,-0.14596
-1.31117,-0.57437
2.98989,0.22334
0.40907,1.73505
0.40358,-0.33341
-0.41774,-0.33968
0.68146,-0.98767
0.52252,-0.51114
-0.00752,0.072
0.00391,-0.31404
0.04383,-0.26806
-0.94385,3.81235
0.90708,0.0758
-0.63148,-0.72811
-1.79333,-0.70052
-2.45159,-0.4989
0.13967,1.03437
-1.84029,-0.36705
-0.10752,-0.11561
0.15373,1.20684
-0.18102,0.39732
1.52732,-0.47858
-0.44495,0.45761
0.03341,0.7978
0.43511,3.73449
1.24437,0.07242
-1.57043,-1.7984
2.22348,-0.2992
-0.44302,-0.64211
1.69626,-1.89313
-0.83749,0.39986
-0.49491,1.07897
0.42929,0.26678
-0.31154,-1.43901
0.357,-0.95265
-0.2842,3.37747
1.9792,0.01353
-0.8389,-0.0219
0.34816,-0.00288
1.25612,-0.14519
0.31246,-0.25087
-1.82451,0.22958
1.24507,-0.33532
-1.24838,-0.77431
-0.85672,-0.06229
1.55772,-0.49711
1.51082,2.33825
-0.14106,0.92185
1.42536,-0.52812
-1.50741,-0.72036
0.14998,-1.08915
-0.6307,0.05613
-1.27967,-0.32304
-2.17661,0.75938
1.25163,-0.00098
-0.0627,-0.31161
0.9317,-1.9582
0.5641,-0.06636
-0.17163,0.71531
-0.04166,-1.04667
-1.55814,0.41215
-0.30232,1.44796
1.06536,-0.5429
1.50328,0.4689
-0.85547,0.55117
1.60688,0.36171
-1.2176,0.02169
0.20165,0.44946
0.17897,1.29841
0.95657,-1.19382
-0.78288,0.62258
0.79438,1.15527
-0.50328,0.60122
-1.37963,-0.25848
-0.71109,-0.62757
-0.06305,-1.07366
0.91713,-0.47124
0.65209,0.58156
-0.69014,-0.00973
0.51106,-0.08576
0.74383,-0.16556
0.80446,0.37035
0.18751,-1.35928
-0.64787,0.23724
-0.94717,0.36418
0.26351,-0.06616
0.60612,-0.21547
-0.90187,0.49437
-0.59492,1.22961
1.37067,-2.29366
1.01431,0.20622
0.50951,-0.70802
0.1358,0.33186
-0.33628,0.48228
-0.79154,-0.79421
1.03572,-0.39842
-0.94133,-0.40975
1.92718,1.17069
1.63935,0.47389
-1.04899,0.37099
-1.91483,-2.45887
0.06581,0.58571
-1.19853,0.0039
-0.6017,1.64432
0.27417,0.47614
-1.43962,-0.47074
0.20636,-0.18345
1.26512,0.29632
1.29887,-0.3548
1.03998,-0.94084
-0.27115,-0.54158
-0.4559,-0.63322
-0.56295,-0.88716
0.15104,0.30973
0.73324,0.97829
-0.10778,0.10615
-1.37428,0.24899
-1.31154,-0.87133
-0.78905,-0.86059
0.04155,-0.6542
0.62055,0.50428
-0.0963,-1.14477
0.68953,1.12101
-0.1649,-0.20524
0.19811,-0.88002
0.41631,-0.34403
-0.22511,-0.27187
0.83269,0.08537
1.39396,1.95454
0.51849,2.19364
-0.36925,1.95831
0.10984,0.59853
1.00774,-0.8435
0.10988,-0.47729
-0.25836,0.53778
-0.54683,0.22605
-0.12715,0.05117
-0.06454,-0.11871
-1.60433,-0.66836
0.63588,-0.14581
-1.21784,-0.14128
0.90793,-0.2107
-3.1981,-2.59833
-0.06294,0.71264
1.07446,0.01117
1.00037,-0.33477
-1.57731,0.54416
-1.3365,1.17298
0.43677,-0.44245
-1.24151,-0.28249
0.925,-0.18342
1.48218,0.48346
-1.04752,-1.86856
-1.19319,-0.43004
-0.36909,1.05439
0.77535,-1.37486
0.55398,-1.23273
0.32491,-0.05705
-1.41845,-0.07129
1.28227,1.73146
-0.00467,-2.14475
0.60327,-0.05323
0.15818,0.14025
0.7905,-0.07963
1.22137,-0.1419
0.72676,0.63159
-2.83213,0.04667
-0.78604,0.01268
0.67881,-1.21945
-1.14605,0.62811
2.11075,-0.22001
-1.01003,0.356
0.1715,-1.01931
0.54295,2.59274
0.85994,1.03796
2.07965,0.254
-1.88955,0.63018
1.04297,0.40963
0.68256,0.54877
0.05723,0.03143
-0.21802,0.56815
-0.71226,0.04413
0.87435,-0.75285
-0.41543,-0.40974
0.66298,-0.15243
2.17315,0.12068
1.29985,0.64795
0.80704,0.90766
0.96786,-0.0249
-3.15752,-0.03669
0.82853,-0.08272
-0.42159,0.22052
-1.13356,-1.28283
0.86266,0.56473
2.25839,-0.17306
-0.97505,0.28096
0.14136,-0.43566
-0.78804,-0.23966
-0.46393,-0.38538
1.18104,-0.3059
-0.47856,0.25725
-0.22155,-6.00398
-0.04325,0.57496
-1.5577,-0.13014
-0.43503,-1.38
0.67507,-0.74706
0.70872,-0.05552
-0.10475,0.58932
1.06041,0.71896
1.33794,0.45712
-1.93459,-1.83916
-0.29903,0.35485
0.3546,-1.72394
0.76292,-0.62686
0.0746,0.33418
1.05181,1.41185
-0.4707,-0.73609
0.97808,-0.59487
-0.83565,0.41057
-1.24436,0.66596
1.48311,0.36612
0.30156,-0.62215
0.04732,0.08858
-1.39136,0.13873
1.04993,-0.23247
-0.27922,0.08322
0.75763,-0.1423
-0.32632,0.44197
-0.37837,-0.6067
-0.77301,-0.01981
-0.60892,-0.09028
-0.04056,-1.9669
0.01208,0.26819
-0.03567,-0.46528
-0.54473,-0.10314
0.17509,0.96613
0.54121,0.12955
-0.63207,3.53855
0.41268,-1.26071
1.26736,-1.44593
-2.57558,-0.26945
0.82408,0.58595
-1.31557,-0.34809
1.22998,0.38968
0.15437,0.17644
0.96581,1.57235
-0.65944,-0.07189
-0.16436,0.47144
-1.6653,0.32031
-0.23886,0.50721
0.21349,0.17854
0.69929,0.44106
-0.741,0.73767
0.33236,-0.54005
-0.58359,-0.40013
0.67009,-0.03426
0.94949,1.50377
-0.32509,-0.27541
-0.30514,-0.60682
0.15145,-0.23795
-1.9476,0.37492
-0.93869,0.46279
0.2418,2.35079
-0.44069,-0.29714
1.18469,1.19156
-1.52406,-0.30869
0.81333,-0.2749
-0.70775,-0.52347
-1.30964,1.99563
0.24705,-0.60826
-0.78401,0.64169
-1.36275,-0.33831
0.42873,1.73148
-1.05685,-0.02071
-1.09235,0.9111
0.2991,1.04131
-0.76821,-0.56333
-0.40475,-0.38913
2.03381,0.00944
0.58581,1.41658
-0.11891,0.32172
-2.56535,-0.83732
-0.19485,0.97086
-0.25466,-1.79518
0.33897,-0.53472
-0.76395,-0.1937
1.56978,-0.13292
-0.06773,-3.19226
-0.33011,-2.27564
1.58495,0.28155
0.39729,1.37344
0.09409,0.57905
-0.57581,0.34623
0.17855,-0.19991
-0.40216,-0.594
-1.06302,-0.36292
0.6534,0.27717
0.33675,-0.03717
0.55359,0.58931
0.33243,-0.39428
-0.08815,0.03682
-0.8456,-0.42564
0.18157,-0.71834
-0.44547,0.52869
1.25789,-0.21735
1.79481,-0.12406
-1.6514,-0.54585
-0.0098,0.04179
-0.45359,-0.04481
0.22766,0.14445
1.66948,0.38881
0.80108,-1.88269
-1.98871,-0.01293
1.06441,-0.89372
-0.57938,0.01889
0.28619,0.00934
-0.68422,-0.58934
-0.71357,0.02423
-0.65686,-0.26358
0.1355,-0.33116
1.55152,0.21846
-0.37732,-0.39918
-0.42394,0.8926
-1.10161,0.19209
-0.30393,0.00598
0.10249,-0.28599
-0.61315,0.86071
0.6478,0.23936
-0.60902,0.32009
-0.11254,-0.47568
1.53866,0.94964
2.28703,0.00075
2.3096,-0.52409
-0.62305,-0.82224
-0.39927,-0.29615
-1.05566,0.7712
-0.88736,-0.10663
-0.24584,-0.60031
1.07391,-0.18147
1.29814,-0.82931
-0.64145,-0.04699
-0.27591,0.54067
0.96914,-0.15406
1.17469,-0.9241
0.31479,-1.29448
-0.65869,-1.37216
0.30475,0.05392
1.84018,-0.64575
1.84278,0.36378
0.00971,0.26703
-1.16803,0.53746
-0.42395,0.48139
-1.59202,-2.73369
0.09633,-2.31438
-0.29102,0.04746
-0.35941,-2.01953
0.56113,0.11716
-0.35251,0.34992
1.05418,-0.47705
-0.11899,1.27874
0.20911,0.08611
1.07194,-0.43751
-1.26775,-1.55147
1.91921,0.75883
-0.14953,-0.54085
-0.92954,-0.1464
0.42177,-0.56866
2.05412,0.86318
-0.40705,-0.1406
0.75801,0.83971
1.36097,0.13141
1.44263,-1.21944
0.42514,-0.4015
-1.0834,2.23897
-0.36936,-0.69583
1.49556,0.14156
-1.21672,1.41426
1.24334,-0.56823
0.29314,0.06405
0.49388,0.56034
0.2244,0.15872
-0.81334,-0.6349
2.38768,-0.00399
-1.29032,1.62532
-0.14571,0.27569
-1.38502,0.27564
0.35866,-0.61438
0.50896,1.05083
-2.57413,-0.08255
0.42664,-0.27113
-0.16117,0.25822
0.8088,-1.16639
-0.00332,1.43519
-1.02252,0.03303
0.00339,-0.2376
-0.68339,-0.04952
0.75613,-0.73368
1.43722,0.03064
1.50906,0.46926
-0.16209,-0.26099
-0.94288,-0.00133
-0.08155,0.70032
1.26738,-0.44442
0.33284,0.35719
1.18423,0.52949
-0.10742,-0.95852
0.01363,1.0312
0.33881,0.38319
0.88291,-0.37742
4.17077,0.1545
1.65259,-0.32252
-0.17065,0.65032
0.40263,-0.32458
-0.53307,-1.04215
0.96795,-1.28426
0.63395,-1.48717
-0.22741,-0.05992
0.18733,0.16125
-0.3337,0.46109
-0.38242,1.73042
1.23575,-0.70388
-0.01505,0.59137
-0.70538,-0.12509
-1.0917,0.01321
-0.80168,-0.07599
-0.93796,-0.36463
0.8396,0.17291
-0.72218,0.10882
0.22993,0.14721
0.09229,0.13762
0.53429,1.01135
-1.10994,0.06434
-0.64718,0.55826
0.81449,-0.33366
0.6558,-0.4369
-0.72463,1.11323
1.50478,0.22118
0.28812,0.18897
-0.10929,0.29153
0.22713,0.2742
-0.99392,-0.02832
0.25338,-0.25456
0.13083,0.35461
2.52157,-0.01636
-0.36716,1.04699
0.0365,-0.32083
-1.67076,-0.74351
-1.46507,0.29538
-0.20332,0.34986
1.912,-2.53135
-0.5372,-0.61352
0.6291,0.93917
0.02246,-1.04867
0.49624,-0.8292
1.10098,0.77946
-0.21184,-0.20118
0.28492,-1.28612
-0.15282,2.13483
-1.94345,-0.5286
0.46594,-0.17014
0.09829,-0.34632
0.00278,1.31574
0.87338,0.41218
-0.40317,-0.32759
1.45353,0.08597
-0.06744,0.92893
-0.86414,0.98793
0.37992,-0.12532
1.97778,-0.48249
-0.58923,0.47613
0.18058,1.0752
-1.62908,-0.01413
1.2862,-1.79606
-1.06207,0.77468
-1.07707,0.52773
-0.16011,0.71345
-0.80728,-0.91575
-0.15938,-0.84491
-1.1643,0.36637
-0.54362,1.00484
0.1787,0.84737
1.01953,0.33149
-0.90709,0.78093
-1.49765,-1.45877
-0.5009,0.56308
0.124,0.35267
-0.25135,-0.86266
0.27013,1.01765
-0.55238,-0.38657
0.19421,-1.50757
1.12206,-0.21638
-1.01819,-0.79103
-0.19389,-0.12715
-0.00427,-0.3694
-0.44976,-0.38225
-0.6158,0.743
-2.48105,0.76978
-0.69033,-0.18279
-0.00224,0.62166
0.10871,0.06348
1.61531,0.62069
-1.40548,0.09185
-1.798,0.2613
-0.01698,-3.17127
-0.4984,-0.20395
0.45289,0.45433
-0.7933,-0.99475
-1.09927,0.75642
-0.18228,0.15481
-0.54554,-0.37079
0.90687,-0.37858
-0.66854,-0.09899
-0.3936,-0.23695
-0.23668,-0.53271
-1.0693,0.16083
-1.86954,-0.57714
-0.12962,0.37141
-0.03455,-0.36466
-0.85135,0.48707
-0.11296,-0.18542
-1.16761,0.30247
-0.07715,-0.51468
-0.72055,-0.84923
-1.27027,0.12588
0.53743,-4.66497
1.25498,0.6023
0.01157,-0.29706
0.51041,-1.65063
1.90102,-0.00325
0.43299,0.19903
1.61693,0.17994
-0.15509,0.77049
-0.79104,0.66427
1.86263,-0.15191
-1.59257,0.5305
-1.39299,1.27909
0.56032,0.622
0.2034,0.09419
-1.2091,-0.6301
0.96804,0.53556
0.04109,-0.61651
-0.5327,-0.00738
0.06922,0.83079
-0.07373,0.84534
-0.69366,0.80367
0.10018,0.01695
-0.80714,-0.30761
0.29315,-0.0482
1.48338,1.25556
0.79992,1.46928
0.35351,-0.78428
-0.00568,-0.68765
2.28913,-0.14686
-0.43626,1.54174
-1.25833,-0.11424
0.47268,-0.93489
-0.18167,0.33373
0.3005,0.27237
-0.65892,-0.58753
-2.01056,-1.11754
0.03463,-1.35639
1.14752,-0.50806
-1.40304,-0.42425
0.31219,0.34004
0.79577,0.18515
0.17787,-0.5101
1.19065,0.19489
0.09801,-0.23326
-1.71939,0.26067
-1.30229,-0.72546
-1.41011,-0.06928
0.66079,0.00052
-0.04039,-0.60351
0.37575,0.24487
-0.38072,0.05985
-1.35484,4.62145
0.11103,-0.5055
0.6873,-0.34203
0.9045,0.85553
-0.42107,-0.3431
1.19764,3.42951
0.19486,1.59492
-0.14543,0.33749
1.74974,-2.34753
0.12743,-0.65659
-0.29918,-0.81564
0.66149,-1.31772
0.86381,-0.60089
0.08985,-0.57572
-0.0486,0.27109
-1.69176,0.86882
0.147,-0.23484
-1.59611,0.99393
-1.43995,-0.77195
-0.04009,-0.28026
-0.97971,2.0988
-1.00941,0.33161
-0.70659,-0.10827
-0.34137,0.31634
-0.02473,-0.28468
-1.12391,0.02657
0.37979,-0.51035
0.88588,-0.22457
0.13916,-1.26191
-0.45574,0.87644
-0.09849,0.28714
0.55469,-0.16371
-0.69341,-0.30926
-0.00098,0.10131
-1.64285,-0.76902
-0.13341,-0.21142
0.12525,-3.71639
1.78245,0.72278
1.31893,-1.65115
1.37813,-0.28034
-0.97812,-0.37918
-0.68918,0.5908
1.16285,-0.32767
0.24855,1.06462
-0.68452,0.11738
-1.8481,-0.25609
0.54804,0.76798
-0.35534,0.41415
-1.04285,-0.84099
0.51183,1.18428
0.2021,-0.21266
0.72884,-0.02157
0.49178,-0.89678
-0.4399,0.08486
-1.09919,-0.18624
0.76224,-2.32998
1.13869,0.81566
0.13004,0.7572
-0.3198,0.18728
0.7195,0.06736
0.38207,-0.19167
0.83316,0.40712
-0.41619,-1.30616
-0.01083,1.02833
-1.14379,-0.12595
-1.15563,0.20284
-0.89527,-1.0081
0.09166,0.47179
0.47861,1.2673
2.05967,0.03817
-0.60287,1.0036
-0.61087,-1.55206
1.11166,-0.63182
-1.50696,0.52023
-0.99691,-0.82873
0.30754,0.84138
0.19314,0.31239
-0.94522,0.11111
1.45189,0.28303
1.33157,-0.39866
-1.00741,-0.92134
-0.76599,0.52038
-1.43046,0.29541
0.17289,-0.11183
-0.22589,0.79626
-0.42912,-0.51802
2.44058,-0.70456
0.18719,-0.1234
-1.4295,-0.40219
-0.81433,0.54868
0.13984,-0.96275
-0.06311,-2.30554
0.68705,0.23542
0.38838,-0.26894
1.32465,0.31838
1.53304,-0.01589
1.14795,-0.22758
1.26896,0.21811
-1.31967,0.03067
-0.23874,-1.05508
0.563,-0.33118
1.21882,-0.72313
-0.83852,-0.53573
1.28859,-1.29169
-0.98008,0.06849
0.10741,-0.0514
1.36575,-1.2333
-0.40982,-0.29378
0.37957,-1.24037
-1.30899,-0.20371
0.22847,-0.47617
0.68605,0.46233
0.34584,0.89493
0.09616,0.23329
-0.53588,-0.61339
-1.33796,-0.11884
0.22645,-0.285
-0.86974,0.39058
-0.21594,-1.91285
-0.6149,-0.44246
1.04555,-2.26585
0.96924,-1.62634
1.53612,-0.542
0.41822,-0.76017
-1.34195,1.48904
-0.19909,-0.40075
-0.64754,0.50454
-1.56728,-0.31074
-0.20726,-0.61224
-1.17103,-0.01673
2.12664,1.13754
2.62748,0.18134
-0.66709,-0.05372
0.5695,0.23749
-0.20494,0.09504
0.09462,-0.88944
-0.00306,0.24666
0.40366,0.22654
-0.22638,-0.09943
0.69375,0.31037
-2.0145,1.169
-0.87039,0.79886
1.28118,0.61652
0.169,0.24689
0.17033,-0.29444
0.13338,0.53817
-1.41737,-0.1636
-0.69136,0.18115
0.7683,-1.26406
0.34076,-3.92716
-1.60759,-0.40977
1.64847,-0.15161
1.4502,1.06074
-0.97966,-0.3689
0.48742,0.5812
-1.35588,-0.98423
-1.3323,0.47084
-1.88536,-0.3895
1.62263,0.27397
1.3094,-0.13444
1.55743,-1.45568
-1.72054,0.24567
0.68775,0.36634
-0.93402,-1.01829
1.9647,-0.69531
1.49526,-0.91431
1.09805,-0.02217
1.55732,-1.22261
0.83048,0.57955
0.61799,0.58081
-0.26067,0.39515
-0.01572,0.55654
0.31361,0.74463
-0.45401,-0.53338
-1.23961,-0.56406
0.36619,-0.45373
-1.15364,-0.35797
1.76605,-0.0093
1.93768,0.14631
0.9821,-0.79589
-0.12695,-0.47268
0.67823,-0.17207
0.573,-0.97066
1.34093,-0.36977
-1.84994,-10.69173
1.92203,-0.12071
1.05497,0.37363
0.72704,-1.16933
-0.40245,-0.25064
-0.87906,0.09037
0.75038,1.35435
-0.37512,1.08235
-2.27792,0.12457
-0.91009,-1.05237
-0.15661,0.57325
-1.62305,1.24771
-1.40871,1.23732
0.57016,-0.05478
-0.86728,-0.13513
-0.19804,0.30149
0.80624,-0.41662
-0.59426,-0.18302
-0.14924,-0.24779
1.2702,0.19894
1.56969,0.15811
-2.20281,-0.42888
0.57354,1.50308
1.25424,-0.11122
-0.03201,0.23001
-0.0395,-0.49738
-0.72703,0.41042
1.37725,0.08845
-0.31182,0.06561
1.2841,0.61249
1.00733,-0.26656
-1.06765,-0.37145
0.42479,0.62244
-0.73893,0.03321
0.66614,0.06077
-0.55112,0.17889
-0.89351,0.59698
1.23173,-1.64865
0.32213,0.69712
0.31496,-0.44016
0.90158,-0.51289
0.82342,0.37311
0.12544,-0.42931
0.03101,0.5005
0.14125,-0.51456
0.34127,1.75889
0.23286,-0.00551
1.64688,0.14116
0.03066,0.83791
-0.04165,-0.05149
2.06922,0.00479
-0.68274,0.73828
0.55667,0.60365
-1.66443,-0.89048
-2.05835,0.1208
-0.93352,-0.08211
0.39558,-0.12496
0.02512,-0.05824
1.70635,0.73935
0.11936,-1.22507
0.82403,1.73785
-0.14692,-0.48007
-0.4889,-0.03298
-0.35399,0.18313
-0.67763,-0.1908
0.79912,-0.10069
-0.91879,0.20771
-0.39765,0.327
-0.24474,0.25662
-0.94025,-1.99331
1.65843,-0.44769
1.46297,-0.04614
0.25658,-0.47193
0.81146,0.35067
-1.82637,-1.90378
-0.11016,0.1378
1.38958,-0.94692
0.03967,-0.60983
-1.02727,0.79899
-1.00021,0.63618
1.00208,0.17101
-0.7845,1.07118
0.97032,0.44003
-1.55643,0.47299
0.45067,0.28393
0.61263,0.35461
0.23654,0.98088
-0.03984,0.01155
0.67866,-0.38168
-0.43509,0.0922
0.26092,0.21999
0.243,-0.57569
0.41088,-0.92423
-0.65064,2.01473
1.00006,2.13395
-1.8376,0.32924
-1.07149,1.09846
0.3875,1.79857
-0.17963,0.5877
-1.32398,0.26249
0.04245,-0.48038
-1.14697,0.75634
-0.54661,-1.37455
0.6495,-1.28858
0.84629,1.01124
0.74881,-1.1946
-1.03496,-0.56791
-0.22313,0.47259
1.88045,-0.16333
-0.64471,-0.95421
1.19705,0.94433
-0.35186,-0.38953
-0.31817,0.1051
-0.9048,0.68218
-0.59799,0.77112
-0.38269,0.14663
-0.9828,-1.0028
-0.43075,1.28713
1.77969,-0.0765
-1.12213,-0.16611
-1.3666,0.06506
-1.98464,0.48295
-2.30429,-0.06184
0.8941,0.17132
0.77071,0.56501
0.83691,0.40764
0.63321,0.89428
1.32802,-1.05752
0.71089,0.57892
0.91741,-1.06439
1.32108,-0.97143
1.26094,-0.2179
1.07498,1.16998
0.77899,-2.45129
-0.7304,-0.08221
-0.47725,-0.86479
0.61644,0.25617
1.37694,-0.37467
-1.65655,0.12514
1.56474,-1.10699
0.5659,-0.27042
1.19788,-0.82907
-0.58928,0.77845
-0.1886,-0.12384
-0.62633,2.08759
0.48253,2.39722
-0.40826,0.41845
-1.32099,1.46596
-0.09349,1.07584
0.04998,-0.52838
0.35834,0.16693
-0.466,0.20658
0.31298,0.58893
0.68285,0.10087
1.75782,0.21535
0.20701,0.60705
-0.23544,-0.10252
0.34981,0.26833
-1.2706,-0.19043
-1.94261,-0.64574
0.61808,0.23774
0.59511,0.03611
0.04311,0.64312
-1.37947,0.17701
1.11089,-1.84605
-0.71486,-0.27694
1.96653,0.20959
0.86722,0.17773
0.24906,0.57024
0.70445,-1.25925
-0.1909,-0.35882
-0.22149,-0.018
-0.14337,-1.13216
-0.5498,0.41351
-0.55084,-0.92987
-0.63565,-0.22792
0.11333,-0.3912
-2.79016,0.66106
-1.29815,0.60515
-0.38343,-1.16092
0.63343,-0.20544
-0.34211,-0.58938
0.10856,0.1486
-2.06593,0.27773
1.00595,0.00173
-0.17267,0.23214
-0.75713,-0.7555
-0.10867,0.63082
1.09965,0.59183
0.63293,-0.73239
0.82644,0.07066
1.12845,0.93468
-0.56817,0.0906
1.07861,-0.70121
-2.01643,-0.41543
-0.85575,1.63483
0.67842,-0.66722
0.88648,0.54057
-0.93867,-0.10355
0.29609,1.20264
0.9721,0.18341
-0.06491,-0.81954
0.38424,-0.71126
0.44494,0.4622
1.37991,-0.96854
-0.55597,-0.14667
-1.21161,0.79494
1.56964,-1.77299
0.51849,-1.02621
-1.81609,1.37028
0.23282,-0.35095
-1.13032,0.80442
-2.16391,0.50892
2.21816,0.13014
0.1329,-0.02952
1.20091,-1.0929
-1.71884,-0.21624
0.27898,-1.65597
-0.34532,0.98818
-0.1297,0.66568
1.5684,0.06648
-0.78817,0.86055
-2.05563,-0.9432
0.91446,0.63697
-1.35805,0.73655
1.14201,0.13683
1.09087,-0.24749
-1.52578,1.32373
0.60777,0.60828
0.25444,-0.6393
-2.25748,0.03097
-1.33245,0.17724
-0.02457,-0.33643
0.24984,0.02695
-0.07064,0.13416
0.88572,-0.20334
-1.36683,0.0715
0.33335,0.50453
0.0281,-0.17481
-1.15728,-0.26582
-0.8981,0.96586
0.45088,1.34748
0.78865,1.0922
0.38601,1.3912
0.69226,-0.08265
1.31213,0.51563
0.14562,-0.1524
-0.38411,-0.33341
-1.99625,-1.3161
1.56449,-1.31777
-0.42059,-0.31366
0.31646,0.1756
-0.0493,-0.8566
-0.2621,0.71184
-0.38383,-0.41808
-0.1874,0.18514
0.06722,0.19381
0.11523,-0.95632
-1.84917,0.22871
0.99931,0.76987
-0.76489,-0.21738
0.14851,1.03517
-0.07216,0.12558
1.23705,-0.62084
0.09223,-0.69764
0.10825,-0.81709
-1.67648,1.37937
-0.24387,-0.2829
0.95546,-0.77349
-0.15553,-0.29542
1.38876,1.01964
0.01775,0.02505
1.15128,1.07448
1.52895,0.32523
0.88601,0.65247
-0.82737,-2.65466
2.09438,0.58524
0.35434,2.16113
-0.82383,1.09852
1.92893,-0.13428
-0.60584,-0.05169
-0.10495,-0.15959
1.18373,0.59933
0.61101,-0.08492
-0.85195,-0.16077
2.66618,-0.13596
-1.30697,-0.09593
-0.73233,0.01792
0.52931,0.16191
2.01429,1.64267
-1.83129,1.23701
-0.86536,-0.78992
0.06869,-0.02461
0.48363,-0.03545
-0.27912,0.47701
0.36646,-1.30646
-0.56791,0.84156
-0.56607,0.85665
-1.61452,0.36462
0.70823,-0.14725
-0.84711,1.01278
0.21301,0.32842
1.84723,0.23848
1.98984,2.23246
0.28748,0.43775
-0.03976,-0.43025
-0.97833,-0.46944
0.10688,0.68847
0.10636,0.25537
-1.37293,0.18762
-0.35251,0.54678
0.38496,-2.39497
0.50507,1.46901
-0.85461,0.51767
-0.48047,-0.20026
-0.93718,0.8235
0.73037,0.44279
-0.70844,-0.60998
0.46665,0.96804
-0.08021,0.26402
0.71171,-1.05788
2.09668,-0.34925
-0.86289,1.39356
0.24802,4.18204
-0.20852,0.18749
1.50623,0.31359
0.6837,-0.59676
-0.10042,0.68291
-0.24046,0.3359
1.64805,-1.19777
2.18037,1.70015
-1.43317,1.63132
-0.11352,-1.10613
-1.11781,-0.11722
-0.13763,-0.67202
-0.04124,-0.10959
-0.61925,0.93355
1.23791,-0.2934
-0.61979,-0.5092
0.75626,1.89853
-1.72523,-0.91554
-0.72941,0.7478
0.25106,-0.15727
0.90364,0.38005
-0.56216,-0.58215
1.0407,3.6804
0.32814,0.07948
-1.37555,0.17316
2.05888,-0.16973
-1.0035,-0.03831
1.82932,-0.95972
-1.33124,-0.07761
1.09857,-1.18121
1.08021,0.1276
0.9757,0.59765
-0.1917,-0.12604
0.78203,-0.30204
-2.3739,0.12226
0.12255,-0.53169
-0.07543,-0.20798
-0.35078,0.02792
1.74484,0.05145
0.73569,0.40848
0.67765,-0.6768
0.45593,-0.75799
0.55045,0.8333
0.66999,-0.37692
-1.46525,0.94226
0.01176,-2.34588
1.60557,0.20004
0.073,0.96859
-0.65517,0.05001
-0.04929,-1.90434
0.1012,-0.06836
0.17834,0.97628
0.40146,0.15843
0.52646,1.3138
0.8616,-0.02844
-0.88771,1.05497
-0.48365,0.23023
-1.12446,-1.1248
-0.14872,0.11992
1.09964,0.53006
0.69397,0.21243
-0.96358,0.49829
-1.47741,1.13583
-1.00264,0.49793
0.97259,0.05453
1.05502,0.43324
1.43752,0.90193
-1.88858,0.82867
-2.31073,0.69335
1.64814,0.31733
-0.1512,-0.16014
0.07371,-0.71005
0.13803,-0.04961
-0.46596,1.4531
0.41865,-0.06681
-1.62468,0.25739
-1.83884,1.05802
-0.99893,0.65591
-0.93257,0.31091
0.19319,-0.7599
-0.54741,-3.38757
-1.48532,3.60692
0.43307,1.65822
-1.59855,-0.78906
0.54475,0.60744
1.29069,0.05022
1.00379,1.56366
-0.73491,0.31308
0.9369,0.27276
-1.222,-0.41387
0.3383,-0.21049
-1.21849,0.64515
-0.28809,1.19774
-1.27216,0.19473
0.47661,0.82334
-0.28958,0.13185
-0.6069,0.32038
0.07252,-0.41142
-0.43799,-0.64785
0.28428,0.63056
-1.17496,0.4784
1.10624,-0.08676
-1.30361,1.81775
-0.25399,-0.88552
1.46387,0.04072
0.1745,0.24795
-1.66401,-0.55154
-1.12136,0.27105
-0.02522,0.26426
-1.20871,-0.12591
-0.72096,-0.68499
-0.26611,-0.3269
-0.07533,1.01406
-0.72463,0.03352
0.17528,0.8888
-0.15129,0.06584
0.98401,-1.16482
-1.51205,0.40852
-1.42294,0.21836
-1.4236,0.61161
-1.6177,-0.79696
-1.04848,0.26477
-1.42108,0.99994
-0.60156,-0.29472
-1.39345,-0.00107
2.18169,-0.64717
-0.91446,-0.19324
0.6513,-0.38168
-0.62832,-0.35798
-0.94409,-0.51564
-1.28735,0.07777
-0.09662,-0.67813
-0.39147,-0.65251
-1.34556,-0.66546
0.08964,-0.43435
0.02996,2.09861
-0.18321,-0.11679
-1.23213,1.03342
-0.01774,0.2065
0.73025,-1.30847
-0.31297,-0.57007
-1.10268,-0.8543
-0.93977,0.84055
2.25921,0.12407
-0.16651,-0.37454
-0.2988,-0.05492
0.21008,0.71786
-0.72093,-0.1511
-1.29393,-0.01597
0.06767,0.42994
0.29327,-0.68141
0.67537,0.45756
0.07044,-0.05052
0.05344,0.28066
0.17638,-0.3753
0.66826,0.67021
-0.15027,0.71756
-1.40847,-0.44952
-0.42229,-0.40962
1.04482,-0.23277
0.58457,0.07348
0.56625,-0.16231
-0.44142,-1.49647
0.09369,0.13178
-0.06674,0.74135
-0.22481,1.37554
0.46837,2.06132
-0.28365,0.00083
0.52963,0.22294
0.14662,0.00563
-0.34047,-0.07739
0.08165,-0.04007
-0.55894,0.05161
-0.74189,1.33686
0.12876,-0.15861
1.00247,0.0539
-2.01987,0.85375
-0.12773,-0.55866
1.72725,-1.02282
0.08836,0.5056
0.81364,-0.0815
-1.05036,-0.43799
-0.49642,0.07384
0.87742,0.11079
1.04959,-0.3094
-0.59088,0.13475
-1.72963,1.22933
-0.35911,-1.63285
-0.60383,1.05585
-0.2792,0.66791
-1.49724,1.03375
-1.04828,-0.6522
1.77736,1.23396
-1.5801,-0.22651
0.26252,0.03241
0.65731,0.44477
0.16755,0.41863
-0.64349,0.34177
-1.42743,-0.47198
-1.31883,-1.13187
0.34834,1.52834
-0.20259,0.86362
-0.92447,0.66993
0.16639,-0.76518
1.26126,-0.64628
-0.359,-0.18962
0.36579,-0.64288
0.15097,1.43603
0.64722,0.70519
0.35411,-0.93998
1.15197,-0.25643
-1.30332,0.29975
-0.09947,0.55077
0.71578,-0.2493
-1.65768,-0.50728
0.55018,-0.09954
-1.72375,0.89213
0.59037,-1.34807
1.17319,-1.08404
-0.92975,2.17031
1.5351,1.34286
-1.06084,8.18694
0.85077,-1.01486
-0.44822,0.76982
-0.69115,-0.17932
-1.76315,-1.1828
-1.76209,-0.22319
0.3164,-0.16964
0.2035,0.03872
2.72798,0.11456
-1.79342,-0.39746
0.15854,1.52525
0.92822,1.41917
0.05097,0.05443
0.76564,0.33741
-1.91085,-1.21126
-0.58041,-1.05454
-0.74169,-0.89996
1.16527,0.41625
-0.46417,-0.23001
-0.23867,-0.38667
0.14594,-0.64501
-0.62648,-0.29654
-0.61755,-2.01251
-1.60343,-0.29154
1.44141,-0.54916
-0.68651,0.29817
1.60313,0.02577
0.23375,0.13497
0.69693,-0.18521
0.48524,-0.28493
1.36411,0.50208
-1.73009,-0.21677
2.26739,-1.07344
0.61278,5.90768
-1.11561,-0.26589
0.63946,0.42096
-0.82091,-0.62948
0.86655,0.08732
-0.52307,1.22975
0.23033,1.04974
0.56273,-0.40729
-2.33985,-0.62624
0.88201,-0.05486
-0.08548,-1.9862
0.33347,0.2715
-0.10068,2.18922
0.3538,0.17135
0.19352,0.7436
-0.55608,-0.20463
-0.24156,-0.03478
1.5112,-1.05651
-0.18828,-0.16265
-0.89007,4.20984
0.41441,0.00345
-0.91435,0.40162
-2.18112,0.54554
3.39384,-0.04446
0.1475,0.11223
-0.30636,0.18423
1.40522,0.91916
2.19089,1.33448
-0.56278,-1.03725
0.28689,-1.16149
0.77947,-0.33384
-1.07481,-0.15263
0.23525,-0.56371
1.42597,-0.61138
1.40095,1.23364
0.83925,-0.21973
0.60802,-0.90314
0.54308,0.36314
-0.41271,0.60868
-0.32503,0.89217
-1.75563,0.9783
0.61107,0.33561
-0.35044,0.23698
-0.19032,0.83811
-0.52522,-0.10904
0.37831,-0.07059
1.42396,-0.19941
-0.58621,0.12671
-1.58592,1.38753
-0.67893,0.09486
-1.35191,-0.12677
-1.42936,0.34839
0.07991,0.81009
0.68414,0.21577
-1.47608,0.98778
0.71629,-0.31827
-0.41181,0.7162
1.09768,0.95091
0.56207,0.20194
1.03198,-0.45609
1.42078,0.54514
-0.82288,-0.63644
0.94996,-0.03523
0.91239,0.21241
0.71885,0.35934
-0.79951,0.30718
-0.89113,0.10084
0.03655,0.67491
-0.16917,-0.30736
1.16004,-0.11391
0.02863,1.42909
-1.1756,-1.00176
0.37346,-0.0433
0.06257,1.19255
-0.31478,-0.61778
0.33735,0.08067
-0.02182,0.12921
-0.1312,-0.12053
-1.09122,-0.57556
1.69642,0.3226
0.39891,0.42837
-0.2556,-0.95098
-1.13193,1.21105
0.56715,-1.66096
0.18514,0.16855
-0.77233,-0.39772
0.13766,-0.30058
-0.45391,-0.12164
0.67926,-0.15937
-2.40053,0.92194
0.10245,-0.52353
0.15127,0.72802
-1.42045,-2.57254
0.40309,-0.85132
-0.76315,-0.33866
-0.79629,0.4192
0.21583,1.87876
0.22619,-0.47617
-0.34299,-0.58452
0.85615,-0.45251
0.45579,0.30905
-0.49789,-1.75922
0.99005,-0.15166
-0.38067,-0.48304
-2.28871,1.79342
2.73362,0.18137
-0.88806,-0.05495
0.63211,-1.355
-0.53037,0.69432
0.15779,-0.42025
0.19933,0.91378
1.14323,-0.30888
1.40478,-0.39213
-1.23136,0.55858
1.37378,0.19832
0.43314,-0.15175
0.90191,0.11982
-0.7137,-0.86525
-0.42785,-0.19201
-0.05457,-0.46653
0.63646,0.76089
-0.69069,0.77408
0.34647,0.48586
0.86525,-0.56534
0.36195,0.25568
-0.51272,-0.65702
-0.46322,-0.34788
-0.98246,0.49564
0.64928,-0.03288
-0.22728,-0.59828
-0.65214,-1.07283
0.35024,0.0504
0.34468,-0.62281
0.65905,0.0537
-2.16633,1.11147
1.26387,0.94604
0.86351,-1.26874
0.47343,-0.74843
-0.89436,-0.40073
-0.73963,1.29057
-1.19001,-0.13726
-0.72048,-0.46284
0.00521,-0.43061
-2.84691,0.09062
-0.6689,-0.36224
1.33815,0.20499
-0.97079,-1.4371
-0.61216,0.0523
1.10235,-1.64995
-0.56915,-0.72362
0.4233,0.41665
-0.54104,-0.17222
0.32682,0.80723
-1.20363,-0.92046
-0.17112,-0.3232
0.85934,1.5775
-0.59323,0.26662
1.33276,1.52025
-0.5658,2.60776
0.15611,0.00805
0.93012,-0.47817
1.07877,0.15792
-0.0937,-0.12702
-0.01011,-0.03881
-1.10292,1.19209
0.44739,1.20295
2.88071,-0.43715
-0.56743,0.8397
-0.27812,0.29573
-0.0038,0.11888
0.36296,1.8898
-0.94838,0.66836
-0.86645,-0.07649
1.81329,1.99277
1.66446,-0.04636
1.01764,-0.9453
-0.63972,0.10454
-0.06696,1.64226
1.17994,-0.49415
-0.13213,-0.13785
1.39195,-0.45466
-0.65517,-1.00758
-0.17273,0.19504
0.53233,1.3438
1.81932,1.78082
-1.09937,0.5415
1.24576,-0.10402
-1.69799,0.55014
-0.80993,-0.51214
-1.33446,-0.85091
-0.27531,-0.757
0.04994,0.51771
-0.76293,0.24758
0.56222,-0.20913
-1.6203,0.78415
-0.77727,0.2213
0.1725,1.09696
0.29439,0.18526
-0.00398,-0.47655
0.4791,0.1812
1.43206,1.55408
0.29284,0.28476
1.5274,0.24315
1.03818,-0.12731
-0.64427,-0.31102
-0.23106,-0.53835
-1.00737,-0.67986
-0.41161,-0.13997
0.18413,-0.34963
-0.8984,0.13103
-1.79038,-1.28441
-0.55333,0.33439
0.15251,0.31828
-1.5907,-1.37423
0.48576,-0.30615
-0.83738,0.71086
-0.46996,-0.86871
-0.35389,0.36978
-0.88497,-0.11252
-1.08846,-0.24421
0.68998,0.37634
0.04427,0.06307
0.73859,0.36623
0.43757,-0.17207
-0.92228,-0.36716
1.06925,0.85137
-0.18584,0.57932
0.32781,-0.03102
1.79175,-0.22922
0.42752,0.20016
0.12592,-0.66352
0.01545,0.5756
0.19726,-0.08051
0.38098,-0.56369
-1.36596,-1.42657
-0.11547,-0.4627
-0.88344,0.8348
-1.40168,-0.23818
1.88712,0.08653
0.64391,-0.21231
-0.51218,0.33527
-0.53039,-0.31432
-1.08787,-2.0938
0.53903,0.41035
-2.54083,0.12885
-2.01413,0.70375
-0.36131,-0.20755
0.61222,-0.1035
0.01822,0.4951
-1.10623,0.05398
-0.13366,0.61636
-0.47658,-0.23003
-0.27421,8.13192
1.21228,0.32967
0.83395,0.33156
0.2682,0.85659
0.03471,0.55817
0.13805,1.34354
0.39515,-0.64155
-0.0442,1.63463
1.35664,-0.10643
-1.37591,0.12993
-0.28237,1.28195
-1.60622,-0.06972
1.31915,0.72123
-1.28488,-2.16951
0.73986,1.10929
0.61746,2.67384
-0.68881,0.22132
0.5466,1.59877
0.01572,-0.29061
0.15946,-1.54978
-0.05505,-0.38113
-0.39356,0.47375
-1.39217,0.49333
1.25503,-1.75809
-1.09803,0.97702
0.52449,0.26707
1.65681,4.45113
-0.65753,0.62037
0.55298,0.77705
1.22403,-0.21477
-0.50733,-0.35958
0.73305,-0.88443
-0.51409,0.15445
0.11234,-0.52666
-0.59611,1.73532
-0.69379,0.00504
-0.22704,-0.69511
0.0068,-0.65873
0.05406,-0.11365
0.68298,-0.23695
0.95734,0.68854
-0.81822,0.70422
-1.05655,-0.7216
-0.32628,-0.26677
-0.68705,0.34808
0.75775,0.79289
-1.3126,-0.62481
0.75602,0.08663
-0.59796,0.30886
-0.46371,-1.21981
-0.37764,-2.01373
0.27776,1.24355
-0.28081,1.08727
-0.14866,0.40912
-0.4138,-0.22291
-0.82295,0.18001
-0.38503,-0.61336
-0.53818,0.07816
-1.06078,-0.22489
2.48749,-0.46671
0.1484,0.45885
1.02467,-0.64515
-0.0394,-0.24459
0.87593,-0.39338
0.2951,-0.13489
-1.22672,-0.19326
1.18616,-0.23346
-2.16688,0.32565
0.97957,-0.29488
0.99035,0.8395
0.04273,-0.43281
-0.21187,0.11284
0.71282,-2.23083
0.26799,0.00176
-0.42976,0.10397
-1.85608,-0.57411
0.33179,-1.45298
0.35098,-3.06938
-1.46241,-0.30507
-0.94743,-0.20734
-1.09985,-0.2516
-0.85524,0.9784
-0.59139,0.33966
-0.79603,0.14532
0.95762,-0.01358
0.27268,0.08273
-0.38217,0.27391
-0.81384,-0.31076
-0.93131,0.33897
-0.03566,-0.18904
1.69943,0.01156
0.69871,0.32425
-0.94745,-1.68336
0.48902,-0.02989
0.40058,-0.04845
-0.11652,0.34973
-0.0533,0.77874
-1.59758,-0.71382
-0.99118,0.10393
1.05783,-4.76596
-0.75348,-2.02669
0.73447,-0.50531
0.78451,0.01826
1.35291,-0.02095
0.51854,-0.18123
-0.98415,-0.49512
-0.38131,-0.37657
0.46099,-0.09796
0.15537,-1.59837
0.37853,-0.27548
0.17336,-0.57169
-0.40108,-0.23773
-0.26449,0.0949
-1.17976,0.36135
-1.58589,0.01524
0.36734,0.30765
0.7417,-0.46352
1.41467,-0.48864
-1.35873,0.68127
0.23658,-0.36454
-1.62955,-0.41396
-0.33113,-1.28469
-2.35482,0.28115
1.19507,1.00128
0.36682,-0.68381
-0.70089,-0.34183
-0.29073,-1.19738
-0.53751,-0.30232
1.20122,0.17386
-0.04254,-0.53457
-0.20405,-0.50026
0.70633,-0.13893
-1.15848,-3.5653
0.45703,-0.20134
-0.23484,-0.6739
-0.3763,-0.8999
0.11238,-0.5858
-0.71998,-0.12412
-0.44387,-0.13791
0.97127,-0.0774
0.51369,0.31622
-2.32607,1.09045
-0.86291,0.71135
1.18194,-0.79501
-0.34674,0.98181
0.46718,-0.13884
0.87521,-0.34539
0.94904,0.33336
0.757,1.21146
0.18298,-0.1829
-0.55287,0.06754
-0.29172,-1.64373
2.34063,-0.94701
1.10459,-0.0895
1.32838,0.62026
-0.85506,0.68465
-0.32405,-0.61566
-0.46598,0.38551
-0.7907,-0.37268
-1.34499,0.23037
0.52552,1.26109
-0.50308,-0.42273
-1.26664,-0.585
-0.61363,1.53267
0.79621,0.44256
-0.13631,0.65477
-0.09416,-0.57083
-1.66431,1.21246
-0.11158,-0.38761
1.15505,1.04556
0.17255,-1.31989
0.43945,0.11883
-2.54484,0.50155
-0.09992,0.12529
-1.41583,-0.37479
-0.29785,0.04516
-0.68101,0.97931
-0.97966,-0.63641
-0.56256,0.01003
-0.44044,0.15241
0.9963,-0.35903
0.06309,0.35273
-0.71647,-2.41154
-1.34063,0.6126
0.61688,-1.61168
-0.85431,-0.04713
2.32071,0.46668
1.66868,-0.21868
1.87664,-0.13725
0.414,5.1755
1.14015,-0.73676
-1.65882,1.1222
0.52043,-0.49226
-0.10622,-0.2628
-0.05813,-0.0323
-0.90217,-0.32263
-0.04036,-3.80827
1.90684,-0.76259
0.74514,-0.24377
0.11376,-0.55023
0.6472,-0.66969
0.42043,0.1456
-0.92154,1.30409
0.38444,-0.52397
1.09079,0.71773
-2.52127,0.59011
-1.38609,1.00891
2.0939,0.25532
0.82211,0.96886
-0.52479,0.86978
-1.32526,1.98638
0.04414,-0.45374
-0.11127,-0.07209
1.68505,0.12909
-1.70502,-2.54106
-0.62878,-0.25156
1.48973,-0.17246
1.5849,0.51038
0.03501,-0.69604
-0.6367,-0.89127
0.00752,0.43169
-0.06779,-0.28488
0.33978,0.21827
-0.23809,0.11403
0.15723,0.49831
-0.42444,-0.17565
0.54895,0.61642
0.88698,-0.39153
0.34075,-0.44974
0.31196,-0.95837
0.96383,-0.63101
0.16481,0.40573
1.21914,1.96507
-1.35273,0.45752
-0.87356,-0.83709
1.13633,-0.79253
0.96302,-0.11953
0.74554,-1.00845
0.93281,-0.05743
-0.0779,-0.73859
0.99347,0.27382
0.65768,-0.60831
-1.5935,-0.90925
-0.58698,-0.46661
0.04952,0.49181
-2.99327,-0.72654
0.69022,0.5332
0.17646,-1.28845
-0.71994,-0.73395
-0.44534,-0.70516
0.50775,-0.34702
0.80275,2.93322
-1.3267,1.80749
0.60077,-1.31308
-0.25356,0.83775
-0.20679,0.2889
-0.97962,0.45373
0.35607,-0.03947
-1.51649,2.38722
-0.0856,-1.07104
0.2183,0.59322
-1.86563,-0.20361
0.66358,0.40206
1.2819,0.05771
1.79689,0.93686
0.52744,1.00008
-0.34427,1.99525
-0.88018,0.9267
-0.2717,0.10791
0.54888,-0.07653
-0.75065,-1.28237
0.26699,-2.1632
0.97258,-0.42598
0.09159,-0.07194
0.28797,0.49874
0.34826,0.00305
0.89729,-0.1812
0.84727,0.12535
0.41119,-1.04894
-0.69102,0.52605
0.77959,-0.36033
0.29255,-1.4063
0.83412,-0.00566
1.57121,1.75435
-0.57622,0.49541
-0.29779,-0.68734
0.71569,-0.49095
-0.06013,0.69367
-0.15016,-0.60404
0.95428,0.41384
-0.84122,-4.86894
-0.89907,0.06455
-0.8944,-0.19527
1.10098,0.06595
-0.72801,-1.09047
0.18209,0.93203
0.04141,-0.93626
-0.88548,-0.40682
1.22901,-0.15796
0.41322,-0.11097
1.12876,-1.26953
0.06262,-0.36768
0.74422,0.06684
0.03765,1.04818
-1.79178,-0.12449
0.89717,0.58557
0.01058,0.23865
0.03215,1.26413
0.3388,-0.53136
0.43048,-1.93162
1.7053,-0.34267
0.00274,-0.98114
0.61227,1.34896
1.52007,0.54758
0.17356,0.09286
0.62778,0.18276
0.84351,-0.05818
-1.13615,-0.66001
1.40974,1.58579
-1.18817,-0.57001
-0.9369,-0.18104
-0.33252,0.01553
0.08354,-0.31819
0.06816,-0.07559
-1.61374,0.4311
-0.00213,0.22264
1.58867,0.15924
0.24745,-0.61677
-0.5086,0.11541
0.2337,0.38657
0.70951,-0.7768
0.4243,0.0126
-0.44351,0.07633
2.11756,-0.49959
0.41084,0.03746
0.40177,-0.2518
1.80486,0.49564
0.42617,-0.19662
0.59039,0.84976
0.65693,0.13609
-0.58341,-0.1181
0.14491,-1.0964
-0.6884,-0.16439
-0.2243,-0.39527
-1.0086,-0.29492
-0.14147,-0.29296
1.89988,0.27054
-0.91073,0.28882
0.92667,-0.0904
0.91905,0.8426
0.06605,0.111
-1.35591,-0.16248
0.64433,0.15918
-0.4617,0.18306
0.76041,0.08954
-0.60941,1.30663
-0.9982,-0.8505
-2.17664,-0.85334
-0.0271,0.15899
0.5504,0.66619
0.59031,0.15111
0.49859,-0.00977
-1.4184,-0.51333
0.02295,0.91207
1.65087,-1.07431
0.88037,0.43507
-0.21056,0.02805
1.00062,0.76344
1.3457,-1.13967
0.07761,-1.12329
-1.45584,-0.23496
-1.37592,-0.84698
0.61325,0.10382
-0.48262,-1.23668
0.10762,-0.0968
-1.23346,0.32128
-0.35706,0.08646
-0.7088,-0.2036
-1.64876,-0.18245
0.49661,0.05888
0.61767,0.92067
-0.49059,-0.14224
-1.07866,0.59342
-0.84286,-2.82162
0.40269,0.28106
-1.62406,-0.91248
0.83324,0.3493
-0.43028,0.57666
-0.53356,-0.19562
-0.47903,-3.47008
0.95515,-0.47144
1.0534,0.42672
0.24146,0.78213
-1.43039,-1.57306
0.40062,-0.34226
-0.72355,0.41024
-1.65263,-0.20231
-0.72559,-1.19305
-1.3582,-1.44978
0.31954,-0.60347
1.18189,0.31111
0.28594,-0.77202
1.89041,-0.08819
-0.25297,-0.21675
0.4221,0.88213
-0.66453,0.59521
-0.23728,0.32863
0.62229,-0.76107
1.28182,0.04371
-1.05577,2.58484
0.08047,0.74816
0.76902,-0.18244
-0.60978,0.41353
0.78722,0.13832
-0.65092,0.40459
0.30283,0.59979
0.97832,-0.28373
-0.17725,-0.12932
-1.24449,-0.93653
0.38736,0.81215
-1.73457,-0.37347
-2.25823,1.86598
0.18654,0.03357
-0.31513,0.45775
-0.23683,0.66284
0.70365,-0.6671
1.20297,-0.87887
2.68452,-0.19321
0.80193,-0.54665
-0.22328,-0.20985
-0.76296,-0.09766
0.37907,0.17922
-0.70794,-0.92475
1.51031,-0.12909
-0.0053,-1.48215
0.97355,0.0478
-0.02509,0.54364
-0.49828,-0.56544
-1.75248,0.18705
-0.85906,-0.03912
-0.28596,1.19242
0.42382,0.56048
-1.95546,-1.41585
1.75466,0.73476
1.00911,0.69407
1.67665,-0.39054
-1.11902,0.028
-0.01854,-0.00149
-0.72423,-0.08909
0.07169,-6.23325
0.29135,-0.48456
0.79172,0.84695
1.58018,-0.6189
-3.04684,0.19213
1.00343,0.52939
0.02259,-0.08052
-0.93947,0.3929
0.6261,1.59633
0.65299,1.35032
0.55411,0.56868
-1.34004,0.46625
2.2583,0.2237
1.08261,0.32753
-1.87866,0.30971
0.08078,1.34922
0.43329,-0.09679
1.99254,-1.22335
1.02304,0.01801
1.42899,0.19991
1.30473,0.3012
0.26788,0.25209
-2.34249,-0.24222
0.66493,2.9977
-1.28967,-0.28179
1.46346,0.14954
0.0096,2.42992
-1.1428,0.43607
0.25424,-0.08138
0.79284,0.27339
-1.49763,-1.26243
-0.99949,0.62689
1.5121,0.05309
0.54602,-0.17107
-2.02181,0.11463
-0.44496,-0.08157
0.74711,-0.00806
-1.64829,-0.16424
-1.33432,0.44232
0.06193,0.6032
-0.13461,1.17042
-2.00886,-0.09899
-1.02923,0.07838
0.0016,0.26959
-0.08881,-0.69298
-0.20239,0.05957
0.86377,1.18844
0.3369,-0.19407
0.8597,1.46977
-0.49974,-1.83909
0.04056,-0.09162
0.69794,-0.51446
0.34017,-0.20113
-0.01547,0.95755
1.18736,-1.57874
2.1834,0.28311
-1.76632,-0.51158
-0.5384,-0.15813
-0.30156,-0.90595
-0.14667,0.17081
1.46206,-0.80651
1.01179,-0.75325
0.30127,-0.18844
1.25943,-0.94966
0.22283,-0.33652
0.88473,-0.45595
0.83412,0.03693
-1.26206,0.17478
-2.43747,0.21314
0.16363,-0.73756
0.05708,-0.45783
0.49016,-0.68111
0.49056,0.4
-0.28937,-0.04364
1.83763,1.15267
-0.84558,0.26258
-0.15307,0.8301
-0.2287,0.22258
-1.13098,1.56278
1.32759,0.74837
-0.92431,0.98057
2.34875,1.14969
-0.89726,-0.29604
-0.12527,-0.05252
-0.50266,1.17707
0.41987,-1.09465
1.30625,-0.41118
-0.23195,2.00207
0.3924,0.53794
0.01532,-0.28922
0.18923,0.09199
-0.36398,0.82855
0.46361,-0.07727
-1.00725,-0.30471
1.59439,-0.0652
0.88845,1.03714
0.19579,0.26626
1.5661,-0.54981
-0.26518,0.76851
-0.50216,-0.22049
-0.00659,1.04904
1.7177,0.47356
-0.82972,0.59034
-0.05236,-0.59783
-1.45003,-0.32324
-0.78496,0.51574
-0.94521,0.93021
-2.95105,-0.2985
0.02064,0.36094
-0.97391,-0.60903
0.0057,0.45351
0.86209,0.79685
1.76774,0.01358
-0.31394,2.1354
-0.79486,0.22172
0.13397,-0.09755
0.41429,1.00316
-0.7486,0.03725
0.10213,0.21545
-0.25615,1.1708
-0.71036,0.10282
-0.06288,0.47822
2.04117,-0.10866
-0.06993,0.35841
1.0841,-0.1305
-0.30889,0.39853
-1.14628,-0.01234
-1.11148,-1.13081
-0.75992,-0.1683
0.22666,-0.9014
-0.45417,0.47294
0.27473,-0.63617
-0.15851,-0.29315
-0.86734,-1.11276
0.54986,0.0918
0.65295,1.31361
-1.05406,-0.6545
-0.09522,-0.33873
0.0927,0.39319
0.71081,-0.2279
0.38691,0.09203
-0.18124,0.21588
-0.08979,-0.42936
1.68119,1.39565
-0.54046,0.00612
-0.64359,0.7019
0.37099,1.45264
-0.25423,-0.72348
0.69332,1.72274
0.61087,0.4692
1.21276,0.16181
-0.61326,0.78485
0.91958,-0.24234
-0.77563,-3.07611
0.39092,0.09699
1.00435,0.05739
-0.84747,2.33461
0.50045,-0.43016
-1.09896,1.1793
-0.52097,0.18032
0.25862,0.68962
0.80531,-3.6156
-0.77729,-0.09737
0.35975,1.26955
0.24208,0.87974
-0.77681,-0.14279
-1.39629,0.04301
0.30994,0.29827
-0.23243,-2.15408
-0.16628,0.5468
-0.52264,0.12736
-0.44032,0.20502
0.99541,-0.54876
-1.39773,0.61708
0.61704,1.14305
1.10717,0.86605
0.53631,-0.25271
-0.0737,-0.79703
2.06648,-0.98414
0.09485,-0.1363
-0.77411,-1.46402
0.77885,0.89997
-0.95592,0.29654
0.32826,0.53393
-1.57496,0.01779
1.62367,-0.16924
-1.75202,-0.00773
-0.17101,0.47497
2.62021,-0.24068
0.11837,-0.35911
-2.15793,-0.46329
-1.09145,0.62346
1.23881,0.18637
-0.69351,-0.54012
2.01021,0.78519
-2.64971,-0.44058
-1.13056,-2.38187
-0.6242,-0.96731
0.15746,0.05983
0.30433,-3.68634
-1.03138,0.15721
-0.04051,0.02395
1.72384,-0.47071
0.68493,0.73524
-0.63414,0.62514
1.4975,-0.01972
-0.22741,-0.71959
0.8622,0.39475
-0.77306,-0.86207
0.08411,0.90919
0.48351,-0.79063
-1.90749,-1.32073
0.87598,0.10459
-0.25963,-0.07901
1.92252,-0.23305
0.38826,-0.09313
-1.18374,-3.80783
-1.21058,0.15173
0.84252,-0.93961
0.52616,0.37913
1.55273,0.17282
1.20404,0.52533
-1.28616,-0.40321
0.24762,0.40751
-0.65703,-1.65308
-1.31609,0.13075
-0.43122,0.21252
0.58413,0.45854
0.50454,-1.16455
-0.1229,-0.62717
-1.01763,0.19178
0.36324,-0.22307
-0.48085,-0.15815
-1.11255,0.0452
-0.91141,0.43206
-1.02696,0.55122
0.27255,-0.13245
-0.08966,-0.47939
0.2366,-0.79869
-0.86519,0.08529
1.44705,-0.859
1.48116,-0.61529
-1.46094,0.33189
-1.44217,-1.49184
-0.42604,-0.00598
-1.93284,-1.70091
-0.98403,-0.34209
-1.87834,-0.38342
1.2161,1.74155
-1.1214,-1.26581
-0.25326,-0.46401
0.51199,0.76389
0.44806,1.17557
0.18886,1.21784
1.24549,0.28652
4.01308,0.22722
0.63258,-1.2782
-0.5673,-0.79121
0.12198,-1.03113
-0.53583,0.31727
0.49041,0.74834
-1.43627,0.18156
0.92855,0.97704
1.04594,0.10373
-0.09045,0.51169
0.14421,0.0297
-0.65263,-0.20497
-1.04918,-0.50314
0.76689,0.94243
-0.86712,-0.93079
1.41864,-0.41206
0.13549,1.88636
0.21892,0.66395
-0.24343,0.17472
0.71739,-0.09872
-0.12289,0.63457
0.90387,1.27446
0.71926,0.40205
0.27945,0.24892
-0.88202,-0.69367
-0.83596,0.65805
0.15347,-0.18092
1.08351,0.07824
-0.1751,-0.55254
-0.90931,-0.5981
1.62541,-1.12801
-0.49078,-0.57524
2.82588,-0.06428
0.15106,-0.67464
0.15186,-0.66913
1.0785,-0.14325
-1.27987,0.93425
-0.48707,-0.0994
0.44539,-0.18366
1.14967,-1.6916
1.59457,-0.9882
0.47482,0.7844
-0.45213,-0.01294
0.71808,0.61938
-1.6478,0.38801
-1.15163,0.2154
-0.37451,0.097
1.32679,2.99
-0.03327,0.24259
-1.53883,0.82619
-0.86065,-0.27059
1.58247,-0.00147
-0.60199,-0.72226
-0.85248,-4.19595
0.74112,-0.16244
-0.05399,-0.05045
2.10702,0.56397
-0.68236,-1.09348
0.80408,-0.40575
-0.94786,-0.04605
0.24244,1.08286
-0.21024,-0.5026
0.92681,-0.11834
0.70238,-0.96157
-0.20558,-0.01564
1.59763,0.39508
-0.84562,0.19721
0.71069,0.01184
0.48068,-0.29143
-0.49305,-0.07412
-0.29822,-0.28361
-0.55064,-1.06375
-0.18977,2.41889
0.44432,-0.24815
-0.0631,0.9618
0.32981,0.32174
0.27308,1.22042
1.86258,1.05889
0.37935,0.16099
-0.43074,0.42332
-0.54888,2.30262
0.3696,-1.47103
-0.1435,-0.781
0.79791,-0.50987
-1.12315,1.71663
0.44225,-0.50163
1.2968,0.43978
1.06025,-0.64966
-0.32921,0.24331
1.71215,-1.88657
2.17636,-0.01861
1.15422,-0.26917
1.02551,0.25069
0.16941,-0.0964
-0.49853,-0.59518
-0.75125,1.18771
0.61984,-0.02232
-1.44022,0.38266
-0.78466,-0.51426
0.61028,0.59956
0.76943,0.07936
1.28329,-0.79627
1.95246,-0.15644
0.64537,-0.21515
-0.6952,-0.04124
-0.65465,0.39299
-0.16322,0.29529
-1.60966,-0.47752
-2.21145,-0.09788
0.10479,3.61672
1.12491,-0.76654
-0.44942,-1.09667
-0.63517,0.25409
-0.23488,0.13378
1.55849,-0.46312
1.01085,-1.0124
1.39525,-0.22937
-0.68595,-1.1393
-2.16407,-0.76765
0.25207,-0.0028
0.12559,0.92193
-0.56246,0.97157
0.15614,0.92868
-0.43696,1.37024
-0.45136,-0.0207
1.0174,-0.01536
-1.34969,-0.63916
1.99237,-2.1004
0.20368,-1.27988
-0.78026,0.68788
0.48189,-1.14647
-0.15594,-0.60307
0.04053,-3.61764
-0.89938,-1.18327
0.63482,-0.58803
-0.67554,0.17899
0.0972,-0.15079
1.57063,-0.69135
1.33178,0.19817
1.18498,1.08469
-0.28762,-0.21271
0.87285,0.84493
-2.59269,-0.93893
-1.44576,0.10905
0.70076,-0.00593
0.26847,-0.25086
0.56137,-2.44694
-2.01526,0.44987
-1.07127,1.79503
0.67081,-0.19984
0.3406,-2.3168
0.69293,-1.33373
1.27076,0.39747
-0.23013,-0.21459
0.75465,2.0406
-0.41656,-0.23742
-1.72795,1.04797
0.64208,0.60046
0.11005,0.6047
0.62717,1.64143
0.31981,0.4566
0.61658,0.12712
-0.37772,2.192
1.09897,0.36748
-1.01635,-0.69734
-0.84012,-1.49565
0.00931,0.45141
0.46196,-0.47677
-0.07712,-0.09949
-0.89723,-0.46884
-0.08229,-0.71052
0.69977,-1.48673
0.55012,0.33652
-0.74203,-0.57399
-0.79419,-0.26932
-0.13134,0.13364
0.00351,0.32903
-0.197,3.31239
-0.14691,-0.50745
0.39952,-0.49292
0.97538,-1.07711
1.54916,0.79232
-1.43285,2.44476
-0.69495,-0.37674
0.58846,0.4165
0.43398,0.57916
0.61247,1.36435
0.33445,2.45611
-1.08704,0.93996
0.83863,0.31734
0.4041,-0.23284
-0.49635,0.5327
1.43491,-0.03076
0.78579,-0.35032
-1.18082,-0.02881
-1.91284,-0.00534
1.45059,0.38568
-0.1717,-0.24923
0.07547,-0.48915
0.15988,-0.57941
0.47298,-0.05564
0.35054,1.06987
-0.74508,0.04013
-1.1233,1.86
0.66793,0.62721
-0.43077,-0.07812
1.36144,-0.96525
-0.13185,-0.04336
-0.17237,-1.50923
-0.23346,0.01477
0.16324,0.49604
-0.80518,0.48425
-1.01398,0.54567
0.10962,-0.18234
-0.97749,-0.60879
0.83231,2.56147
-0.75848,-2.60924
-1.6492,0.01986
0.75204,0.51529
0.26214,-0.04372
0.8045,0.35988
-0.64745,-2.23674
-1.09358,0.16767
-0.77181,-0.27288
0.34148,0.14941
-0.5387,-0.53942
0.28728,-1.69284
-0.26269,0.16499
1.97999,0.01423
-1.20186,-0.56248
0.92485,-0.09895
-1.55895,-0.37726
0.67256,-1.27035
0.15405,-0.08265
1.08704,1.52107
-1.69504,0.2615
0.67052,-0.08311
-0.3122,-0.3027
-1.37385,-0.0902
-0.48563,-0.12661
1.76236,0.55657
0.90986,0.48752
0.05325,-0.41804
-1.14513,-0.12188
-0.1772,0.33177
0.83414,0.03615
1.03282,-0.21552
1.52898,0.47173
1.13453,0.03268
0.23947,0.76027
1.08876,-1.19997
-0.11669,0.10654
-0.20434,-0.00651
0.43457,-1.13637
-2.0294,-0.31063
-0.84191,0.48779
0.78874,-0.4042
-1.21545,1.05844
0.34365,-0.66971
-0.2336,0.76258
0.19597,0.24828
-2.04982,-1.39874
-1.46927,0.07908
-0.11617,0.32262
-0.55039,-1.17958
0.1793,0.33694
0.2047,-0.21334
0.83236,-0.85064
-0.24978,-0.14248
0.5945,0.38073
0.24822,0.71615
1.02183,-0.33713
1.05328,0.61487
1.60586,0.21876
-1.28047,1.3738
0.22566,-0.01381
1.33884,-0.27357
-1.06502,0.04708
-0.04218,0.56577
0.03922,0.00347
0.94438,-0.26336
0.13556,0.03587
-1.03728,-0.81797
-0.53896,-1.15276
-1.15106,0.29753
-0.07455,1.6428
0.24233,-2.01062
-0.8314,-1.35239
-1.53325,-0.04963
1.48198,-0.78843
0.08585,0.01977
0.68615,-0.19204
-0.67967,0.19396
-1.16014,0.40616
-0.69833,1.22861
0.29504,-0.82959
0.37647,-0.01752
0.22355,0.00396
-1.07803,-0.44793
-1.20681,0.45635
-1.22569,-0.25612
0.58972,-0.07982
-1.54267,-0.29949
-0.75208,-0.24484
0.33052,0.17129
-1.31734,0.2969
-1.79766,-0.66075
0.0857,-0.03449
-0.17897,-0.60908
1.43599,-0.43742
-0.24205,0.3937
1.72674,0.17098
-1.09869,0.64545
0.56867,-0.39423
-1.71006,0.2538
-0.63807,-0.18031
-0.10001,-1.29998
1.12808,0.40817
0.58557,1.69202
-0.26197,-0.64482
-1.30185,-0.16741
-1.77881,-1.0613
0.17492,0.05413
-0.85247,2.01968
1.44159,0.16245
-2.09188,-0.35847
-0.23646,1.75655
-0.05951,2.08011
-0.30249,0.27943
-1.53538,-0.28979
0.08637,1.03003
0.10236,0.4638
0.19407,0.28048
-0.2186,-0.19282
0.58905,-0.31635
0.92042,0.58655
0.11761,-0.16777
-0.49282,-0.44215
-0.30952,0.49261
0.6064,-0.41216
-0.52869,0.23798
0.39009,0.40571
2.24831,-0.06125
-0.69088,-0.46321
-0.69422,-0.26144
0.12134,0.1128
-1.37671,-1.63404
-0.01447,-0.01698
1.54331,0.11661
0.15589,-1.55936
-1.45224,0.08451
1.42544,-0.7131
0.39674,-1.21162
-0.51183,-0.53715
0.16025,-0.11096
-0.10099,1.02287
-0.08398,0.53364
-0.6791,0.27367
-1.33175,-0.57463
1.90145,-1.67876
-0.09864,-0.48074
0.09274,-0.91561
0.48425,-2.44236
0.1287,2.03401
1.55293,-0.70322
0.56297,-0.61559
-1.1695,-1.4437
-0.7931,-1.13032
-1.21378,-0.32556
0.86281,-1.28133
-1.05868,-0.01504
0.2169,-0.10932
1.00184,-0.16734
-0.15721,1.15297
-0.93299,-0.3509
0.34386,-0.61952
0.33499,-1.39064
0.78913,-1.68438
0.74313,-0.55937
-0.45843,0.75055
1.14879,0.10486
-1.48247,-0.50961
-0.70735,0.07885
0.28552,-0.83731
-0.48241,-0.24724
-0.03465,0.1495
-0.92858,-0.42104
-0.54584,0.83538
0.63552,0.583
-0.13696,0.31888
-2.00889,1.45369
-1.0777,-0.51475
-0.25772,-0.25603
-0.14204,-0.41956
-0.20238,2.02953
-0.22627,0.30192
0.98959,2.65125
-0.07574,-0.18248
-1.47562,-1.26787
0.54751,0.38553
-0.26447,1.94259
-0.05574,-0.29703
0.29624,0.11176
-1.11342,0.60157
-0.32594,0.7355
-1.26256,-0.9632
0.90651,0.85301
-0.89318,0.39137
0.03851,-1.63189
0.22443,0.70556
1.43459,-0.38035
0.19806,-1.57704
-0.88922,1.17728
1.84492,0.51419
0.17059,0.27438
-1.23432,0.59527
0.75221,-0.92073
-0.42576,-0.02428
-0.025,0.03291
-0.66271,0.58632
0.24481,0.38992
-1.32715,0.05189
-0.18276,0.81456
1.2178,0.02726
1.35492,1.01115
0.96269,0.05002
1.42376,-0.58025
1.57178,1.044
-1.47604,-0.23458
-0.11543,0.18268
0.32932,-0.24916
-2.10999,-0.61525
-1.48695,0.28371
0.99221,-0.2232
0.31096,-0.24577
0.4175,-0.24735
1.11515,-0.63047
1.55948,-0.25289
-0.36556,-0.00044
-1.07823,-0.17492
0.94053,0.6728
0.85401,-1.16854
-0.03833,-0.23154
0.35551,0.22285
1.36966,-0.41681
1.27017,-0.41936
1.36916,-0.02482
-0.92897,-0.27634
0.02305,-0.70754
0.17177,0.36426
2.09957,0.45601
1.24954,-1.16151
-0.62001,-0.46554
1.00177,-1.27559
-1.10543,1.81744
0.33545,-0.6781
0.05444,0.25144
0.0112,-0.65686
-1.35175,0.20607
0.03301,-0.30729
-0.58175,0.04621
0.49265,0.34042
0.55575,0.2343
2.47514,0.8312
-1.12143,-0.46441
0.35366,0.13987
-1.34388,-0.68797
-0.51285,1.03828
1.14121,-0.32937
0.63692,-0.20942
1.48872,-0.07339
-1.15579,0.853
1.44134,-1.13639
-0.65932,-2.23524
2.05049,1.0915
1.28777,-0.42582
0.41654,0.34201
-1.2558,0.32997
-0.92392,0.5271
1.30961,-0.65197
0.66195,0.0409
-1.05489,1.40142
-0.82043,-0.02177
-1.01583,-0.88712
1.65832,0.32675
0.36736,0.90457
-0.64446,-0.75373
0.11813,-0.90327
-0.68864,-0.30938
2.0429,-1.35962
0.23874,-0.31268
-0.23947,0.2229
2.34209,0.01644
-0.0334,2.65951
-1.17336,0.09681
-0.19156,0.26268
0.35052,-1.14161
0.27124,0.75592
1.15281,-0.81777
-1.50823,-0.43454
1.41847,0.26855
0.21631,1.18644
-0.56843,-0.58977
1.02359,0.10536
-1.02961,0.2072
1.23033,-1.33912
0.52106,0.44338
1.18906,0.28713
-0.70319,0.92232
-1.14256,-0.33933
-0.44082,0.83456
1.58561,0.58449
0.33208,0.03177
-1.19277,-0.36354
-0.70491,1.71786
1.63278,-0.48468
1.69266,1.347
-0.09809,0.09414
-0.9536,0.41828
-0.64571,1.15328
0.19309,0.14407
0.93973,0.79658
0.53777,1.14273
-0.04402,-0.61765
1.58802,0.11766
1.29285,-0.60584
-0.11233,-2.30751
0.85762,0.24405
1.93664,-0.051
3.04585,-0.26376
-1.39274,0.52433
-1.46557,-2.52039
-0.01526,0.36372
-0.43449,0.00793
-1.32078,0.22209
-1.42623,1.22223
-1.07736,-0.07279
1.95945,0.5017
-0.55128,0.3793
0.64112,-0.28249
0.24263,0.17796
-0.47909,-1.77081
1.64165,-0.94921
0.33809,1.48239
-0.29736,-0.03404
0.58371,-0.18133
-0.24651,0.34048
-0.25343,0.96984
-1.25668,-0.01314
1.03543,0.09108
-0.22442,-0.30869
0.73301,-1.07979
0.68611,0.01405
0.09007,-0.79489
0.45433,0.03088
0.84841,0.83557
0.08752,1.06442
1.14066,1.09052
1.7208,-0.34015
-0.86993,0.30794
-0.37565,0.11307
0.66392,0.58244
-0.80716,-0.14294
0.41857,-0.37037
-1.15468,1.13043
0.53938,-0.41425
-1.64219,0.23353
-2.06518,-0.82074
-0.46752,-1.36856
1.38603,-0.49057
-0.36686,-0.79383
2.00211,1.24246
0.40968,-0.05423
1.60723,0.11804
0.43984,2.19109
-1.55793,0.10201
2.00409,0.74851
-0.51435,-0.56192
1.4507,1.43298
-0.41609,-0.24377
-1.07457,0.76989
-0.17104,-0.74465
-0.85042,-0.72449
1.14438,-0.10462
-0.8981,-0.11853
-0.49539,1.19611
-0.2537,0.52355
0.85183,1.62454
-0.12707,-0.41227
1.3464,-2.53585
-0.3697,0.36805
-0.12223,-0.67392
0.72709,1.23686
0.89835,-0.05017
-0.60248,-1.31349
-0.27792,-0.68886
0.90297,0.16449
1.32593,-0.362
0.85039,0.79176
1.51695,0.47326
-1.85419,0.43403
-0.42994,-0.84442
-1.18231,0.1327
-0.78769,-0.74097
0.8374,-0.67463
1.57548,-0.23565
0.28182,0.50843
0.6181,0.3107
0.96673,0.04703
1.1061,-0.73493
0.21128,0.27892
-0.80523,-0.36068
0.71301,-0.47836
-0.54135,-0.05538
-0.55599,0.79491
-2.11307,-0.39256
-0.3027,0.6435
1.47575,-0.61352
-0.19803,-0.12595
0.20259,-0.4146
1.10966,-1.1946
-0.69338,-0.55385
-0.72128,-1.84531
0.12378,-0.19738
0.73619,-0.43926
-0.58409,-0.53955
-1.71692,-0.35605
0.16819,-1.69668
-0.15809,0.92916
-1.50577,-0.36294
-0.68081,-0.04569
-0.22377,0.8012
0.21446,0.15434
-0.78673,0.51293
0.36369,1.23943
-0.10296,-0.98679
-1.37851,-1.64553
0.27464,-0.79933
-0.34324,1.1586
0.6758,-0.24704
1.30473,0.61007
0.31722,0.14107
-0.08726,0.19445
-0.70604,-0.47736
0.61299,1.00369
0.73163,-0.88951
0.52902,0.92874
-0.31423,0.33278
0.31625,1.32088
0.88973,0.42774
1.47914,0.89694
2.29054,-0.39855
-0.99713,0.50091
0.47779,0.0656
-1.93655,-1.4524
0.40596,-0.04492
0.23336,-0.28439
-0.46097,0.14588
0.80269,-0.25745
-0.07647,-0.4967
1.05508,0.14301
-0.80538,-0.32008
0.37971,-0.80215
-0.96801,-0.68106
-1.09507,0.75936
0.2584,0.56285
0.37258,0.18004
1.99845,0.10805
-1.81307,-0.51349
-1.85063,1.05925
2.4218,0.08312
-0.5843,0.10395
0.34815,-0.21175
0.42603,1.00019
-1.46545,0.84228
-0.86692,0.39093
0.17687,0.50727
0.72187,-0.40633
-1.40358,0.55096
0.9989,-0.07946
-0.70048,0.2734
0.58141,0.01393
-1.08615,0.12152
1.49462,0.28037
0.39255,3.455
1.05064,0.55862
-0.42277,0.89671
1.77116,-1.07195
0.05063,0.06886
0.2499,-0.25421
1.0998,-2.4686
-0.25168,0.13694
-0.38814,1.87048
-1.79742,-0.47912
-0.75385,-0.18002
-0.85121,-0.29751
-0.35536,0.20018
-0.66304,0.38868
0.66947,1.06699
-0.81247,-0.70818
-0.39373,0.23347
1.51598,0.88245
0.20532,0.9846
1.26397,-0.05315
-0.19199,1.10565
0.77307,-0.99448
-0.87575,0.14049
0.93259,1.52759
2.18335,0.317
-2.29433,0.33883
1.68988,0.36319
1.40672,0.3276
0.09158,0.26026
-1.57021,1.00193
0.37106,0.27658
0.8106,0.11848
0.72635,0.84738
-0.63612,-1.03465
0.8585,-0.66044
-1.937,-0.38538
0.54446,-0.03286
2.40868,-0.06165
-0.40331,-0.16134
-0.60868,-0.38984
-0.17453,-0.46334
0.42718,-0.07397
-0.71446,0.19743
-0.86444,-0.30405
0.58367,-0.42141
-0.28941,-0.10102
-0.1967,0.43702
-0.47761,-0.51988
0.1145,-0.28102
1.53759,0.22956
-0.85668,-1.15168
0.87178,-0.07289
-0.05983,0.70676
0.17742,0.42826
0.60179,1.40313
1.59443,-0.25729
0.43407,0.85694
-0.44497,0.3935
-0.38939,1.16432
0.47678,0.21794
-0.39311,-0.86061
1.72289,-0.02477
0.13819,-0.2178
-1.4342,0.88674
-0.07156,0.10383
1.9256,1.49902
0.63308,-0.60801
0.79401,-0.19359
-0.96572,-0.01021
-0.36791,-0.51403
-1.02819,-0.34102
1.14916,1.40225
-0.36008,3.80916
-0.04881,1.04657
-0.66892,-0.29949
1.2121,-1.44916
0.01214,-0.10414
-0.13903,-0.3972
0.0126,0.34362
0.91585,0.65171
-1.50939,-0.64336
-0.61701,1.82275
-0.48573,-0.9762
1.52286,-0.58783
-0.40446,-4.77255
0.92177,-1.27817
-0.20081,-1.81344
1.18006,0.735
-0.07539,0.93323
-0.0097,0.11227
-0.09573,-2.25929
0.53568,-12.90825
-1.17547,-0.36846
1.93329,-0.31216
0.00777,0.11126
0.01203,0.04991
-1.48882,-1.45644
-1.19172,0.01707
-0.21972,0.96517
0.84204,0.64659
-0.2778,0.04459
-1.40013,1.47464
0.16762,-0.19746
0.53409,0.76377
-1.0637,-0.2314
-0.6377,-0.04762
2.28962,-0.0829
0.14417,-0.73549
-0.03515,-1.19563
0.3781,-0.02043
-1.15587,-0.67772
-3.40844,0.42987
0.73753,-0.40391
-1.15482,0.79244
-0.34029,0.2517
0.99727,-0.32012
0.48576,-0.19907
-0.51845,-0.68724
-0.53466,0.16185
-0.31468,-0.24311
0.55179,-0.84545
-0.05206,0.03327
-0.4594,-0.58311
0.27046,0.70727
2.67422,-0.76953
1.38607,-0.88612
0.13667,-1.08616
0.24018,0.42381
-1.23579,-0.08118
-0.16766,-1.11482
-0.22843,-0.16321
-1.08882,0.28639
1.12137,0.06577
-0.14062,-0.02655
-0.52891,0.65763
-0.3307,0.77097
1.31349,-0.666
0.87498,-0.07011
0.77896,-0.62417
-0.31999,-0.71308
0.39057,-0.24855
-0.86948,0.51603
0.00012,-0.12584
0.328,-0.83715
1.45512,0.18885
1.15537,-0.36367
1.68746,1.05716
0.27756,0.08172
-0.22652,-0.33804
0.16087,-0.67159
0.25593,-0.01782
1.56871,-1.69385
-0.21067,-1.43008
0.31773,0.24887
-0.34104,0.83155
-0.74173,1.4785
-1.04626,-0.11695
-2.24636,1.43267
-0.59784,-0.18025
-0.61794,-0.15698
0.11988,-0.11818
-1.0518,-0.51596
-1.19415,0.67372
0.93278,-0.1451
-1.13481,-0.77798
-1.75738,-0.81891
1.49771,1.89651
0.73424,-0.49112
-0.61686,-0.65905
-0.6526,1.11555
-2.41954,1.37727
0.89366,0.05062
-1.03086,0.07556
0.67729,0.23674
-1.53136,-0.21781
-2.11788,0.24564
0.55131,0.64304
1.40444,0.33049
1.14013,-0.12989
2.19082,-0.17233
0.29043,0.01186
-0.39165,-0.4796
-0.52984,-0.06128
-0.03593,2.43547
2.45055,-0.18662
0.98094,-0.37354
-1.09612,-0.40376
2.33442,-0.19545
-0.18254,-0.56238
-1.22497,0.39793
0.41293,-0.43821
-1.51113,-0.79039
-0.43612,0.5225
0.15701,0.32493
1.06686,1.67425
-0.29088,-0.10872
1.59776,-0.46958
-0.04034,-1.79883
-0.77596,1.32244
0.15242,-1.14406
-1.20482,0.34923
-0.28715,-0.10041
0.08292,-0.23544
-0.47592,0.12804
-0.21584,0.27833
-2.22185,0.1965
-1.2204,0.16413
-3.31491,-1.53822
0.44867,0.40912
-1.69953,1.22754
-0.34393,-0.29339
-1.11317,0.53593
-1.17917,-0.04043
0.59357,0.5651
-0.44476,0.31288
-0.39704,-0.7931
1.22804,-0.25563
2.59896,0.86665
1.08563,0.85469
-1.02988,0.2447
0.12826,-0.82217
-0.93018,1.80449
0.069,-1.17854
1.11137,0.47877
0.37172,-0.39618
1.80465,-0.63099
0.65216,-0.90555
0.65394,-0.0153
1.1201,0.92989
-0.73041,-0.21293
0.45532,-1.29135
2.09411,-0.30452
1.37156,1.64317
-1.54312,0.53082
0.01432,-0.3803
0.11796,0.18047
0.22557,0.36781
-0.79695,-0.47617
-1.68611,-0.63007
0.39294,-2.27838
-2.87087,-0.94408
0.40879,1.01232
0.8288,0.24312
-0.56648,-0.82256
0.30056,-0.53643
0.51948,0.18981
0.86904,-0.09607
-0.04757,-0.54564
-0.45,-0.22992
-1.41583,-0.65009
2.3981,0.56813
-0.88849,0.66939
-0.93985,0.81702
-0.08397,0.47145
-0.28886,0.35219
0.43936,-0.10606
1.2376,-0.31007
1.10159,1.14573
0.57948,-0.50669
-0.98644,0.31952
-0.64676,0.62008
-2.56191,-0.32093
-0.05763,-0.75621
0.35013,0.78029
-0.82774,-0.12086
1.13431,-0.27943
-1.42422,0.50182
-0.08929,-1.12156
-2.30009,-0.72841
0.7144,0.25216
-0.66846,1.31435
-1.42179,-0.57363
0.959,1.03666
0.49132,-0.16134
1.47943,-0.172
-0.93552,-0.88813
0.61039,-0.4273
-0.9877,0.25335
0.00169,-0.51277
-0.67604,0.27002
-1.43848,-0.59207
-2.02804,0.2556
0.44863,-0.63971
-2.12554,0.12007
-1.47169,-0.12827
0.25155,-0.77374
0.19889,0.35093
0.03764,0.72118
0.56568,0.16553
0.28996,0.14663
-0.14898,-0.33192
-0.37268,-0.2402
-0.2935,1.20847
0.89209,0.27119
1.10596,0.17473
-1.19997,-0.01218
1.26992,-0.35832
-0.48084,-0.05687
1.37645,0.03347
1.84535,-0.49765
0.50511,-0.22807
0.20641,0.806
-0.57675,0.28005
-0.07821,-0.38765
0.04323,0.04984
-1.75677,0.36587
-0.97676,-1.12303
-1.97499,-1.52295
-0.90498,0.00801
0.13474,-0.06181
-1.41369,0.50808
1.4465,-0.27197
0.19536,1.16959
1.01798,0.96305
0.44583,0.58663
-0.53073,-1.74585
-1.04067,-0.19436
1.68861,0.23518
0.66205,1.28236
-1.13062,0.08763
-0.4067,-0.38853
2.03767,0.46465
1.09128,-0.07084
-0.15816,0.52776
0.90264,2.49002
-0.69145,-0.2327
1.01829,-3.78859
-0.03904,0.90815
-1.02985,-0.09721
-0.58839,-2.27818
0.14125,-0.69726
-1.25909,0.40319
1.9784,0.27261
1.26828,0.00402
-2.60213,0.02786
-1.25775,-1.64128
-0.02082,0.40959
1.43152,2.17734
0.42975,-1.26115
-0.26745,-1.41674
-0.11018,-0.49831
-1.29047,-0.57286
0.53862,0.01642
0.63171,-0.0839
-0.28,0.42267
1.35008,-0.24029
1.69316,0.40526
0.76016,0.42654
-1.08759,-0.33256
-0.83972,0.53742
0.78684,0.02195
0.52095,-0.45706
2.05322,0.4064
0.45076,0.08192
0.91783,0.32412
-0.27333,-0.77793
1.17928,-0.62332
-0.0981,-0.04198
-0.47273,-1.3418
0.90352,0.36584
-0.3123,-0.11514
-0.51777,0.10047
-1.09488,0.04623
-1.47706,-2.19076
1.80515,-0.74247
1.63248,-0.47044
-0.75032,0.65811
0.69777,-0.96503
-1.21617,-0.03159
1.02072,0.39405
0.68104,0.20786
-1.35076,1.04318
1.35507,0.11072
0.22704,2.69348
-1.81378,0.46058
-0.15156,0.1687
1.44064,-0.24392
0.13657,-0.31081
0.14507,0.08908
-1.02485,0.65802
0.38383,0.6858
-1.94431,0.01401
-1.84397,-0.2821
-1.05161,-0.83318
-0.57272,0.96681
-1.81214,0.27136
1.05524,-0.5978
-0.86801,0.36798
0.29874,1.07554
-0.89359,0.63669
1.14264,0.05665
-1.78501,1.37008
0.52461,-0.32323
0.94166,0.54538
-0.55876,0.511
-0.70539,0.17537
0.70974,1.76597
-1.51439,-1.59496
-0.46706,1.01368
-0.18022,1.38319
-0.45083,0.36535
-0.11042,1.10074
-0.01201,-0.27941
0.38022,-0.1809
0.22736,4.34663
-0.15424,0.34166
-0.85992,-0.20566
0.13997,0.34025
0.49728,0.54124
-1.76087,-0.48575
0.32625,-0.95935
-0.18378,-0.13279
0.66012,1.67115
2.23153,-0.62235
0.27213,-0.0882
-1.11054,-0.28359
1.26904,-1.03887
-1.52459,-0.0929
-0.0629,-0.53327
0.12931,0.22274
-1.29089,-0.66521
1.22923,0.69357
-1.33542,0.58109
2.36108,0.18382
-1.03242,0.25422
0.32801,-0.02172
-0.58983,0.86259
-1.48166,0.61244
-0.84085,0.85638
0.51691,0.4199
-1.24289,-0.41579
0.78691,0.21145
0.77255,0.20725
-0.78577,-0.83634
-1.50104,-0.1038
0.20404,-1.10879
-0.51825,0.33185
1.94627,-1.47951
0.25323,0.63633
-0.44506,-1.20029
-0.88561,-1.72823
-0.28827,-0.46803
0.06119,0.06988
-0.8932,1.21952
0.15282,0.09094
0.70807,-0.72323
-1.00665,-2.72572
-1.17878,0.54457
0.05114,0.17562
0.76826,0.1541
1.45579,-0.22852
0.47289,0.07173
1.01939,-0.58239
-1.61621,2.3576
-1.49529,0.23682
0.2614,0.12892
-0.48979,0.70349
1.34674,0.37683
0.33322,0.33504
1.8547,0.70751
-1.43942,0.19609
0.79059,-0.76933
0.57572,0.84558
1.12929,-0.04468
1.16774,0.31524
-0.54816,0.03177
1.02043,-0.01528
0.70528,-0.54336
-1.14,0.11986
0.34714,0.11037
-0.35307,-0.36202
-0.06134,0.14668
-0.56925,0.16739
1.62654,-0.36788
-1.07173,-1.45275
-0.35928,0.50258
-1.47896,-1.065
0.80945,0.7693
-0.27771,-0.54817
-0.32327,-0.46823
0.08218,-0.74454
-1.08215,0.72819
0.68787,0.19044
-0.7258,-0.3031
-0.64367,-0.94124
0.00135,0.91981
-0.25529,-0.10399
-0.99056,0.45372
0.78508,-0.73109
1.07045,0.02276
-0.41621,-1.4162
-0.55437,-1.2954
-0.5335,1.39199
0.68725,-0.56079
0.05161,-0.05695
0.28453,-0.62828
0.5988,-1.20271
1.50953,-0.05122
-1.76707,0.42512
1.36525,-0.549
0.50028,-0.80645
-2.17015,0.91078
-0.87646,-0.60286
-0.12505,-0.50858
0.25545,1.40934
0.45609,-1.49954
-1.11724,-0.73813
-0.28904,0.10834
-0.5409,-0.65733
-0.3378,0.85139
0.04309,0.42207
-0.26874,-0.70215
-0.26608,0.51769
2.95209,0.33173
0.56012,0.11932
1.00736,-0.1299
-0.65436,0.14242
-1.05847,3.02069
0.68251,1.24358
0.4952,-0.22967
0.05909,0.30861
-0.21543,-0.18289
-1.76626,-4.16785
-1.41047,-1.39114
1.81859,-0.24406
-0.13867,0.41921
-0.05883,0.69617
-1.40381,-0.01021
0.44498,-0.06949
0.8035,0.17392
0.98655,0.44941
1.6782,-0.19761
-0.58841,0.37357
0.14472,0.49678
-0.21044,0.63386
0.08841,0.76674
-0.35712,-0.86625
0.9428,-0.40429
0.97177,-0.0841
-1.12952,0.24854
0.78601,0.26175
-0.44091,1.26751
0.04547,0.44843
0.73184,-2.40039
0.00188,0.90418
1.16411,-2.02443
-0.42667,-0.21642
1.32071,-0.65395
1.5422,1.28918
-0.72684,0.75001
1.26377,0.07295
-0.42545,0.27247
1.89592,0.961
-1.78729,0.07632
-2.4801,0.24682
0.81492,0.12463
-1.40152,0.86723
-1.25539,-0.54576
0.72398,-0.84547
1.98998,0.07196
-0.02019,-0.46685
0.12917,-0.08412
-1.75117,0.72339
1.21147,0.42655
-0.85701,-0.97592
-0.54875,0.03472
0.74413,-0.21335
2.2812,-2.9266
-0.34071,0.75651
1.40604,-1.11068
0.52649,0.68786
1.66313,0.35647
-1.30766,-0.54936
-0.54957,0.49422
0.57294,0.36062
0.98287,-0.09449
1.61262,-0.60148
-1.09385,0.48838
0.76083,0.29776
-1.54043,0.53272
0.03349,1.03364
1.04049,-0.48236
0.64527,0.57993
1.67107,-0.17736
-2.11457,0.18896
0.00934,0.25919
-0.76534,-0.08401
-1.17881,0.67966
1.28052,0.38723
-0.98963,-0.07263
-0.18905,-0.03561
0.68191,-0.09464
-2.04868,0.44099
1.55372,-0.42435
0.81563,-0.29692
1.15159,0.09536
1.83337,0.35837
-0.01198,0.91649
-0.67708,-0.37255
-0.9318,-0.09583
0.27113,0.3204
-0.30929,0.04438
-1.3215,-0.25901
0.47934,0.4882
-0.40112,0.36164
0.2591,0.80111
0.33781,0.12357
-0.81508,0.32645
-0.30285,0.27465
0.382,-0.00627
0.27795,0.21229
-0.10389,0.02102
-1.19429,2.23908
-0.38677,0.77175
-1.496,-0.5198
1.60023,4.26132
2.14027,0.6609
0.80401,0.1503
0.98183,0.38035
0.22855,-1.37079
-1.39547,0.0249
-0.5962,-0.80706
0.53947,0.07605
0.87731,0.48694
-1.23766,-1.0822
-0.46063,0.05239
-0.0972,1.02709
1.94318,-1.02609
0.42688,3.79579
-0.14571,-0.01115
0.15264,-0.79959
0.48036,-1.03712
3.28769,0.05973
-1.42779,0.48714
-2.11559,-2.85715
0.49085,1.98453
-0.00565,0.36109
-0.14231,0.12255
0.40133,1.51503
0.53688,-0.74372
0.54087,-0.5323
-0.73832,-0.0597
0.06249,-0.3064
-0.82803,-0.29476
-0.23195,0.03153
0.84336,-0.21527
-1.72576,-1.22682
-0.53142,0.45373
0.65052,0.39741
-1.56639,-0.08328
-1.18698,-0.60574
-0.4982,0.96302
-0.71714,-0.98557
0.8587,-0.78366
0.40939,-0.09959
1.41576,0.20049
-0.28399,0.81842
-0.64438,-0.19408
1.0697,0.09055
-0.33488,-0.58316
0.32151,0.15131
-0.29289,0.8058
1.90598,0.20874
-0.75458,0.10949
-0.90648,0.77855
1.02338,-1.52068
-0.31446,0.30989
0.29364,-0.2063
-0.24677,-0.88896
-0.43514,-1.64987
0.78629,0.38182
0.9054,2.66664
-0.5081,0.43834
-0.64455,0.79708
0.84108,-0.24694
-1.06318,-0.42948
-1.74861,0.011
-0.81058,0.2211
0.57885,0.82915
-0.14606,0.287
1.67987,-0.26375
0.77766,-0.88905
-0.45565,0.09168
-1.27514,2.40166
1.93301,0.35208
-1.28235,1.95516
-0.78599,2.79922
0.40493,0.07146
0.11876,0.33552
-0.14709,-0.67532
-0.63051,-0.13856
0.6081,0.56515
-0.63157,-0.08794
1.08575,-0.53809
-1.18636,0.37526
1.08219,0.33688
0.29478,1.16038
-0.38749,-0.065
-1.54367,0.32343
0.21661,-0.16009
-0.65721,-0.29209
0.149,-0.01571
0.11512,-0.11374
0.15403,0.05374
1.49608,-0.34439
-0.2635,1.18395
1.28459,0.1186
-0.88453,0.12017
-1.10357,0.34442
0.09221,0.63365
0.37474,-0.42362
1.61613,0.00272
-2.71441,-3.3142
0.41771,0.15703
-0.35296,-1.28091
-1.24374,0.68226
0.23871,0.7344
-0.52786,0.72397
0.21486,0.2039
0.00324,-0.30223
-0.6413,1.16208
-1.66377,-0.93089
0.28812,-0.95543
0.75599,-0.2536
-1.91848,-0.07329
-1.00843,-0.13527
-0.105,-0.88527
-0.76136,-1.39677
0.16519,-0.08392
-0.00877,-2.39053
-1.00136,-1.39932
-1.44586,-1.51935
1.37088,-0.45597
0.77888,-1.03305
0.64104,-0.66196
-1.4423,0.4253
0.114,0.78196
-0.88273,0.27499
0.62592,0.97761
-0.42114,-1.80442
0.26193,-0.90128
0.56748,0.05445
-0.61228,0.34691
2.56056,0.63855
0.67764,1.57198
-1.47831,-2.41864
-0.45137,2.06149
-1.09454,-0.87971
0.52994,0.41875
-1.94513,-0.00717
0.66977,9.34219
-1.83863,0.70061
0.02599,0.07972
0.04323,-0.12425
-0.42878,0.65984
-0.079,-0.03984
0.27618,0.29967
0.7986,0.17139
-0.27056,-1.2391
-0.67114,0.12747
0.68864,-0.10932
0.7082,0.37534
-0.34934,-0.65983
1.2396,-0.10065
-1.68257,0.46868
-0.29839,-0.44359
0.92575,0.33887
0.65904,-0.74217
0.09175,-0.47636
-0.03003,-0.03573
0.03846,-1.23072
-1.08704,-0.7839
-0.2352,-0.78796
0.27626,0.6844
0.35005,-1.05222
1.28895,1.16156
0.1791,-0.80189
-0.76091,0.29721
-0.13895,0.07215
-1.15918,0.20809
0.68867,-2.04826
0.50772,-1.62682
-0.92202,0.06698
-0.12669,-0.13018
-1.94634,0.68698
0.74667,0.77085
2.05348,0.08236
-1.63815,0.52841
0.30737,-0.25872
-0.11616,-0.44466
0.26573,0.51277
0.06996,-0.14698
0.91252,0.06729
0.26539,0.67509
-0.01662,-0.86455
1.93695,-0.96541
0.45703,-0.14747
2.2117,2.08741
-1.35389,-0.15329
-0.56664,0.14814
-1.1348,-1.42339
0.83663,0.24627
0.84265,-3.19058
0.40668,0.31127
-0.25688,-0.61254
0.82145,0.19481
0.55147,0.16839
0.63346,-0.00639
1.66111,-0.20488
0.24819,0.54246
-0.84122,-0.51523
-1.71022,-0.73652
0.01055,0.4371
0.03528,1.46303
-0.4908,0.14394
-0.78596,0.27758
-0.23713,-0.31575
-1.51212,-0.5182
-1.33961,-1.75012
1.79356,0.53915
-0.85215,0.38468
-0.06624,-0.20653
-0.72887,-0.58742
-1.56024,-0.83115
-0.61424,1.97521
0.02285,0.4956
1.71687,-0.42587
-0.8656,-0.23184
-2.04561,-0.4328
-0.21781,0.44156
1.14691,-0.70318
-0.60134,0.64043
-1.7642,-2.76929
-1.10733,-0.91012
0.59698,0.25166
0.02313,-0.48922
-0.14375,0.33753
0.86001,-0.53277
0.68231,-1.2954
1.33605,-0.50136
0.72002,0.38266
0.65063,0.30201
-1.33442,1.65756
-0.19866,0.35674
-0.32205,-3.07049
2.44706,-0.5764
-1.38591,-0.11629
0.4948,0.16858
-0.0428,-0.12835
-0.96835,-0.03211
0.03812,1.22424
2.14395,0.43901
1.53875,-0.73959
1.34068,3.31171
0.53759,-0.41701
-0.69276,0.37388
-1.86983,0.17787
-0.22401,-0.08024
-0.80237,-0.25374
-0.32709,-0.03857
-0.68653,0.19683
-1.13495,-0.81613
-0.44443,0.31762
-1.14316,-0.11328
0.77307,-1.0859
-2.11882,0.45813
0.01214,1.34769
-1.1674,-1.11458
-0.06588,-1.20203
0.21999,-0.33296
-2.09588,0.36821
-0.65518,0.4981
-1.05434,-0.19784
1.03,0.58461
-0.90512,1.05068
0.7174,-0.30674
-1.02404,0.26234
-0.49799,0.36853
-1.89108,0.2079
-0.3011,-0.59217
1.00366,-0.06428
-1.48336,-0.47366
1.47757,0.31878
-1.143,0.34838
-1.04647,-0.58879
-1.50262,-1.11569
-0.39054,1.5239
-0.39254,0.21036
-1.18209,-1.10141
1.59981,-0.18338
-1.73127,-2.00425
-0.39074,-1.01341
1.23202,-0.03457
-1.20454,0.45708
-0.07859,-0.7025
0.22322,0.26635
1.38705,-0.60566
1.88612,-0.18679
-0.19269,0.40528
-0.16538,-0.47517
-2.34419,0.44932
0.55624,0.78186
-0.5168,1.3273
0.62447,1.05283
-0.05444,-0.21774
-0.80044,-0.28604
1.28561,0.46234
-0.52144,-0.67309
-0.54076,-0.53849
-0.23881,-0.3857
0.90462,-0.13259
0.73233,-0.52471
-0.12542,-0.48306
-1.00791,-0.25317
-0.01274,-1.06791
0.11297,1.53879
-1.11723,-0.60151
0.06803,-0.18997
0.63922,0.10102
-1.21611,-0.41619
-0.46961,-0.34712
1.81642,-0.54312
-0.06582,0.55856
-0.4605,-0.10098
-0.92327,-0.42523
-0.53243,-1.98531
-2.0854,-0.02619
0.42182,-0.16466
1.21289,0.33952
0.70769,0.61627
-2.06407,0.03583
0.75628,1.17124
-0.4976,0.16446
1.08844,-0.78262
1.11471,-0.38865
-1.18228,0.48692
0.15722,0.77563
-0.68586,0.34872
-0.17976,-0.8597
1.65891,-0.40623
-0.00182,-7.36021
-0.51799,0.17594
-1.38999,-0.48564
-1.92202,-0.00163
0.82207,-1.05048
0.50264,-0.76189
-1.44522,-2.02318
0.30434,0.02435
-2.54645,-0.37764
0.01317,0.00548
-0.76239,0.8102
0.43852,0.28384
-0.38571,0.30337
0.448,-0.74688
1.97336,-0.43685
0.63233,-0.70919
1.7621,-0.21279
-1.5675,-0.56638
-0.03694,1.96902
0.23509,0.68537
2.28456,-0.34769
-0.23928,-1.31958
0.86164,0.06304
0.29829,0.25918
-0.48668,1.33426
-1.33894,0.70552
-0.41113,1.6583
-1.01548,0.33373
2.97068,0.18804
-0.93047,-0.06541
-3.14843,-0.80732
1.28861,1.11166
-0.804,-0.18162
0.76977,0.04336
0.77454,-0.07296
-0.52007,-1.05934
-1.08513,-1.38748
0.86421,-1.91755
0.64781,-0.27158
-2.09987,0.26333
0.70919,-0.31381
0.04954,2.49768
-1.78849,-0.06049
-0.00706,1.32819
1.34276,-0.14865
-1.44411,1.28063
0.16842,0.21458
0.66978,-0.30535
-0.19978,0.32658
-0.05255,-0.13804
0.2464,-1.82129
0.71583,0.08354
-0.71911,0.92735
-1.13606,-0.91605
0.34485,1.13119
0.73129,-0.01875
-0.26985,0.33692
0.0718,0.06643
0.09889,-0.30269
-0.21838,0.17316
1.18193,0.48491
1.7176,1.1178
-0.86839,2.72298
-0.91603,0.93364
-0.4331,0.64748
0.23465,-0.59183
0.46854,0.30297
-1.14426,0.6713
-0.72148,-0.36533
0.15245,1.7185
1.05134,1.41555
0.51867,0.14267
1.53737,0.30714
1.02502,-1.66945
0.14826,-1.53028
-1.26333,0.44355
-1.24548,2.24819
-0.62138,-0.81903
0.47655,0.2834
0.44343,-0.15804
-2.12502,-0.9645
-0.57907,-0.65572
-0.55153,1.31237
-1.68353,1.71805
0.73564,0.17697
0.41267,-0.78067
-0.62904,-1.42728
0.69163,-0.12466
0.46444,-0.67885
0.07699,-0.6963
-1.35444,-0.16806
-2.35425,0.83914
-0.88196,-0.45464
0.52894,0.99919
-0.44006,1.71052
0.76037,0.59413
-0.34708,-0.29164
-0.67392,0.60146
-1.66009,1.14525
0.57274,1.29966
0.73221,0.08724
-0.13583,0.11756
0.56287,0.15881
0.86052,-0.06094
1.11334,-0.68006
1.25587,-0.06964
-0.05405,-0.11616
-0.17268,2.48074
1.39551,0.67615
1.42952,0.16576
-1.37731,0.27139
-0.30865,0.0033
1.00691,-0.45092
-0.67545,0.48242
0.69849,-0.04067
-0.61822,0.1248
-0.59137,0.75164
-1.05457,-0.60418
-0.26558,-0.53261
-1.46255,0.13547
-3.20472,-0.06031
0.98124,-0.09613
-1.03056,1.05977
-0.37769,4.72047
0.67276,-0.45204
-0.04528,0.39182
-1.05477,0.08503
-0.2687,-1.19591
-1.35906,2.31126
0.49395,1.22152
0.42002,0.13377
-1.4561,0.40755
-0.82367,-0.34344
-0.19587,-0.40459
0.94301,0.11669
-0.29426,0.19543
-1.14528,-0.37554
-0.17963,0.42946
1.04897,0.37376
-0.15859,2.09147
-0.4697,-0.35424
-0.22686,-0.10419
0.03764,-2.22335
0.68188,0.5658
0.28359,-0.41589
-0.32392,-0.33069
0.37993,0.96362
-0.19824,1.65867
-1.1285,-0.03437
-1.294,-0.47701
0.72168,0.14433
-1.0936,0.65733
0.95486,1.89165
0.75696,0.9157
1.83229,-0.4596
0.03764,-0.23181
-1.3491,0.93258
0.75778,0.66303
0.65894,2.12353
1.67265,2.28236
-1.2695,0.18547
1.00314,0.01046
0.16625,-0.29891
-0.42839,1.0173
-0.87396,-0.67101
-1.20602,-0.32898
0.10461,0.38004
-0.59401,0.18607
-1.87339,0.6606
0.01964,0.23866
-0.04294,0.21132
0.65269,0.8162
-0.83385,1.11542
-0.00583,0.06066
-0.14824,0.03168
-0.47337,-0.4509
-0.33319,0.91505
-0.39832,-0.77601
0.92482,0.21104
-1.27241,-0.57363
0.32471,-1.64137
-0.59005,0.20268
0.14309,0.31996
0.6355,0.28388
1.23257,1.06909
1.90439,-0.59572
-1.3473,0.38732
-0.86789,0.3514
0.58,-0.69211
-1.19594,-0.5249
-0.34325,0.84324
0.22606,0.94891
-0.5574,0.03499
-0.32807,-1.25625
1.26516,-0.94373
-1.13085,-0.89743
-0.15617,-0.139
1.21262,-0.51064
-0.52045,-0.85037
1.2153,1.25104
0.66571,0.05929
0.15173,-2.65408
-0.39887,0.06726
-0.62273,-1.54019
1.22946,0.66872
0.71184,-0.28645
-0.59637,0.19013
-0.30814,0.54836
-0.10764,0.78976
1.60679,0.61201
-0.54408,0.60055
0.42627,-1.17974
1.84873,-1.94579
0.21383,0.71689
-0.31908,-0.39079
-0.01459,-0.08615
1.76929,0.17603
-1.83272,-0.4347
-0.54466,-0.21419
-2.00668,-1.14552
0.44435,0.02991
-1.73189,-0.48159
-2.006,0.26436
-0.41279,-0.7167
1.45588,-0.07181
-1.25765,-0.50243
0.46482,0.51993
2.37659,-0.52071
-0.63429,1.01495
-1.12646,-0.39352
-0.18832,0.07598
1.20842,0.98038
0.07715,0.56984
-1.0301,0.62715
1.36463,-0.87626
-0.08698,0.05317
0.22927,0.0839
1.40372,-3.34371
1.29207,-0.08534
-0.43927,-0.47162
0.3633,-0.78206
0.17043,-0.45572
-0.50558,0.03951
0.60735,-0.09163
-0.13577,0.31334
-1.02503,-0.38306
-1.12398,-0.74279
1.02973,0.51848
-0.49797,0.70661
-1.06699,-0.46422
0.78146,-0.27875
1.07087,-0.31048
0.97396,-0.24516
0.6112,0.85457
1.69209,-2.59121
-0.55284,-0.33969
0.59205,1.18665
-0.19043,-0.42796
1.15897,0.20765
-0.08622,0.28232
-0.27087,-0.61459
1.58271,0.77077
0.33664,0.09148
1.33882,1.05615
1.30579,-0.04991
0.9391,-0.08042
-0.15646,-3.26142
1.87344,-0.51778
-0.33972,0.1048
0.65534,-0.08543
1.16257,1.04156
-1.34849,1.20565
1.26978,-0.58622
-1.32926,1.38226
-0.10033,0.64889
0.40686,1.36011
-0.34294,-0.70765
0.99834,1.26316
0.99227,-0.91164
-0.58858,0.19556
-0.74069,-0.2659
0.55168,-2.19863
0.11641,0.36251
1.40946,-0.1547
-1.78546,-1.84496
-1.27951,-0.92514
-2.38319,0.18187
-0.99164,0.15117
0.89129,0.14741
0.78322,-0.19371
-2.05567,0.17749
-0.31775,-0.28569
0.33547,-0.25528
-0.69757,-0.35185
-1.35221,0.18759
0.21567,2.35326
0.41385,-0.03237
0.22187,-3.25484
0.26631,-0.7808
-0.34539,1.26453
-0.36628,-0.07874
1.2818,0.12657
0.83836,0.99266
1.37383,-0.05221
-0.52277,0.52131
0.96028,0.19029
0.05448,-0.78323
-1.36077,1.1
0.17088,-0.22192
1.49518,-1.90298
-0.10975,2.07112
-0.83395,0.95127
0.85115,0.74325
-1.38795,0.37051
1.20265,-0.07931
-1.06894,-0.43277
-0.13292,-0.43511
1.45036,0.7233
1.25085,0.50474
-0.18027,-0.08389
-1.18018,-0.41398
0.87782,0.58727
-1.9782,0.57384
0.28385,1.26526
0.71639,0.12665
0.01201,-0.07553
-0.85038,0.93336
1.14782,-0.27649
-0.07358,-0.65986
1.33521,0.02294
-1.9244,1.79061
-0.9907,0.13621
-0.28557,0.94834
0.71596,0.55534
0.29699,0.64364
-0.28046,-1.65477
-1.64267,-0.2484
0.62484,-0.29956
-1.57139,-0.26567
-1.77352,-1.74144
0.5807,-0.33125
1.25701,0.35274
1.09708,0.67496
0.20974,-0.6358
-0.07459,0.0948
-0.6359,0.65464
0.53989,0.61021
-0.61688,-0.6205
1.39632,0.2634
1.65669,-0.49747
-1.42403,-0.58691
-0.03178,2.23654
-1.42243,0.01726
-1.11774,-0.10383
-1.19548,-0.22253
1.25613,-0.46742
0.07771,0.31512
1.61185,0.02839
1.22022,0.19002
0.12965,0.20324
-1.18172,-0.1348
0.89512,-0.527
-0.3537,0.43162
0.96645,0.71863
0.61129,-0.33648
-1.19193,1.79053
-1.05454,-0.31882
0.03582,1.05213
0.67497,-0.92005
-1.75133,0.14782
-0.38391,0.42161
-2.40189,0.14233
-0.51833,0.62084
-0.01307,0.04168
0.64077,0.10501
0.86147,0.33435
1.31672,0.28744
-0.08148,0.04711
1.38804,0.74266
-1.19529,1.7227
1.40852,0.89618
2.04235,-0.95019
0.31377,0.00621
-0.84152,0.98268
1.94529,1.17676
0.54679,0.18331
-1.2721,0.23925
-0.31963,-1.40587
-0.83854,-0.11939
1.27955,2.37375
0.72541,0.64284
-2.64405,1.18349
0.42915,-0.94052
0.32674,-0.94638
-0.17571,0.23645
0.86208,0.31571
0.25862,-0.40167
1.15815,0.68725
0.44851,0.76224
-0.88761,0.94669
1.04327,0.37162
1.51945,0.25334
-1.50628,1.12139
-1.44916,-0.1173
-0.13022,-0.00717
0.09486,0.02514
-0.24931,0.32747
0.10027,0.08464
-0.11916,-2.76169
1.28264,0.3169
1.12573,-0.40728
-0.74222,0.60277
1.42147,-0.12445
-2.01688,-0.52442
0.83081,-0.81099
0.23678,1.07607
0.40076,-0.21047
0.36509,0.38357
0.66906,-0.67934
0.64968,1.25135
0.98497,0.02615
0.57472,0.01913
0.5037,1.48453
-1.67273,-0.18727
0.52397,0.42646
0.5864,-0.92103
-1.70501,-0.2147
1.93914,-0.24231
-0.50273,-0.78506
-0.55251,-0.80636
-0.82599,-0.14177
-1.09622,0.40147
1.32645,0.23238
0.67996,0.75225
-0.47791,-0.18387
-0.69939,-1.28442
2.54479,-1.54808
1.23883,-0.31165
-1.83062,-0.53232
1.57885,0.27081
-0.06651,-1.11398
0.09072,-0.07639
1.2338,1.21027
-0.66612,-0.69659
-0.40507,0.45228
0.45801,-0.58155
2.96872,-0.16959
0.47083,-0.28553
-0.16464,0.27246
0.49876,-0.57762
1.4007,-0.16965
0.44232,-0.28448
2.38783,0.66577
3.1477,0.27396
-0.26263,-0.29402
0.94952,1.75338
1.79554,0.07142
-0.13549,0.24198
2.07342,-0.32355
-1.12633,0.38077
0.51184,4.64688
-0.05542,-0.03621
1.88934,0.78817
-1.28869,2.133
-0.15789,0.9757
0.19456,-1.43865
-2.23103,-0.10608
0.17881,-0.19386
-0.35281,0.90532
-0.97235,-0.18443
-2.02668,-0.74838
-0.04341,0.41332
0.12133,-0.56185
0.16854,0.22683
1.61942,-0.2929
-0.24906,2.85415
-0.94781,-0.3466
-1.0591,0.53078
-0.80067,-1.19301
1.3392,-0.00171
0.01564,-0.66458
0.21619,0.31381
-0.49208,0.20153
-0.38547,1.37129
-0.43638,-0.70037
0.44503,-1.51609
1.4401,-0.25068
0.02732,-1.00101
0.16281,-0.39543
0.11109,-1.56397
-0.59786,-0.59393
-0.48493,-0.84792
1.00038,-1.13162
0.00101,-0.53174
0.95023,-0.05562
0.12468,-0.27767
0.55272,0.60029
1.34877,-0.59627
-0.29819,-0.73012
1.34323,-0.73598
-0.85239,0.14921
-0.83009,1.01535
-1.2128,0.4022
-0.71434,0.47941
0.56876,-0.86106
-0.19174,-0.24441
0.30982,-0.275
-0.78806,0.84494
0.81545,-0.26084
0.35331,-0.05876
-0.65478,1.32332
1.827,0.43147
-0.67324,-0.18892
-0.26766,0.61125
-0.56607,1.41257
0.08441,-0.09533
-0.10956,-1.55601
0.66315,0.33874
-1.55785,-0.46359
-0.7349,2.24015
-1.41266,0.715
-0.92132,0.4896
0.63873,-0.89164
-0.18514,0.52679
0.78839,-1.73872
0.92435,-1.59186
0.38699,0.58059
-0.79437,0.19228
1.12967,-0.58535
-0.09753,0.52697
0.01493,0.11543
-0.13661,-0.03346
0.01677,0.33481
-1.11114,-0.56863
-0.98204,-0.38297
1.18971,0.79049
-0.43281,0.96635
0.66896,-0.08281
-0.38693,0.17732
-0.07052,-0.75891
0.08357,0.90269
-0.09732,-0.69492
-0.1342,-0.32397
-0.38566,0.39492
-1.25369,0.15629
0.29317,-0.28553
0.34773,-0.06889
-1.22979,-0.35381
-0.05492,0.2922
-0.71257,-0.63139
0.47645,-0.57622
-1.86006,0.28466
-0.99148,-0.59483
0.1409,-0.13184
0.16656,0.57387
1.53692,0.45889
1.89169,0.35322
0.18943,-0.66431
0.65365,0.33863
0.95461,-0.72655
-3.20044,0.46004
-0.92681,-0.3994
0.67969,-1.18036
-0.96575,0.48449
1.4909,0.2499
1.88968,2.55084
0.1991,0.43585
0.69136,1.57375
-1.29034,0.1268
1.9779,-0.56594
0.9584,0.49961
-1.55572,0.10552
-1.77591,1.88686
1.28627,0.1778
-2.51803,0.17209
-0.21972,0.9282
1.4215,1.11373
1.42052,-0.97629
-0.71297,0.3017
0.10962,0.35018
-0.65388,0.15215
-1.00242,-1.31896
0.2369,-0.88859
-3.02466,0.82151
0.86707,1.34687
1.06771,-1.37494
-0.49121,-1.53854
-0.95096,0.37627
0.81876,0.08636
0.90783,-0.36524
1.62845,-0.69479
-0.42705,0.87724
-0.48058,0.50115
0.45423,0.4413
0.66782,-0.99153
0.91398,-0.1367
-0.41549,-0.75051
1.09731,0.30745
-0.21558,-0.12926
1.07598,2.11421
0.35381,-1.29311
0.97937,-0.52621
1.29504,-2.72214
0.24964,-0.00211
0.46671,-0.28022
0.87024,0.40181
-0.05268,0.576
0.11621,-0.09506
0.06716,-0.48049
0.20382,0.06935
-0.07058,-1.17132
1.03731,-0.29178
0.81772,-0.23493
-1.12789,0.34857
-0.45804,-0.78117
-0.15748,-0.3643
1.32425,-0.10311
0.07246,0.52458
0.81709,0.09699
-0.47323,-1.96126
1.43655,0.86702
0.23947,-0.12752
-0.15187,1.28512
-0.31356,0.04795
0.35987,0.37069
-1.31573,-0.20705
-1.08425,-0.93364
-1.36692,0.15123
-0.33802,-0.53816
-0.68361,1.38119
1.49434,-1.61874
-1.16776,0.07036
-0.05579,0.96916
-0.17636,-0.48348
-0.40435,1.83893
-1.48427,-0.17319
-0.49608,0.17387
0.98883,0.32904
-0.71619,0.09716
-1.42945,-0.18286
0.1865,1.74149
0.17699,-0.35777
-0.61399,3e-05
-0.26249,0.15182
0.81846,-0.05058
-0.47745,4.82767
2.70095,-0.77825
0.26479,0.42145
-0.28088,0.46298
0.82173,0.88478
-0.59011,0.56392
-2.53701,3.52683
-0.64472,0.72759
-0.00484,-0.63293
0.47794,0.32838
0.12656,-2.7904
-1.02195,0.18433
0.26014,-0.52352
0.04825,0.60053
0.58406,0.30807
-0.70152,-0.93067
0.94778,-9.11444
-1.40144,-0.21521
0.60861,-0.02344
-0.65161,-0.35582
-2.38341,-0.31895
1.19672,-0.40032
0.38524,0.50522
1.09831,0.21401
0.27279,-1.15662
0.07604,0.42876
-0.29228,0.06921
0.25376,-0.31182
1.00069,0.39156
0.65523,-0.30729
1.96325,0.42013
-0.2864,0.16742
-0.17634,0.0585
-0.70973,-0.32767
0.04475,0.99524
-0.20726,-1.80948
0.50536,0.17995
-1.02482,-0.62819
-0.36021,0.13617
0.5375,0.38833
0.35359,-1.38929
1.77997,-3.21356
-0.81585,0.01053
-0.41016,0.06121
0.3079,0.50512
-0.62656,0.90855
-1.10931,0.843
1.58615,1.21315
0.0914,-0.12447
-1.60923,0.36167
-0.45055,0.38098
0.05933,2.36223
1.40053,0.35398
-1.68457,-0.06342
0.24099,0.04601
-0.53329,0.15376
-0.24904,0.17323
1.15844,0.06486
0.97704,0.00036
0.96907,0.4545
0.94712,0.25495
-1.11536,-0.00102
0.33101,0.09841
-0.71356,1.74778
-1.1463,-0.75672
0.53193,-0.08243
1.61515,-0.0825
0.7362,1.06243
0.79125,-0.35508
1.52237,-0.20181
-0.15163,0.53753
1.02673,-0.11298
-0.79691,0.25366
-0.29503,0.15554
-1.41258,0.80956
1.01979,0.01302
-0.44456,0.11064
0.13086,0.83921
-0.03912,-2.44761
0.02211,0.262
-1.31717,0.92628
0.86055,-0.9939
-1.338,0.37906
-0.93857,0.80985
-0.33894,-1.37255
0.54511,0.00781
0.9502,1.05612
0.34403,-0.79567
-0.3463,2.28946
-0.6336,-0.40679
0.06584,0.19818
1.32588,-0.46172
0.00171,-0.14768
-0.05663,-0.19821
2.08893,-0.57732
2.30248,1.38129
1.99336,0.91361
-0.32484,0.48365
-0.8066,-0.25309
0.37009,-0.08351
0.00693,-0.61036
0.27462,-0.15149
1.72649,-1.37174
0.27874,-1.08194
0.22558,0.39836
-0.79665,-0.5377
-1.06367,-0.17567
0.72272,0.43905
0.61624,0.06039
-1.38925,-1.59862
0.43554,-1.30639
0.0214,0.01846
0.65186,-0.0627
-0.26463,0.85595
-1.03886,-0.21624
0.06525,-0.21207
2.06795,0.63893
-0.59544,-0.65516
1.42206,-0.83203
0.99305,-0.06946
1.10085,0.11954
-1.28954,0.7952
1.20832,-0.27446
1.42712,-0.77866
-1.38534,-0.3275
0.66208,0.55658
-1.49523,-0.18561
-0.50627,0.32255
0.06907,-0.14931
0.22929,0.16622
1.08429,-1.4078
0.09569,-0.01686
0.2518,-0.25796
1.71907,-0.97333
-0.26846,0.76236
0.47354,-0.99142
0.15445,3.07565
0.97699,-0.36391
0.90786,-0.24127
0.17664,-0.83226
-0.97393,-0.2976
0.03582,-0.65781
1.14609,-0.65405
0.08664,-0.0761
-0.84814,-1.42313
-1.6169,0.05895
-0.11475,0.50653
-0.92492,0.25879
1.00432,-0.14004
-0.77395,0.39252
-0.86433,0.1358
-1.34164,0.27236
-0.24567,-0.03539
-1.67456,0.49916
-0.78049,-0.01227
-0.0181,-0.16265
-0.88465,-0.63691
-0.51432,-0.01124
-1.21482,0.27599
0.39566,-2.38476
-0.20056,1.00344
-0.03464,0.05901
0.87107,0.37489
0.49913,0.20598
1.38589,0.00583
-0.77448,0.25647
-0.80226,-0.18279
-0.49028,0.05159
0.34182,-0.86007
0.42046,-0.73584
0.10613,0.10413
0.32621,0.26811
-0.36196,-0.0996
1.40068,-0.32107
1.28701,-0.05479
-0.16513,0.84165
-0.8829,0.22829
-0.27161,-0.41931
-1.52214,-1.97904
-0.79239,1.64393
-1.99197,0.25297
-1.65618,0.26709
-1.45228,0.45024
-1.29211,-1.8724
-1.67772,0.78267
0.46941,0.1278
-0.89249,-0.55861
-2.6522,0.7589
-0.21176,0.07574
1.40003,0.65934
0.05429,0.69897
-0.94898,-0.35027
0.59554,3.26201
0.19201,-0.05606
0.99561,-0.74235
1.7234,-1.00208
-1.03828,-0.85968
-1.57394,-0.19415
0.03898,0.21927
-0.70157,0.70049
-0.50836,-1.22868
0.85328,0.50327
0.28017,0.76795
-0.77963,-0.08624
-2.34132,-1.32472
0.7064,-0.67466
-0.61251,1.3234
0.04609,1.01111
0.39267,-0.08898
-0.50593,0.17104
-1.01841,1.01784
-0.41018,-1.07443
-1.39997,0.3011
0.21348,-0.88788
0.24666,-0.7717
-0.05853,0.57515
-2.22449,-0.74492
-0.70495,0.89428
0.5313,2.54913
1.58413,-0.7405
0.12802,0.14889
-1.76935,0.12287
-0.55972,0.29786
-1.39826,0.78516
-2.20958,0.88727
0.14756,-0.35225
-0.52735,0.16777
-0.36801,-0.31136
2.3366,1.14494
0.57122,0.08868
-1.30793,0.06741
-1.22923,-1.4624
0.60441,0.04715
-0.75588,1.34261
0.64647,0.2838
-1.56836,-0.24503
-0.61813,-0.54993
0.33633,0.67114
-1.36937,-0.86199
-1.30727,0.47167
0.88873,-0.40347
1.76168,-1.17826
0.14464,-0.05257
-1.0326,-0.83236
-0.41594,1.90961
-0.83725,-0.74547
0.72497,-0.29175
-1.16355,0.21987
1.12319,0.03559
-0.63188,1.19779
1.16867,1.01647
0.05369,-0.44468
-0.03912,-1.74963
-0.77671,-0.12508
-1.47281,-1.2869
1.40413,0.4119
-0.01193,-1.27472
0.0724,0.62767
1.22796,-0.34438
1.21405,0.31001
0.45888,-1.87018
0.71246,0.5822
1.04517,0.94984
-0.17382,0.62517
2.03065,2.86595
-0.74703,0.14585
-0.11387,-0.71869
-1.10243,0.39734
1.40574,0.17664
1.4468,0.07761
0.87432,-0.10196
-0.17496,-0.79988
0.85194,0.01289
-0.33878,0.56027
0.23085,-0.52109
1.74977,-0.96101
-0.80517,-0.03035
-0.28236,-0.7548
0.29972,-1.95179
0.2973,0.60072
-1.99957,0.30956
-0.39529,1.85521
-1.45817,1.10148
2.06406,1.3757
0.0968,0.35053
-0.02805,1.20231
-0.15039,0.1823
-0.75208,2.15171
-1.53201,0.15802
-0.33666,-0.12321
1.05133,0.68479
-1.04525,-0.13551
-1.71397,-1.65277
-1.07244,0.46936
0.01133,-1.34747
0.29807,-1.68846
-0.03816,0.84348
-0.75656,0.45791
0.79109,0.16867
-0.44234,-0.61799
0.54131,0.88539
1.03646,0.1921
0.8884,-0.63907
0.54695,0.47821
0.79348,0.30612
-0.96615,0.13888
0.61977,0.80567
0.56928,0.26678
-0.7667,1.0295
-1.65295,0.48565
0.10847,0.73448
-0.1177,-0.48829
-0.72883,-0.27673
-0.12589,-0.25122
-1.09867,0.89308
0.01375,-0.2643
-0.40505,-0.4447
-2.22926,-0.41954
-0.25421,-1.0923
1.59332,0.66637
-0.07369,0.10112
0.52335,-0.23358
0.55702,-0.34748
1.02193,-2.46418
1.18793,-0.07246
-0.46439,-0.24586
-0.52822,0.31985
0.84316,0.35072
1.46845,0.07483
-1.21133,-0.05263
-2.21704,1.12044
-1.3804,0.25315
0.75962,-0.00983
-0.60494,0.22921
-1.59876,-1.32831
0.49388,-0.66813
-1.00951,-0.27499
0.74789,-0.85597
-1.04554,0.0283
0.9286,0.68792
-1.10062,0.29727
-0.93304,-0.8356
-1.50192,-0.70447
0.03392,0.18522
-0.47472,-0.30836
-1.42041,-1.32315
-1.0708,1.01352
-0.0823,-1.11652
-1.19972,0.26188
1.87502,0.11007
0.96879,-1.89752
1.88302,0.03511
-0.65832,-0.17173
1.8365,0.24746
-0.22837,0.4373
-0.30722,-0.04889
-0.62513,0.68763
0.38187,-0.52947
1.03506,-0.47857
-0.10595,0.3299
-1.26536,0.69729
-1.57292,-0.26914
-0.45245,-1.21078
-0.26665,0.51803
0.64117,-0.13362
-0.51749,0.00333
-1.08945,-0.37963
2.06872,0.52758
0.14113,0.02811
2.08088,-0.75963
0.04756,-0.09634
-1.89995,0.01261
1.40212,-1.36234
-2.15711,0.4674
1.68886,0.50724
0.10476,-0.25102
-1.27973,-0.00963
0.12635,1.31893
0.76443,-0.7747
0.67949,1.34122
1.48559,1.04297
-1.09302,0.14363
-0.56933,1.27565
1.23952,0.30025
-1.32281,0.44381
-2.02537,-0.61615
0.08355,0.1663
-0.13146,0.47487
-1.55457,-0.29762
0.05398,1.00276
0.43132,-0.34107
1.31571,-0.45431
0.15912,0.85532
-1.80078,-1.62434
2.4515,0.51989
0.73739,0.18629
0.63206,-2.05868
-0.9165,-0.04407
0.34931,-0.49666
-1.41466,0.26843
0.13957,0.9149
1.01358,0.45253
-0.12286,-0.08346
0.06134,-1.68848
1.79063,-0.19584
-0.19568,-0.62812
0.27045,-0.36299
-0.76571,-1.95332
0.88788,-0.18833
1.20146,0.039
-0.04903,1.18674
-2.00958,0.83779
2.50687,-0.47732
-0.45882,0.23373
-0.71521,0.27217
-2.11731,-0.48908
-2.9467,0.44403
1.36058,1.31969
-1.84396,2.55606
-0.48292,0.00748
-1.39359,6.95161
0.08832,0.3426
-0.8492,-1.0515
-1.35628,0.69478
1.25464,0.70431
-0.35943,0.90153
0.86795,-0.90043
-0.19659,0.60918
0.09981,0.13203
0.10548,1.3371
-0.19196,-0.64568
-0.06782,1.56056
0.97127,-0.21478
-0.10051,-0.44113
0.51048,-0.37496
-0.67226,-0.20756
0.79686,0.5088
0.36708,0.53036
-0.13356,2.34688
-0.47843,-0.68344
0.9648,0.88573
0.36911,1.05126
-0.28778,-3.07649
-0.12646,-0.77537
0.79714,-0.37281
0.44853,-0.17973
1.90707,0.08523
-0.29989,-0.75359
0.06524,-0.0349
0.96095,1.51082
0.08858,0.06117
-1.07828,-0.96111
-0.78468,0.02171
-0.23697,-0.40014
1.06598,1.04727
0.01977,0.42113
-1.18092,0.17568
-0.42346,-0.11022
-0.5206,-0.35656
1.03281,-0.29225
-0.39167,-0.35911
0.21304,0.78923
1.99872,0.56513
-1.74764,-0.61336
-0.8445,0.52181
-2.00211,0.26916
-0.9854,1.66644
-0.24154,0.06848
-0.73197,0.21724
0.06485,1.16149
1.40496,0.18135
1.24309,1.1772
0.6982,-0.48615
0.13037,-0.416
-0.2306,-0.09437
-0.95977,-0.52537
-0.71397,0.54681
-1.42364,-0.01385
0.44953,0.28765
-1.32602,-0.07134
0.3294,-1.35481
-0.0325,-0.6105
-0.7089,0.06221
-0.20532,-1.52773
-0.14075,0.58158
-0.36427,-0.00676
-1.47351,3.66262
-1.30884,0.10558
0.48759,0.1796
0.0535,0.56261
1.37059,0.5564
1.30181,-0.05862
-0.87436,-1.43318
-1.17053,-0.03429
0.43383,0.94217
0.59929,0.33992
-0.28361,0.96688
-1.33662,0.71484
-1.99487,0.5744
-2.29535,-0.16648
-1.08395,-1.25557
-0.01637,-0.77005
0.74184,-0.17008
1.33695,0.05424
1.91065,-0.64279
-1.18961,-1.61119
-0.41906,0.63185
0.66237,-0.54875
-0.02751,1.08057
-1.51463,0.63515
1.19522,0.24452
-1.04655,-0.14903
-0.85124,0.32895
-0.09031,-0.57081
1.65433,0.16327
0.12712,-0.41881
-0.02553,0.79607
-0.05737,-0.22552
-1.14739,0.22557
1.6538,-2.28294
0.63547,-0.32607
0.15254,0.9658
-1.01673,-0.05225
0.0374,-0.06556
1.12559,-0.51781
-1.00768,-0.16684
-0.70067,1.36368
0.52115,0.30919
1.14587,0.50745
1.02189,-0.40343
-0.44023,-0.15392
-0.58307,-0.22636
-0.54223,0.05089
0.1694,0.76758
0.14528,-0.78897
0.78061,0.24372
-0.61013,-0.23916
1.17909,0.45725
-0.49989,-0.47859
-0.66494,0.04945
0.92794,0.191
-0.66124,0.37984
-0.5738,0.15491
1.20256,1.56936
0.69727,1.5224
1.1388,-0.15866
1.0481,0.52348
0.28112,0.59245
-0.3458,0.75258
0.6526,0.88255
0.19499,0.04043
0.78462,-0.72533
-0.67857,-0.94868
-1.51456,-0.32922
-0.97476,1.80447
-0.63336,-1.09536
-1.1628,2.2718
0.07391,-0.02158
-0.86516,-0.09148
0.82213,0.28321
-0.97032,0.28294
0.70727,-0.04417
-1.36985,-0.35399
-1.12588,0.09308
-0.08449,-0.99405
-0.24095,1.51992
0.90027,0.2812
-1.91676,0.16247
-0.38686,1.05464
0.31979,-0.42551
-0.86378,-0.40374
-0.14632,-0.41692
-0.37938,-0.38629
-1.23538,0.56214
0.41555,0.43741
-1.4349,0.16611
0.62507,-0.01359
0.19453,0.98284
0.31948,-1.65503
-0.22776,-0.36919
2.30349,0.35068
-1.78752,-0.80962
-0.3284,-0.375
-1.1765,0.042
0.30008,-1.30796
0.46801,1.09766
-0.8015,0.57219
0.48605,0.67046
-0.12799,-2.11746
-1.12097,-1.03556
0.71972,-0.63386
-0.37985,-0.48388
-2.3183,0.08914
0.33219,0.92066
0.23672,-0.27025
-1.29268,-2.63913
0.24215,-0.29186
-0.15564,-0.30925
0.0259,0.12056
-0.422,-0.41681
-0.78815,-0.2663
-0.25431,0.97473
-2.67213,0.28445
0.6139,-0.04439
-2.10931,1.78887
0.39244,-0.31826
-0.29436,-0.05913
0.43929,0.37104
0.4384,0.1822
0.21993,-0.17358
-1.09714,0.12968
-0.25178,1.96433
1.42046,-0.30943
0.94251,-0.11629
1.24077,0.55943
-1.34221,0.59498
0.21289,-1.15099
0.87298,2.26035
-0.50466,0.33593
-0.05011,-0.59771
0.76103,1.01714
-0.9945,0.34401
-0.12395,-0.46096
0.66445,0.033
-1.3992,0.40898
-2.58012,-0.25962
-0.07654,-0.08328
-0.41539,-0.24009
-0.95673,-1.86158
3.8158,0.22019
0.68648,0.37734
-0.81334,-0.2359
-1.97875,-0.55324
0.5654,-0.19581
1.07545,-0.46996
-0.11923,-0.20065
-0.1811,-0.26345
1.53836,-0.63585
0.47117,-0.52706
1.09423,0.77266
-0.74669,-0.08083
-0.13704,-0.60655
-1.22357,0.11926
-1.22992,-0.59586
0.62293,0.34198
-1.24188,-0.73178
-0.91249,1.41395
-0.74543,-0.17963
0.09416,-1.81583
-0.85666,-1.09795
-0.89174,-0.11207
-0.41705,-0.38873
-0.38053,0.47017
-0.3057,0.25833
0.20614,-0.99614
-1.17359,0.85298
1.06635,-0.19465
-0.34501,-0.19254
-0.83092,-0.33718
-0.21325,-0.24703
1.03701,0.32491
-0.50339,-0.52982
0.84631,-0.23547
1.32442,0.41063
-0.8528,0.57266
-0.11159,1.46144
0.18743,0.18821
1.24781,0.36437
-0.62319,0.23698
-0.93075,5.92527
-0.13756,0.59571
1.02472,-1.6689
0.51951,-0.14574
-1.02776,1.29622
0.3135,-3.6724
-0.33138,-0.44161
-1.34648,-0.50066
1.23609,-1.51249
-0.05035,1.23498
0.01477,0.38237
0.79494,0.03236
-0.82407,0.26836
-0.47243,-0.56818
0.53362,0.58323
1.42033,0.26148
-0.74768,-0.93223
1.6863,0.37787
-1.23982,-0.69744
-0.33526,-0.50063
0.47924,3.02918
-0.75583,-1.10638
-0.79725,0.3476
0.69587,-0.02298
0.29115,0.37119
0.30312,0.00379
1.3697,-0.50371
-0.42188,-0.49493
-0.05827,0.55169
0.7829,0.8929
0.08157,-3.4303
-1.35389,0.17889
0.19185,-0.3183
-0.67996,-0.25658
-0.71601,-0.69953
0.403,-0.06827
0.62196,0.40111
0.22745,-0.55423
0.65598,-0.26023
-1.5363,-0.20696
1.88923,0.25788
-0.05439,-0.24021
0.17727,-0.33699
1.46597,0.43463
0.94564,0.62965
-1.13604,-0.26931
-1.2931,-0.18381
1.01977,0.06653
-0.29155,0.2539
0.15515,-0.71844
-0.24031,-0.8353
-0.39298,0.10108
-0.34058,0.53519
-0.41331,-2.05821
0.29237,-0.16032
1.46827,-0.08821
0.10521,-0.19833
-1.67043,-0.54731
-0.79247,0.33833
-0.03314,0.07656
-0.53473,0.16491
1.55941,-1.64355
-1.98608,0.03526
0.92951,-1.06749
-1.09433,-0.20114
0.78593,-0.02164
-1.86452,-1.25694
-0.12922,0.37934
0.28214,-0.15863
0.28964,0.23043
0.49763,-0.05914
-0.66694,0.52236
1.98032,-0.39501
-0.00699,-0.07179
2.32918,-0.61077
0.33624,-0.75268
-0.9878,-0.7612
-0.56199,1.4649
0.63581,0.07811
0.67852,0.68561
-1.27194,-0.07486
-0.27855,-0.48339
-2.16188,1.67957
-1.1078,0.48003
0.26081,-0.25515
1.04596,0.64446
-0.84507,-0.43741
1.59981,0.30534
0.5682,-0.8436
-1.23966,0.43929
-1.14818,-0.38585
1.14073,0.46727
-0.05133,0.77325
-0.3444,-1.10885
0.18034,-1.33068
-1.06113,-0.72226
1.10599,-0.24867
-0.69079,-0.38586
-0.18025,0.31695
-1.12292,-0.47296
-0.61674,2.32303
-0.4068,0.42677
0.28639,-1.42035
-0.03425,0.27543
0.00328,0.93985
0.27437,1.44751
-0.33961,-0.25368
-0.91317,-1.90793
-0.18836,0.24039
-0.06161,-0.21471
-0.23741,-0.63705
-0.99439,0.35845
-1.45418,0.95129
0.08399,-0.27148
0.96321,0.48233
0.91824,1.00485
1.22861,-1.44647
1.2868,-0.82006
0.20851,-0.33315
0.58971,0.44883
-0.49407,-0.24426
-0.09771,0.24509
-0.40949,-0.2492
-0.99936,3.74639
-0.1358,0.35194
0.44757,0.062
0.33246,0.05706
1.8928,-0.77574
-0.30883,0.15252
-0.90877,-0.10593
2.46233,-1.5126
0.56426,-0.15026
-0.21008,1.2877
-0.22245,-0.96179
-0.46804,1.14786
-2.00198,-0.074
-0.21869,-0.52817
-0.34761,0.02516
-0.25691,0.69815
0.02147,-0.55753
-0.80541,0.65606
1.32144,0.02967
0.34976,-0.06305
-0.20163,-0.04348
0.52016,0.32187
0.8898,0.24676
1.41773,0.80975
0.39784,0.00172
-0.24929,-0.79542
-0.44938,-0.99154
1.14343,-0.50649
0.28387,0.34246
0.86612,-2.06922
0.36471,-0.79987
0.48542,0.89605
0.51641,0.93292
0.66061,0.92997
-2.09563,-0.96638
-0.20462,-0.51045
2.67534,-0.44168
-0.58912,0.619
0.5199,0.59113
-0.70201,-0.39026
0.47556,0.76275
0.69333,0.20918
-1.08068,0.92906
-0.73188,0.44019
1.04678,-0.21845
0.11061,0.09545
0.17966,-0.16419
1.04595,0.00663
1.82926,-3.946
-0.1223,0.23138
-1.05248,-0.21398
0.60038,-1.25967
-0.19661,-0.35206
-0.19864,-1.50946
-0.71278,-0.19504
-1.73046,0.92302
0.74863,-0.07083
-1.02802,-0.11373
0.30526,0.19678
0.65818,1.4647
-1.76802,1.04392
-0.18426,0.59845
0.48831,-0.06408
0.07601,-0.85018
0.07963,-0.04998
1.08926,0.24846
-0.0763,0.52193
-0.73416,-0.18177
-0.80016,0.15364
-1.28179,-1.16607
-0.58352,0.22889
-0.72676,1.09901
-1.20346,1.77134
0.92673,-0.10824
-0.62574,-0.14568
0.35908,0.23276
-0.10739,0.01564
-0.3432,-0.37485
0.4807,0.68803
-1.21502,1.7214
-0.68226,0.82947
-0.09059,0.71165
-0.49269,1.44788
-0.38777,-0.61476
0.61647,-0.64881
0.23593,0.57035
0.31172,-0.40169
-1.64733,-0.02986
0.126,-0.2517
0.06327,-0.19186
1.63534,0.87847
-0.28437,-0.59029
-0.01756,0.94739
-0.12846,-0.05531
-0.40708,-0.76479
-1.02773,1.00076
1.11097,2.4611
0.71496,0.30205
-2.02496,-1.49478
-0.934,0.29849
0.91601,-0.23342
-0.01249,1.05459
0.33033,-0.604
0.78113,-0.60215
0.5668,-0.40443
-0.22162,-0.1957
1.44503,0.03721
-0.60522,-3.29851
-1.45046,0.11554
-0.46386,4.52429
1.51359,0.78559
-0.37689,-0.02784
-0.4923,0.5895
-0.02568,0.6008
0.05779,0.70626
0.17549,-0.01975
-0.67715,0.38892
-0.01537,0.55393
1.37841,0.56037
0.39071,0.28895
0.26576,-0.30645
-2.00249,-0.54425
-0.12865,0.4707
0.38612,1.28874
-0.07461,0.51653
1.77637,1.22837
0.08633,0.86002
-0.8312,0.2073
-0.17656,-1.83466
1.60171,0.11143
-1.47834,0.02255
-0.34709,0.23385
0.7291,0.486
0.33001,0.49284
0.69181,-1.1915
-1.80089,-2.07021
-0.4435,-0.79114
0.68042,0.91515
-0.87372,0.83402
-0.73143,0.22483
2.08203,1.52182
-0.4289,-0.39786
0.27134,0.89005
1.53058,0.45929
0.73589,-0.58067
0.2985,0.67598
0.13211,-0.10096
0.20901,-0.03236
-0.725,-0.02896
-0.29517,0.52205
-0.27271,2.19627
0.82436,0.19875
-0.90844,0.5899
-2.55444,1.71216
0.64509,0.16332
1.24253,-1.00202
-1.42398,0.23119
-1.45275,-0.38869
-0.1771,-0.62036
-0.81004,-0.99255
-0.11961,0.07028
0.7733,-0.2613
0.61306,-0.14591
0.21502,-0.90285
-1.09313,1.13055
-0.4016,-0.76954
-0.78263,-0.70294
0.46019,-0.01527
1.18726,-0.39242
-0.41362,1.15651
0.8811,0.40463
0.94062,-0.17815
0.57271,0.17642
-1.09989,-0.25229
-1.04707,0.1101
-0.30096,-0.21421
0.37162,-0.41839
-0.67069,-1.82071
-0.6993,0.60589
1.76394,0.58808
-0.03716,-0.25556
1.65983,-0.10961
-0.38036,0.85296
-0.43686,-0.20198
0.42541,-2.27118
-0.04292,0.19124
-1.66705,-0.39482
2.37013,-0.8975
-0.03871,0.21027
2.85807,0.17773
-1.55808,0.74678
0.40506,-0.07871
0.61434,0.33782
1.88759,0.22873
1.75742,0.98447
-0.42717,-3.03977
-0.70745,-0.35585
0.27537,-0.68395
0.34247,0.56154
0.62977,-0.1614
-2.85167,0.19396
0.19661,-0.62431
0.76907,-1.65705
-0.90971,0.19209
0.17808,-0.15962
-0.32561,-0.65269
-0.89804,-0.41243
-0.44935,4.83639
-0.19539,-1.22199
0.25503,-0.66648
0.23707,-0.19384
-0.00878,-0.06534
0.20835,-0.66871
0.22881,-0.21962
0.11462,0.94349
-0.29964,0.10849
0.706,-0.39632
-1.46007,0.98109
1.62496,0.23318
0.34604,2.38477
-1.59577,1.04564
-0.04144,-0.76766
0.41414,0.08233
0.37647,0.78823
0.14811,4.73358
0.05866,-0.24986
-0.1839,1.75852
-0.79623,-0.10033
-1.26314,0.36948
1.13961,-1.20847
0.84101,-1.03609
0.05767,-0.18875
1.76227,0.27996
-0.4502,1.2931
1.94261,1.34237
-0.33837,-0.73724
1.79524,-0.38308
1.17722,-1.47316
-0.93516,-1.37391
0.60691,0.1084
0.42047,-0.93892
-0.57456,-0.32695
-0.55953,-0.14396
-1.35882,-1.52765
0.52491,0.80999
0.80651,0.72104
0.88597,0.37335
-1.12986,-1.76357
0.47491,1.6013
0.49775,-2.1205
0.67245,0.10804
-1.10926,-0.03045
-0.16791,-0.67624
-0.6891,0.0486
-1.94365,0.35457
0.59308,-2.3456
-0.03188,0.60972
-0.55763,0.07599
0.06577,-0.07472
-0.60645,-1.43921
0.4953,0.42995
-1.50363,0.13036
0.01006,1.39753
-0.35045,-0.46999
-0.46511,-0.90709
0.23185,-0.70089
1.34825,1.25527
-1.56883,-1.74658
0.02514,-0.01988
0.71615,0.31022
0.50778,0.33359
-1.4605,-0.76652
0.74576,1.1763
1.30839,0.16794
-0.95138,-1.29065
0.98559,-0.26187
0.59231,0.37152
-1.08576,0.15574
0.6588,0.06217
0.9133,0.27588
0.25352,-0.61168
-1.54141,0.48454
0.66979,-0.77993
0.01353,0.01035
0.23217,-0.72666
-1.70587,0.54181
-0.83452,0.59687
-0.68849,0.16506
-0.8433,1.74335
0.51057,0.22995
0.09772,-1.78066
-1.56589,0.29911
-0.94569,1.24786
-2.51113,-0.17886
-2.56589,-0.71773
-1.35123,-0.16689
0.34642,-0.29749
-1.34468,0.11161
-2.26078,0.19159
-0.21667,2.15174
-0.16268,-0.48671
0.37511,1.17474
-1.60186,-1.13888
0.18492,-0.65444
-0.95281,0.35703
-1.30538,-0.83686
-0.17429,0.39019
-0.46373,-0.46957
-0.12417,0.38497
2.73032,-0.01984
-0.04626,0.14031
0.89349,-0.02693
-0.26869,0.53038
-1.92902,0.85555
0.8265,-0.02157
-0.29804,0.53698
-0.03399,0.456
0.11375,-1.89173
-1.7276,-0.6508
-0.42695,0.16183
0.31008,1.26841
-0.60478,-0.00778
-1.80271,0.01491
1.46438,-0.79311
0.35078,-0.32096
-0.86019,-0.91649
1.42108,-0.70396
-0.10251,-0.1457
-1.75197,-0.66799
-0.47193,0.73463
0.39847,-0.16674
-0.15884,-0.04624
2.47536,0.2294
-0.63241,0.44577
0.94568,-1.3989
-0.2053,1.0094
-0.40335,0.65777
0.77688,-0.50773
0.07474,-1.17842
-0.25505,-1.1957
0.67914,-0.97688
-0.32572,0.38216
1.00221,-0.08991
-1.44173,1.25752
0.16088,1.22082
-0.10262,0.00803
-0.46164,1.17227
1.80898,0.72685
0.70312,0.5962
0.73118,0.38248
-2.48528,2.37943
-0.19861,-1.19204
1.55682,-0.61342
-0.86023,0.3238
-0.74325,-0.15869
0.57638,0.90823
-0.93887,-0.29188
0.64889,-1.16727
0.89616,0.30886
-0.14118,-0.05877
-1.08966,-0.1825
0.88107,1.01992
1.60682,1.33582
0.7986,0.11322
0.70073,0.06975
-0.81544,-0.61836
-0.63012,-0.26416
-0.63544,0.57954
0.14644,0.27692
-1.13665,-0.95389
1.46722,0.74911
-0.04042,1.26217
-1.3701,0.28757
0.7877,0.22998
-0.88929,0.81747
1.97276,-0.01438
0.36739,-0.4592
-0.76355,0.46636
1.43123,-0.47806
-0.26044,-0.43021
-0.05039,-0.64406
0.94766,-0.75631
1.36229,0.27153
-0.46195,0.12882
0.49625,-0.65419
0.56056,0.61722
-0.67869,0.06207
0.7334,-0.54055
-0.15318,0.24516
-0.45817,0.79888
0.17638,-0.00658
-1.10728,-1.17997
0.20974,0.70276
0.40335,-0.12819
-0.48076,-0.15156
1.94326,1.20554
0.48056,-0.91364
1.46364,0.80643
0.47866,0.2429
0.0063,0.22299
-1.67733,0.82055
1.20526,0.26525
0.04494,0.04117
0.44176,0.05409
0.12777,-0.64802
1.29721,0.44004
-1.36498,-0.07792
0.19039,0.08975
0.72585,-0.67979
0.23711,0.98028
0.4924,0.0554
-1.08614,0.16572
0.00327,-0.72745
-0.74843,-0.27051
1.15,0.38831
0.36436,-1.57491
0.73642,-0.08854
0.46084,0.68969
0.09325,-0.56702
0.00912,-0.58826
-0.33323,-0.31002
1.15504,-0.12656
-1.83534,0.00259
-0.69793,-1.27216
2.96153,0.61348
0.20012,1.70862
1.33759,0.28188
-1.32682,-0.14623
0.77624,-0.63816
0.61171,2.47944
-1.20117,-1.14398
0.50801,-0.11278
-0.14054,0.75649
-1.25344,-0.91566
0.87881,-1.0045
0.00432,0.0138
-1.65437,-4.64015
2.11725,-0.59812
0.5989,-0.60304
-0.24503,-0.40608
-0.49538,-0.53803
-1.22708,-0.18425
-0.67291,-0.00874
1.47538,0.04178
0.9592,-0.73977
-1.48766,-1.09889
-0.43418,-0.09029
-0.49469,-0.24948
-0.0975,-0.31999
1.37427,-0.50119
-0.17198,-0.20235
-0.63133,-1.50149
-0.24337,1.84402
1.87431,-0.59877
-0.32863,-0.07844
0.28923,-0.47428
1.68553,-0.44677
-0.53842,0.12455
0.0797,-0.03781
0.6346,-0.55589
-0.67916,-0.04281
0.14266,0.00217
-1.51464,-1.00577
1.3504,1.069
-0.96636,-0.10021
-1.15851,-0.39312
-0.75341,0.51697
1.04137,0.17072
-0.06609,0.1562
-0.65552,-0.71224
0.42366,0.20001
-0.3426,-1.22074
1.46922,0.71843
0.43114,0.58986
1.51543,-0.346
0.20893,0.7909
0.96654,0.30996
-0.08515,-1.23606
-0.45303,0.37184
0.76986,-0.44758
-0.48993,0.19849
1.0621,-0.78528
-0.22447,-0.80427
-0.98174,-0.55084
1.52576,-0.93537
0.21244,-0.59557
0.44205,0.58212
-0.17032,-0.04434
-0.16204,0.11828
-1.19196,1.64779
0.96079,0.06567
1.14879,-1.25422
0.75085,-1.84965
0.73324,-0.23666
-0.4347,1.18977
-1.28453,0.09295
-0.00881,-0.9401
-1.55207,0.26808
1.43008,0.52134
1.32228,0.48992
0.3978,0.27595
-0.35607,-1.01809
1.0387,-0.09921
0.53955,-0.56615
-0.9684,0.30737
2.73117,-1.20416
-2.8709,-0.8396
0.32768,-0.74179
0.35155,-0.0521
0.85923,-0.24917
1.43824,-1.4724
1.79329,-0.50216
0.51788,-0.2799
-1.4097,-1.25264
1.78504,-0.21727
0.0033,1.47216
0.89485,-0.1901
0.1632,0.05243
0.2087,-0.39874
-1.75061,0.66302
-0.27791,-0.39365
-0.66056,-0.96788
1.69739,0.31219
1.05038,0.70258
1.02874,-0.44556
-0.03492,-0.49522
0.17283,-0.60618
-0.08101,0.59427
0.33532,-0.08743
0.69405,1.56468
0.06453,0.0367
-0.81076,0.2975
-0.91173,2.41623
0.51908,0.03437
-0.2384,-0.52325
0.62222,-0.06224
-0.59661,0.81337
-0.76816,0.48734
1.83815,0.48853
0.72965,-0.08887
0.72746,-0.36234
0.66419,-2.49317
0.83091,-0.52546
0.15377,0.09619
0.8178,-0.29151
0.66107,1.86038
0.64974,-0.44553
-0.66026,0.8533
-0.61546,0.68409
0.87993,-0.53825
0.33351,0.38725
-0.82919,0.28701
-0.55116,0.45632
2.23217,0.21236
-1.17831,-0.14445
-0.3863,-0.82038
-0.09164,-0.42061
0.64384,-0.11221
0.71637,-0.70226
1.51478,0.1478
1.5987,1.20632
0.87482,-0.00881
-0.31046,1.02376
-0.6474,3.70102
-1.18177,1.70239
0.56121,0.27906
0.02592,-3.07112
-0.38182,0.16429
-0.20332,-0.90616
0.36131,-0.14099
2.21103,-0.5965
1.08842,-0.2543
0.95104,-0.72703
1.34763,-0.08959
-0.66154,-0.11989
0.70821,0.51479
1.05642,-0.53883
-3.32241,-0.04842
0.85117,-1.28602
0.70281,0.63881
-1.42234,-0.44832
0.32171,0.27894
-0.87604,0.30252
0.48534,-0.45727
0.6251,-0.72991
1.06254,-0.13886
0.46317,-1.69809
-0.62534,0.5016
-2.20413,0.00141
-0.67253,1.43009
0.1504,0.71753
0.44549,0.26512
0.05413,-0.70057
0.7766,-0.10758
0.71605,-0.01355
0.70906,0.3221
-0.99786,0.59957
-0.3413,-0.59437
-0.10904,0.5433
0.65716,-0.11771
-1.12783,0.46544
-1.18677,0.49289
-1.39017,-0.59176
2.37644,0.00953
-0.40826,0.36763
-0.12343,0.54428
3.32066,1.51282
-0.07935,0.59421
0.1074,-0.6227
0.10675,-0.94054
-0.26622,0.12547
-0.43772,1.29441
0.28457,0.4422
-1.2445,-1.39541
-0.92637,0.35849
1.30773,0.20851
-2.17111,0.3978
-0.47923,-0.17373
-0.02589,-0.18589
1.15754,0.71501
0.51657,-0.49545
1.39312,-0.13334
-0.89491,0.03849
-0.61113,1.58051
1.87018,-0.04372
-0.22005,-0.73973
0.17746,0.35864
-0.58213,-0.38044
-0.62355,-0.65267
0.14082,0.79962
0.2187,0.09051
-0.14195,-1.07123
0.10037,-0.05764
0.09136,-0.66502
0.55379,0.98014
0.11823,-0.08415
1.23175,0.10659
-0.0706,-1.56533
1.07671,0.83088
-1.09293,0.44246
-0.65356,0.79942
1.76145,-0.65905
-0.64588,0.42088
0.58404,0.70503
1.08348,-1.28464
-1.95143,-0.76535
-1.46246,0.20677
-0.50898,-0.03338
0.65612,-0.61186
-0.10305,-0.71027
-0.11168,1.35039
0.46333,0.18341
2.00267,-0.08565
2.27431,2.52422
1.29313,-0.26443
0.62442,-0.06107
0.18841,-0.06223
0.6434,-0.78564
1.92747,0.63344
-1.11012,-0.5581
0.70057,0.0948
1.71077,0.54299
0.44097,-2.16016
0.16886,-0.85469
0.63277,0.56089
-0.91394,-0.28885
-0.79205,1.12463
-0.3232,-0.63859
1.14119,-0.15027
-0.14358,-0.43618
-0.45446,-0.21022
-0.01938,0.81408
-0.67145,0.12465
0.2141,-0.30348
1.00452,-0.79396
-0.40247,0.92208
0.82937,-0.30824
-0.12186,-0.02469
-1.46867,0.2328
-0.65286,-0.38443
-1.37359,-0.05986
-0.7131,0.04834
0.3336,1.32099
1.64414,-0.01681
0.44485,0.1976
-1.15297,-0.47799
0.13696,-1.00021
0.50774,0.35427
0.68711,1.05512
-0.21816,-1.18934
1.1366,0.04677
1.4205,-2.25663
0.16649,0.70232
0.88284,0.7922
1.09233,0.13291
1.17234,-0.33502
-0.60605,-0.55591
-0.39451,0.18383
-1.19997,0.33129
-0.1352,1.29038
-0.55635,-0.22799
0.20828,0.4744
-0.38198,3.67088
0.04932,-0.59032
-0.60186,-2.47845
-0.02296,1.70352
1.23183,0.66806
0.60322,-0.40596
0.96999,-0.11655
0.21799,-0.33255
0.42055,-0.3104
-0.54594,0.44095
-0.48646,-0.81267
1.90086,-0.01342
0.99803,1.29404
1.84997,-0.94294
0.07313,-0.17145
0.48747,0.27095
-0.6159,-1.10694
0.36675,0.57721
-0.62167,-1.10194
-0.14395,-1.07419
-0.51374,0.48318
-1.98303,3.11219
-1.82718,0.3025
0.31019,-0.4235
-0.02189,-0.15705
-0.55629,-0.23475
1.26745,-0.16073
-1.73811,0.68113
1.13852,-0.73844
2.62991,0.00156
0.22356,0.21136
-0.39574,-0.23655
0.28547,-0.1884
1.18472,0.09086
-1.20636,-0.48137
-0.34356,0.10583
-0.7995,-0.80587
2.00156,0.64973
-0.42071,-0.00193
0.76027,0.05901
-0.53577,-0.47603
1.9422,0.32182
-0.11546,0.52779
-0.84501,-0.41727
1.50015,0.49764
1.66343,-0.06523
-0.03103,-0.23284
0.06149,-1.68768
-1.71609,0.36721
-0.96517,0.02993
-2.56166,-0.07333
0.61738,0.14989
-1.56934,-0.45384
-0.62668,-0.03985
-0.05425,-1.33458
-0.78902,-0.11664
0.6321,0.76939
0.57418,0.38738
-0.81113,0.24194
1.89611,0.79832
-0.61972,0.34836
0.87216,2.75454
2.19416,-0.34625
0.09056,-0.60413
-1.51535,0.04347
-0.38727,-0.56869
-0.39066,-0.26102
-1.24252,1.23173
-1.96402,0.1182
1.37534,0.00403
1.2223,0.02586
0.26034,-0.66264
-2.16919,0.37188
-0.15093,-0.64357
-1.40551,-0.57353
-0.87597,0.1422
-0.54182,-0.87371
0.07969,0.97364
2.48385,4.91622
-0.8499,0.8441
-0.75391,-0.07537
-1.95862,-0.06653
1.01313,-0.03072
-0.11929,-1.52239
0.24829,0.16937
-1.69342,0.05482
-0.62202,-0.0214
1.93363,0.26595
-0.92647,-1.12817
-0.16165,0.65681
-0.39838,0.42391
-0.61591,-0.34175
-3.08713,-0.39263
-1.73324,0.81634
0.04972,0.52665
1.59692,-0.03207
1.94793,-0.0224
2.47444,-0.71303
0.34555,0.5346
2.03381,1.41684
0.59015,0.80265
1.17958,0.63846
1.82437,0.59765
0.62145,-0.22961
1.21866,0.00641
1.13534,0.53064
1.27371,0.18809
0.47272,-0.27044
-0.70808,-2.09818
-1.25304,-0.37535
-1.13836,0.50217
-0.75488,0.54653
-0.62388,0.23682
-1.22171,0.76619
-0.07655,0.58074
0.86586,-0.59756
1.56017,-0.80733
0.30596,-0.23844
-0.14853,0.81835
1.10958,-0.99388
-0.0349,1.00931
-1.16814,-0.785
0.12093,0.30595
2.04311,-0.4434
-0.35201,-0.03797
-0.59325,-0.14871
-0.35312,0.17529
-0.92722,-0.1937
-0.38589,0.99182
-0.3289,-0.2349
0.53979,-1.65996
0.94458,-0.6147
1.49285,-0.32762
0.50188,-1.44376
-0.77503,-0.18659
-0.53817,0.2623
1.47128,-0.182
-0.69524,0.28292
-0.10451,0.32135
0.75986,0.1834
2.42391,-0.48826
-1.38832,-0.88483
-0.75715,-0.32008
-0.0948,-0.04749
-1.36446,-0.81339
0.16111,0.78777
0.14686,0.17579
0.43502,-0.56174
-1.33538,-1.38656
-0.39289,-0.05348
0.23037,2.46743
0.48006,0.78942
-1.24862,-0.69157
-1.26084,-0.971
1.30893,-1.9163
0.58283,-0.46623
0.22268,0.18993
0.24778,-0.1821
0.26478,-1.19089
-0.4321,0.45322
0.31796,2.02736
0.69903,0.15539
1.11526,-0.60415
-1.3285,-1.07041
-0.5985,1.28018
0.07027,1.02391
-0.65105,0.22734
-0.68735,-0.28153
1.74861,-0.05838
1.21762,1.0381
0.21768,0.23814
1.10329,0.8975
-0.14314,0.16966
-0.39137,-0.8583
0.13711,0.50574
-0.05168,-0.15621
-0.84464,-0.2479
0.7934,0.70468
0.66516,0.70888
0.67182,-1.22471
0.91755,-0.12903
1.53955,-0.18957
-0.88516,-0.82286
-1.42682,1.08486
-0.91751,0.73292
-1.73902,1.09654
-0.43382,0.42119
1.04304,-0.05501
1.65196,-0.73339
-0.98015,0.65015
1.33816,0.57765
0.42495,-1.20592
-0.73719,-0.25845
0.4256,-0.17023
-1.4483,-0.44635
0.16529,-0.21418
-0.24323,-0.25228
-0.24115,0.74069
-0.4161,-0.12726
-0.55351,0.63727
-0.27568,0.36931
1.40802,-0.33664
0.49758,-0.18473
0.93239,-0.45296
-0.82309,-2.08552
-1.91347,1.57187
0.39335,0.13618
-0.53128,-0.35943
0.91452,-0.14321
1.19696,-1.43311
1.43731,-0.01005
0.01474,0.08269
-0.37548,0.53554
0.57617,-0.72294
0.94142,0.29823
0.12737,-5.47433
-0.43915,0.83789
-0.48381,-0.21272
-0.92801,-1.32769
-0.86315,0.11549
-0.40139,0.10741
1.31813,3.23882
1.19596,0.89091
1.70794,-0.66675
0.05304,0.07161
0.3201,-0.26704
-0.01486,-1.09982
-1.56709,0.17987
-0.33503,-0.1596
1.63921,0.96381
-0.47645,-0.82628
-1.74832,-0.7989
0.62466,-0.02495
-0.54983,-1.03164
0.69591,-0.1354
-0.82828,-0.33968
0.85559,1.75063
1.00177,1.44851
-1.62042,-1.3208
0.53854,0.62352
-0.70752,0.31857
-0.7222,-1.27944
0.57443,0.12582
-1.10696,-0.27861
1.5281,0.17478
-1.71253,0.60781
-1.49364,-0.45233
-1.01536,-0.36921
1.4529,0.73941
-0.757,0.47874
-1.26363,0.52456
-0.92113,-0.51078
-1.66456,-0.39774
-1.43875,-0.1978
-0.61496,-1.40125
0.84545,-0.95091
-1.59055,-1.09926
-0.22287,1.27099
1.36831,-0.00305
1.70004,-0.30917
-0.69686,0.67844
0.07014,-0.32976
-0.13977,-1.44935
0.35808,-0.94792
-0.32737,0.09925
0.16221,0.19662
-1.49557,0.22795
1.82068,-0.20038
1.36148,-0.29357
2.24846,0.02961
0.256,-0.01967
0.69449,0.85176
0.08462,-0.54382
-0.89258,-0.35653
-2.62215,1.13952
0.14167,0.27616
-0.49569,0.14199
-0.41,-0.83227
1.87535,-0.17406
-1.25322,-0.301
-0.7215,1.04085
-0.08255,0.44015
0.50515,0.40129
-0.68762,-0.80526
0.19246,-0.05794
3.21459,-1.15954
0.96039,0.98902
1.80782,0.61631
-0.06847,0.29095
-0.13638,-0.68937
-0.99242,0.08677
0.00016,-0.16549
0.48951,2.1897
-0.7153,1.35963
0.413,-0.22971
-2.23233,0.51479
-1.81168,-0.31566
-0.95515,-0.27467
0.96667,0.45982
-0.37969,-1.13189
0.4732,-0.82126
-1.17026,-1.46538
0.10934,-1.26165
0.70031,1.00533
2.39519,-0.96378
1.47614,0.12487
-0.09054,1.07877
-0.50938,-0.03396
-0.57721,-0.55859
-0.56406,0.49168
0.51155,0.38957
-0.32123,2.3153
0.7122,-0.16386
-0.70629,-0.7411
0.85601,-0.46637
0.50131,-0.45144
-1.19191,-0.87668
-0.33917,0.09741
-0.43395,0.19167
1.6972,-0.8034
-1.24284,0.48007
0.4401,-0.66831
1.04931,0.33674
-0.06387,-0.97673
-1.04779,0.11134
1.19917,-0.72825
2.38357,0.30034
0.96647,-0.48418
-1.26319,-0.23802
-0.61135,1.81127
-2.19926,-0.60394
-0.3023,-0.13421
-0.24134,-0.49096
1.31926,-1.44257
-0.78572,0.17741
1.13047,0.09423
-0.97711,-0.86697
-0.41491,0.19008
0.49102,0.47665
0.2093,0.18725
-1.37114,0.32192
-0.78634,0.27015
-0.18375,-0.04515
-0.20533,7.30115
-1.25288,-1.09493
-1.04121,-0.65983
0.57659,-0.65302
0.72008,2.57756
-0.5958,0.92251
0.325,0.4149
-0.38556,0.50475
0.98952,0.1748
-0.70825,-0.38331
0.52661,-0.44339
1.90788,-1.18638
1.95286,0.72489
-2.50162,1.15943
0.25927,-0.14866
-1.07337,0.67242
-0.01518,1.03181
0.94209,0.82364
0.35092,-0.68732
0.92511,0.03508
-0.60734,0.63268
-1.612,0.64542
0.2956,-0.7793
1.14145,0.25012
-0.48813,-0.11462
0.89002,-1.26219
1.05398,0.65529
-0.36733,0.56822
0.05312,0.29048
0.55175,1.61784
0.25926,-0.06118
0.44093,-0.54121
-0.21458,1.40766
0.08696,3.82144
-0.21587,0.20292
0.34343,-0.36747
-1.37471,-0.08288
-1.80109,2.18047
0.19407,-0.8722
-0.93112,-0.12443
0.65541,-1.06511
-1.31802,-0.39779
0.45348,0.62108
1.36777,0.29491
0.8359,-0.49842
0.32848,-1.08678
0.37328,0.07875
-1.39297,-0.80941
0.14127,-1.04312
1.25163,0.94559
-0.12044,-0.35565
-0.30021,-1.54325
-1.55464,-0.04285
0.22272,-0.97808
-0.2888,0.32542
-0.01671,1.0551
0.53176,-0.63711
0.03908,-1.11234
-0.53861,-0.77471
-1.4786,0.84008
-2.04718,0.75542
0.55247,-0.88123
0.99021,0.16843
2.6575,-0.03414
0.16794,-1.61346
-1.60901,0.20455
-0.24916,1.55518
-1.91222,0.09976
-0.07843,1.1905
-0.01052,0.14722
-0.78414,-0.4184
0.69712,-0.95105
-0.35433,1.63853
0.38421,1.78609
-0.02574,0.30551
0.10827,0.77197
-1.11531,-0.44543
-0.18383,1.39182
0.3824,-0.14809
-0.0801,0.37595
0.44006,-0.01882
2.06181,-0.35972
-0.86376,4.95692
-0.17519,-0.04036
0.24248,0.2235
-0.04313,0.47324
-1.97239,-0.89438
0.19962,-0.03884
0.41524,2.41038
-0.31131,1.06447
1.957,-0.77921
1.08519,-0.65046
-0.35824,-0.29433
1.16202,0.16412
0.64182,-0.16125
1.84834,-0.01798
-0.85588,1.30852
-1.80264,0.55387
-0.3167,0.4004
-0.78172,-0.39087
-0.38476,-0.70919
0.10035,0.35388
-1.21346,0.27637
0.22128,-0.69334
0.71333,-0.81797
0.94368,1.20737
0.25688,1.2547
0.23546,0.61955
0.7721,0.00938
0.61871,-0.0791
-0.45388,0.37298
-1.40199,0.20951
1.52017,-0.34491
-1.8733,0.51271
-0.42417,0.3116
1.24239,-1.11119
-1.19794,0.23937
0.6973,0.05343
1.52807,-0.3196
-0.21769,0.83387
1.3787,0.4882
-0.39305,-0.57192
-0.09165,0.81351
2.57979,0.17131
1.94977,0.42317
-0.4387,0.90101
0.21528,-0.39502
-0.20938,-0.13812
-1.81382,-0.11383
0.13858,0.0941
-0.29184,-0.00076
0.81342,-0.40968
0.20628,1.09445
0.36086,0.23
-1.94178,0.20575
0.44271,-0.55051
1.11566,0.02962
0.06009,0.50929
-0.54216,-0.83123
0.49526,0.14925
1.32368,0.81062
1.04457,0.12324
-0.44498,0.63217
0.99864,0.42112
-0.35199,-0.06909
2.34595,-1.12465
0.03721,-0.25825
-1.00167,0.8324
-0.36993,-1.41467
-0.0543,-0.63163
0.26122,0.55452
-1.47613,-0.03553
0.09848,-0.86771
-1.11502,0.26085
-0.59137,-0.45345
0.44472,1.12451
0.40529,-0.44002
-2.10731,0.22812
-2.18882,0.37342
-0.67905,-1.51984
-1.14982,-0.30723
-0.7969,0.02832
-0.36999,-0.15187
0.44486,-0.79085
-0.22489,-0.69994
2.98594,-0.43462
-2.58981,0.80733
-0.19323,0.06323
0.4378,-1.30805
0.28704,0.74214
-1.10146,-0.94547
-1.12622,-0.01684
-2.19564,0.43554
0.59294,-1.20536
0.64748,0.21233
-0.54763,1.70349
0.27584,0.27594
-0.90256,-0.18919
0.59029,-0.73505
-0.61263,0.61688
-0.66956,0.06617
-0.5626,-0.89326
0.50501,-0.67421
-1.71242,-0.09114
2.00253,-0.92292
0.42934,-0.29112
-0.22084,-0.98009
0.24503,0.21996
1.92254,-0.45779
0.70947,-0.08967
-0.4707,-7.43803
1.48084,-0.20215
-0.80207,-1.42939
-0.33373,-0.54787
-0.73063,-0.08971
0.03376,0.59769
-2.60408,0.23939
0.14754,-0.56114
-0.64614,2.23629
0.18152,0.31822
-1.72911,-0.02117
-0.31644,1.81409
0.8373,0.23841
-0.83433,-0.34012
-1.86937,-0.92142
-0.73753,-0.63661
0.1665,-0.97453
0.68135,-0.60929
-1.10167,0.74007
0.79223,-0.71551
-1.41672,0.6639
0.69161,-1.07574
0.64288,1.23601
0.12511,0.43576
1.78182,-1.35952
0.76349,-0.39426
-0.32199,1.02953
-0.05969,-0.20903
1.51551,-0.47269
-2.13863,-0.5057
0.66191,-0.67269
-0.75916,0.41732
-0.09753,1.00051
-0.03723,-0.04392
-0.47523,0.0331
1.77197,0.95438
-0.04481,0.17259
0.09651,1.34479
-0.41807,-0.92226
0.46216,1.68988
-0.08952,0.29478
0.00168,-0.24292
-0.28101,-0.3298
0.74141,-0.93969
0.72734,0.1232
-1.39708,-0.30975
-0.92347,-0.41353
0.7626,-0.08823
0.04549,-0.55913
0.2648,-0.04029
-0.44286,0.44614
0.4521,-0.10883
-0.26582,-0.17193
-0.36488,-0.43696
-2.25527,-1.48777
-2.16922,0.41202
-0.22543,-2.46295
1.9955,0.76842
0.50065,0.0197
0.06256,-0.08548
0.6049,0.80914
1.09634,-0.0191
0.12719,0.20969
-0.39027,0.7984
-0.53761,-0.11112
-0.00723,0.40919
-0.41047,0.93175
-0.66296,-2.75415
0.62128,-0.91333
-1.64012,-0.92447
-1.34017,-0.79104
0.55774,0.12029
0.1912,-0.81175
0.2096,-0.96672
0.51534,-0.09964
0.53082,-0.02975
1.30349,1.23948
-1.19923,0.00452
0.17785,-0.22317
-1.50375,-1.85506
1.15953,-1.16623
0.91717,-0.05465
0.79657,0.17968
-1.02911,0.03171
0.97369,0.22993
-2.64574,-1.0609
0.60386,-0.15094
-0.2281,-0.24046
-1.26752,-0.66645
-1.02697,-0.6582
1.41264,0.26926
-0.80262,1.64518
-0.07672,0.27342
-0.24619,-0.29919
1.61413,-0.31634
0.17809,1.12402
-1.42463,-0.20964
-0.79061,-0.1444
-0.81923,-0.43219
0.32798,0.98782
-0.4297,0.64578
1.87107,0.70102
-0.56678,-0.18345
-0.48845,0.93095
0.03286,0.12372
-0.1785,0.91079
0.13641,0.09393
-0.33578,0.04554
-1.95189,0.43286
-1.65962,0.16497
0.59188,-1.57133
-0.37121,-0.14904
-2.56467,0.1075
1.71355,0.11324
-0.6389,-0.6726
1.57606,0.24076
0.47705,0.14981
0.9704,-1.16439
-0.47156,-1.08939
-0.50109,-0.76484
-0.62143,0.22414
0.5106,0.32491
-0.15308,-1.36293
0.09165,-0.14644
1.1198,-0.17067
-0.55096,0.13837
-0.24587,-0.65836
-0.44056,0.94881
-0.01138,-0.04147
-1.81619,-0.02384
0.04373,-0.09005
-0.85289,0.30121
0.13477,-1.78022
0.24647,2.00213
-0.41299,0.4963
0.08807,0.88085
-1.02091,0.34077
-1.86556,-0.26204
1.14921,0.8424
0.78349,0.83721
0.84625,-1.35563
0.86929,-0.14947
-1.07141,-0.35507
1.20593,0.42642
-0.75287,-0.18175
-0.11473,-2.63118
-0.75656,2.54727
0.22344,0.11268
-0.29277,0.24676
1.5297,0.42807
-0.27298,-1.23178
-0.01847,-1.75394
1.23646,-1.38856
-1.19402,-0.53779
0.06476,2.08021
-2.12746,-0.7224
0.0473,-0.22743
0.14103,0.05312
0.30938,-0.42292
-1.27104,0.01512
0.33038,-0.05677
0.43602,-0.17173
-1.10832,-0.9028
-0.16838,0.42023
0.60063,-0.2376
0.64448,-0.9188
0.36997,-1.96892
1.69563,-0.71447
0.14564,0.04401
0.13136,-1.61271
0.3296,-0.36527
-1.27057,-1.30931
-0.91018,0.45282
-1.13201,-0.33209
-1.00774,-0.75672
0.61218,1.19761
0.25449,-0.48833
0.43897,0.23256
1.7012,0.54501
0.27779,0.32302
-1.72999,-1.21517
-0.59434,-1.11859
-0.19805,1.0289
-1.09513,1.09511
0.68565,0.51926
-0.79747,-0.15199
0.73512,0.06721
0.59513,0.82653
-1.17206,0.63814
0.10716,-0.15209
-0.26931,0.08705
1.39517,0.25651
-0.54553,0.13611
-0.72529,0.59603
1.20788,0.76963
0.63918,0.19575
0.5944,1.62734
-1.81093,-0.82385
0.21692,0.0605
0.4405,0.9528
-2.13837,0.29803
-0.68997,0.28661
-0.82649,0.77285
-1.88925,-0.44344
-0.75548,0.2178
-1.44089,1.36546
-0.74349,0.59244
-0.50771,0.26422
-0.55577,-5.13839
-0.1177,-0.24689
-0.52961,1.42746
-0.74073,-0.19758
-0.5639,0.74437
-0.07239,0.94021
-0.50025,0.60874
-0.38129,-0.19207
-0.12243,0.38636
-0.27647,-0.06303
-1.55599,0.39702
0.01282,0.46313
-0.50129,0.19337
-1.52934,1.52465
-0.3297,-0.28325
-1.10782,0.13166
0.87262,-0.79256
-0.91056,-0.9012
1.31725,0.17706
0.21458,-1.15606
-0.02901,-0.34892
-0.1445,-3.30904
0.66721,0.11603
0.29189,0.26088
-1.08704,1.34601
-2.27933,-0.49313
-2.65874,-0.71689
-0.05455,-0.61822
0.26526,0.66979
0.93293,2.27702
1.16755,0.74743
0.73342,-2.37109
0.31167,0.54438
0.199,-0.6281
0.09973,-0.69224
0.72428,-0.44969
-0.36996,-0.43216
0.93633,-0.67209
1.38927,-0.21641
-0.75583,-0.87246
0.65492,-0.61408
-0.32146,0.33913
0.83038,-0.3779
-1.24041,-0.27634
0.77,-1.0558
-0.33518,0.3313
-0.34045,-1.599
-0.7761,0.45738
-0.83092,0.82861
2.13741,0.17838
-0.43109,1.21178
1.04924,-0.50549
-1.90549,0.3948
-0.03858,-1.16051
-0.302,-0.15811
0.59302,0.33398
-1.2636,0.42625
1.05388,0.95836
-1.63013,0.6511
0.5249,-1.29981
0.24968,-0.05424
-0.96432,0.44262
-0.4582,-0.48174
3.03537,0.81653
-1.67537,0.37037
0.42374,0.17858
-2.09883,1.08656
0.43174,-0.65869
-0.3457,0.29548
-0.08175,-0.04745
1e-05,0.21925
1.13823,-0.45814
-0.66095,-0.49973
0.93876,-0.45275
-0.0252,-0.44142
0.79847,-0.26709
1.15822,1.16226
1.12961,-0.10105
0.73215,-1.19108
-3.05674,-0.46978
1.65666,-1.01258
-0.30856,0.26269
0.4423,-0.9455
0.80129,-0.40783
-0.42439,0.41786
-0.07156,0.24568
-1.69242,0.29368
-0.86155,-1.01863
-0.4671,0.53582
0.02206,-1.71641
-1.37779,-0.31792
0.91177,-0.16424
0.72965,-0.99241
-1.5983,-0.39798
-1.3207,0.28721
1.5244,-0.05767
0.19633,0.75705
0.38104,0.40995
0.53106,-0.27445
0.181,-0.33821
-1.95297,1.65316
0.41234,-1.87153
-0.28501,0.72788
0.22889,-0.05544
1.37758,0.44683
-0.65645,-0.49649
-1.08905,-0.22868
1.95423,0.48678
-1.23654,-0.35268
-2.99945,-0.03837
-0.16855,0.68767
0.43501,-0.33159
0.305,-0.12914
0.64154,1.10994
1.21726,-0.17102
1.98037,0.23933
0.96536,0.41279
0.71685,-0.05089
-0.83728,0.40994
-0.82121,0.16903
-1.5175,0.36069
-1.06461,-0.69966
-0.64645,-0.12601
-1.23226,0.47474
0.87674,0.38803
-0.25701,-2.83375
1.00016,0.60407
2.11468,0.97737
0.45422,0.95826
0.28819,1.14101
-0.43551,0.12848
-0.81325,0.0809
-1.74254,-0.00865
-0.58046,-0.4632
0.10318,0.1751
-0.12158,-0.69058
1.5683,0.45103
0.31333,-0.61958
0.69165,0.21325
-1.08391,0.19815
0.10787,-0.56516
-0.65495,-0.59152
-1.56659,0.01874
-2.64602,1.23991
-1.47686,1.05661
1.25629,-0.55177
0.55096,0.64196
-1.41976,0.31608
-0.01221,-0.41026
-0.59606,-0.47585
-0.09742,0.12414
-0.1719,1.83842
-0.42446,-0.72773
-1.27653,-4.80366
-0.66632,-0.00287
-1.1765,0.52045
0.52542,-1.17692
-0.505,0.02668
-1.22136,1.12048
-0.58253,0.82463
0.43936,0.65331
-1.90442,1.56028
-0.23966,-0.60289
-0.1602,-0.34226
0.52953,0.6137
-1.04125,-0.74113
1.73262,-0.86929
0.12878,-1.0022
0.25452,0.21854
0.37768,-1.21052
1.38144,-0.67551
-1.9634,0.86933
1.51792,0.5771
-0.73252,0.27037
-1.44224,-0.1134
0.07813,-0.45407
-0.92331,-0.3781
1.55134,-0.07514
-0.37211,0.33764
1.10559,0.11166
0.77749,-0.56666
-0.01043,0.44252
-0.76294,0.41167
-0.08801,-0.5966
-0.23687,-0.05819
0.47542,1.03793
0.13635,-0.42099
-0.99045,-0.25021
1.61078,-0.44777
0.05439,0.17837
-0.02595,-2.13055
-0.34432,-0.00437
-0.66441,-0.64597
-0.55441,0.5027
1.17396,0.37321
-0.47623,0.4871
1.57229,-0.53996
0.90387,2.48145
0.97046,0.74393
-1.25389,0.03707
2.62098,-0.92304
-0.16525,0.27478
1.06383,1.25499
0.03237,-0.06686
1.09863,-0.26609
1.86499,1.10865
0.07511,2.05528
-0.71877,0.67248
-1.09966,0.16747
-0.78853,-0.43055
1.00788,0.32297
-0.03793,0.73239
-1.30807,-0.81578
-0.85216,0.23836
-0.16295,0.30239
0.61619,0.2327
-0.37365,0.97115
0.38428,-0.4568
-1.41595,-0.45908
0.35339,0.29136
-0.21177,-1.45075
1.41807,-1.09553
-0.50289,0.77527
0.93792,-0.076
-0.10545,-0.08592
1.44075,-0.95677
0.12096,-0.23026
-0.10336,-0.13072
0.09677,-0.82244
0.37549,-0.4787
0.26032,-0.09304
-0.95465,1.04095
-0.34495,0.28696
2.18831,-0.54408
-0.46773,-0.40928
0.4336,0.18732
0.6127,-0.39243
0.37309,0.30582
-0.0604,0.89593
0.5273,0.54564
-0.61882,-0.21281
1.91562,-0.5427
-0.12216,-0.75373
0.58624,-0.56574
-0.20015,0.57618
-0.85212,-0.69034
0.55461,-1.81967
1.83552,1.57765
0.53405,0.0126
0.0257,0.53184
1.59328,-2.523
0.90477,-0.6764
-0.01737,-1.02291
-1.25322,-0.74218
-0.36718,0.02788
-0.29372,0.0953
1.06597,-0.45491
-0.2813,0.76633
-1.02132,1.06518
0.41012,0.1421
-0.57229,0.04385
-0.98801,-0.48574
-0.17613,-0.23009
0.94048,0.51926
0.03955,-0.60742
0.33809,-0.60696
0.66184,-0.10799
1.55992,0.36139
0.93873,-0.20189
-1.99429,0.25162
-0.4976,0.35688
0.74457,0.46592
-1.44649,0.13806
-2.40223,0.37011
0.93316,0.12095
0.35038,-0.43589
0.4291,0.12441
-0.24538,0.38078
1.72013,-0.75797
-1.9927,0.11717
0.30199,0.17695
0.31511,0.55403
0.31559,0.71581
-0.94292,0.76936
-0.58691,-0.52982
0.33469,1.29549
0.94,-0.84758
0.75075,-0.38091
-0.86551,-0.00536
-1.63078,0.16044
-0.50298,0.21959
0.18466,-0.10762
1.16432,-0.81431
0.67214,-0.63128
-1.26662,-0.24872
1.92103,-0.30588
-0.71012,0.14546
-0.58081,0.98925
0.48941,0.66243
1.23341,0.34075
0.98884,2.30866
-0.16295,-0.84419
0.1951,0.62437
-0.7804,-0.37096
-0.14479,0.26597
-0.29197,0.88394
-0.33677,0.2496
0.9718,-0.50835
0.19555,-0.22485
0.82321,0.04585
-1.56799,0.0391
-0.66065,-0.01734
-1.54056,0.9128
-0.49499,0.823
0.95095,0.41218
-0.1623,7.25166
0.88428,0.74924
0.15321,0.35627
0.66386,-1.08715
2.49727,0.17268
0.08165,-0.34383
-1.19165,-0.40009
0.3916,-1.65472
0.34774,-0.88602
-0.82524,0.21833
-0.35275,-0.88017
0.46541,-0.21782
0.00471,0.21254
-1.05837,-0.62069
-1.80915,0.16582
0.33637,0.15493
-0.23084,0.71771
0.35356,1.20405
-1.96829,-1.17356
-0.31177,-0.54392
0.60056,0.81731
-0.46285,0.95253
0.00728,1.43213
-0.52246,-0.75549
-0.19478,0.40628
-0.1374,0.18012
-2.35959,0.60757
3.06945,-0.38056
-0.75116,-2.53026
1.30576,-0.74614
2.23684,-0.80128
1.35045,-0.7233
1.50731,1.07618
1.22111,-0.30973
1.95316,-2.02851
0.2476,-2.67832
0.15111,-0.10785
-0.28527,0.83412
-2.08155,0.06807
-0.79598,1.05622
1.05112,0.36114
0.87631,0.06159
0.50456,-0.32392
-0.93137,0.8647
1.31655,-0.26193
0.40386,-0.39187
-0.59256,0.87397
0.47785,0.77861
-0.35199,0.07467
0.35452,0.90427
-0.37147,2.61024
0.44121,-0.47616
0.37329,0.3119
-1.12047,1.13816
0.81029,-0.33783
0.52868,-0.29882
0.20892,2.34048
-0.50778,0.04104
1.00408,-1.10829
0.74663,-0.98286
1.19339,0.92597
1.57358,0.37599
0.73776,0.01667
1.76772,0.80181
1.59171,0.32554
0.56101,-0.3363
-0.14347,-0.8433
0.62967,0.19196
0.06983,-0.31711
-1.12206,0.09185
0.36988,0.02344
1.72258,4.01495
-1.65043,-0.4238
-0.53403,0.14515
1.18126,0.25299
0.54456,-0.04334
2.09292,1.07741
0.11842,-0.06965
-0.1964,1.10857
-1.23091,-0.25742
2.57294,0.94713
0.82314,0.56546
0.30416,-1.24256
-0.04027,-0.3375
1.20352,-0.12623
0.9235,0.11105
0.61986,-0.48206
1.48891,-1.49623
0.09609,-0.07283
0.34307,-0.54551
-0.92649,-2.95649
0.75364,0.55507
1.62103,-0.13742
-1.09014,-0.17014
-1.95997,0.70325
1.28353,0.54137
-0.97904,-0.13962
-0.78927,-0.65985
0.97926,0.49747
-1.76626,-2.14534
0.74189,1.24418
-0.89781,0.56056
2.07204,-0.14757
-0.07098,0.39473
0.27446,0.18764
0.86655,1.32598
-0.32716,-0.31745
-1.27769,0.70012
1.2213,-3.252
-0.70019,0.4804
-0.82636,-0.32763
-1.1396,0.35608
-0.25831,0.22992
-0.1233,-0.17548
0.3562,2.07538
-0.67422,-0.48193
-0.07666,-1.10401
0.24395,-0.44815
0.61186,0.20748
0.83503,0.99068
-1.56395,0.90953
-0.48469,0.74168
0.32496,-0.05312
0.40757,1.02181
-2.0008,0.04424
1.23857,-0.48734
-0.59702,-0.41822
1.85885,-0.96971
0.89164,-0.84424
-1.30084,-0.10283
-1.15167,0.06101
-1.24616,0.43752
0.41183,-1.13117
-0.48848,0.2847
-2.17542,0.07834
1.04583,0.78552
-1.04999,0.0647
1.2093,0.18402
0.68987,-0.04857
2.1329,0.03921
-1.62181,0.39397
0.99225,0.28341
-0.75911,-0.69515
0.80638,0.37382
-0.13504,-0.12837
0.27956,0.41899
-0.32466,-0.28879
1.05704,-0.82997
-1.09478,5.19604
0.14557,-0.05851
-1.04916,-1.14745
0.02664,0.1781
-0.10991,-0.141
-0.9819,-0.59903
-0.14276,0.45252
-1.27502,0.31342
-1.07739,-1.61114
-0.54377,-0.10221
-0.96216,0.13662
0.78481,0.40568
0.37316,-0.36313
0.09024,-0.34198
-0.11316,0.79929
-0.88655,-0.18206
-0.95628,0.86162
0.96058,0.82202
0.56542,-2.90603
0.78265,-0.71936
-0.72735,-1.44586
-0.22987,0.4877
2.17938,-1.14532
-0.41271,0.88532
0.08595,0.30405
0.44007,-0.92949
1.84338,-2.03523
-0.13462,-0.25745
0.06416,1.16226
0.58503,-0.38661
1.28817,0.01947
0.98621,0.23464
1.63157,-0.58678
1.50694,2.22142
0.24986,-0.29332
0.97265,0.41302
-0.73117,0.08834
-0.1532,-0.35207
-1.24461,0.15727
0.51886,-0.1006
-0.47346,-1.29931
0.86333,0.14349
0.30538,0.49533
1.55254,-0.67441
0.56204,-0.41408
-0.69892,0.60998
0.69874,0.51906
-0.11929,0.50627
0.01942,-2.17552
0.945,-0.01945
-0.20306,0.0796
1.15026,0.72656
-1.81766,0.81986
-1.12686,1.44556
-1.38754,0.14695
-0.88914,0.42469
1.04481,-0.61088
1.77395,0.38342
0.48333,0.43522
-0.16733,-0.00489
0.91545,0.10861
-0.67006,-0.00608
-2.23644,-0.88869
-1.30639,0.27677
-1.23704,0.0773
0.54857,-2.64783
0.07498,0.10396
-0.34715,-0.22831
-0.16366,-0.47762
1.13623,-0.65102
0.88969,-0.893
1.5092,-0.21473
-0.90326,-0.7028
-0.31523,-1.98684
-1.62293,1.07134
-0.63555,-0.28419
1.71333,0.48523
-0.52914,-0.01498
0.46764,-0.81847
-1.91168,0.33954
-1.10247,0.5948
2.66605,-0.1375
-2.2816,0.09197
-2.19962,3.89212
0.00556,0.8529
-0.44784,-0.27909
2.25521,0.34484
1.54118,0.2103
0.10845,1.37001
-2.20407,-0.62141
0.03766,-0.18943
1.43483,1.17261
-1.33333,-0.08896
-0.06608,0.39276
-1.28873,-0.81712
1.91534,-0.30773
-0.07977,-1.70863
-0.77989,1.02314
0.67918,-2.90012
0.68253,-0.03771
-0.27681,-1.34864
0.10685,-0.29514
-0.2436,0.24027
-0.61067,-0.98178
-0.12007,0.02565
0.27824,-0.22096
-1.43837,0.90429
-2.14037,0.42782
0.65427,-0.26393
-1.23088,0.49406
0.37587,0.32876
-0.28131,-0.61646
-1.04019,-0.49279
1.54917,-0.24658
-1.20914,-0.03757
0.20591,-0.67689
0.36428,-0.01947
0.59715,-0.04457
-2.63958,-0.83379
0.87154,0.02301
-0.60006,0.18523
0.94706,-0.79003
-0.81337,-0.16627
-0.89483,-0.43691
1.67286,2.91159
-0.06453,-0.30367
0.11438,-0.65242
-0.42182,-0.35815
-1.61584,-0.88348
-1.7259,0.33888
0.48676,1.24772
-0.61721,-0.37701
0.22973,0.11125
0.17424,-0.23586
0.46992,-0.91001
0.82018,0.70935
0.63354,0.18202
1.11421,0.5833
1.19322,0.39151
1.13379,1.90969
-0.30441,-1.02918
-0.94536,2.24045
0.33902,-0.08674
1.09802,-0.40026
-0.31196,0.33423
2.1273,-0.94384
0.29435,-0.48563
-1.13631,0.23718
-0.02827,-0.7887
1.35474,0.20942
-1.5987,-0.72136
-1.01623,-0.452
-1.14716,0.29285
-0.30041,-1.10153
1.67193,-0.06606
-1.10525,-0.21248
0.67123,-0.32907
-1.7119,-3.09589
-0.84653,-0.01029
0.19557,4.55332
0.33832,-0.41607
-0.57688,-0.17726
-1.4545,0.00406
0.47141,-0.51362
-1.00768,0.56503
-1.21554,-0.40517
-0.38405,-0.42177
1.6095,0.58316
-3.05175,1.43998
-0.17733,1.41952
-0.9486,-1.38337
-0.0509,1.09422
-0.34251,0.54021
-1.08643,1.38743
0.60347,0.2619
-1.1054,0.89507
0.29461,-0.41831
-2.09903,-0.0592
1.20539,-0.40139
0.94646,-0.68111
-1.10267,0.18862
0.81249,-0.13698
0.06971,0.56628
-0.19817,-0.36543
-1.50638,0.01944
-0.04502,0.38313
0.59534,0.05215
0.91495,0.29924
-0.75401,-0.0389
-0.12649,-0.99781
-0.05675,0.93679
-1.55083,0.40183
-0.61341,1.63107
-0.14416,0.76007
1.00187,0.99412
1.23351,0.44852
0.9525,-2.10884
-0.73354,-0.08663
-2.08607,-0.6298
-1.16221,0.21096
0.71296,-1.74086
-0.22765,0.65459
-1.35032,-0.58044
-0.33539,-0.06796
-0.12022,-0.56817
-2.10695,0.83613
-0.19081,0.26689
-1.00974,1.09301
0.82043,-0.66411
0.78631,-0.34952
-0.73048,-0.30843
-0.56803,-0.17463
-1.11795,1.06523
-0.99275,-0.02749
-1.75521,-0.27695
1.11967,-0.64108
-0.75953,0.10729
1.33595,0.08009
-0.16114,0.79322
1.91787,0.26708
0.78504,-0.51438
-0.66891,-1.10697
-0.05587,0.3009
-0.22552,0.39086
-0.66477,0.08124
-1.19519,-1.10027
0.34989,-1.19093
1.08707,0.06889
1.33421,-0.97401
2.00174,-0.00435
-0.84646,-0.3562
2.49156,-0.14831
0.36773,0.51383
1.68042,0.81327
0.4531,-0.21012
1.04767,0.12717
-1.23314,-0.54234
0.60747,0.02348
0.03821,2.20746
-1.10233,0.05819
0.2389,-0.62459
2.41867,-0.46775
-0.87213,0.24812
0.0553,0.79016
-1.44287,1.99071
1.40913,-0.26655
0.04939,-0.42214
1.43383,-0.27942
0.17689,0.4602
0.70628,-0.00852
-0.61441,-0.2051
1.57378,-1.40392
-0.01422,-0.14987
1.03467,0.86188
-0.22432,-0.43096
-0.53738,-0.73747
-1.04852,0.35463
-2.2233,0.05699
-0.74374,0.03645
0.8233,0.16569
1.99288,-0.02243
-0.06525,-1.49546
-0.88485,0.65867
1.06567,-0.57024
0.36407,0.46455
-0.38389,-0.50665
1.32062,-0.05988
-0.86169,-0.84869
0.16081,0.1377
-0.58537,-0.02624
-2.13725,-0.43399
-2.68198,0.5597
-0.96657,-0.70379
-3.16176,-0.18419
0.40813,-0.30061
-0.64951,-0.2908
0.65727,-0.11387
-0.50939,-0.33645
1.05181,-0.40557
-0.38053,0.70235
-1.22407,1.31656
0.56301,0.01637
1.61744,0.03445
0.74488,0.07916
-0.49603,-0.11406
1.08779,-0.77674
0.11843,-0.28379
1.21116,-0.31373
-1.90162,-0.43334
0.8259,-0.71126
-0.25465,-0.77307
0.9715,-0.8252
-0.9261,-0.0249
0.40915,-0.12036
0.14788,0.71905
0.45439,-1.69638
1.03218,2.46715
0.1921,0.05645
0.07572,-1.2768
0.49928,-0.04762
-0.47029,1.29142
0.89368,-3.74107
-1.28653,-0.35164
0.64327,-0.24606
0.84613,1.70839
1.57378,-0.66901
-0.26105,0.55314
-1.06045,-0.63594
1.09085,-0.87706
2.32037,-0.1708
-0.36269,0.29435
-0.57087,-0.74583
2.07655,0.02566
-0.48205,0.01633
1.20962,-1.15232
0.55492,0.64842
-0.76754,0.02724
-0.10142,0.99764
0.86378,-2.62048
0.22678,-1.13394
-0.90505,0.88359
-1.57714,-0.72326
0.53319,0.20989
-1.28503,0.50616
0.26769,0.10209
0.81536,-1.25939
-0.16856,0.03831
1.27142,1.65156
1.21771,-0.65077
-0.49359,-0.07694
1.62173,-1.33173
1.78267,-2.05877
-1.31559,-0.10682
-0.01033,-1.71922
-0.22878,0.12091
-0.39163,-0.61693
-0.07105,-0.26574
0.5825,0.32613
0.02326,0.41837
-1.13909,-1.10543
-0.92663,0.0867
1.52818,0.13607
-0.81295,-0.10658
-1.11282,-1.36093
-0.65046,1.03533
-1.6302,1.34851
-1.63135,-0.12822
-1.82762,1.21269
1.02814,0.05058
-0.64673,-0.13339
-1.44578,-0.04793
-0.35257,-0.69191
0.57207,0.35598
-0.25765,1.69755
0.83702,0.03795
-0.76881,-0.61332
0.69632,-0.55667
-0.3079,-1.39748
-0.03768,2.31451
-0.94028,-0.42263
1.11525,-0.44458
-0.43478,-0.23044
1.39968,-1.75564
-0.28569,-1.07964
-0.6113,-0.42263
-0.6863,-0.04483
-0.30615,-0.7235
-1.06678,0.27445
0.41986,0.12055
1.19902,-0.05743
-1.01151,0.17398
1.01671,1.2879
-0.6637,0.2676
1.0652,0.64596
0.54641,0.21913
-1.10429,-0.87543
-0.51738,-0.11175
3.13117,-0.94718
-0.59854,-2.19795
-1.11907,2.65416
0.96487,0.40273
-0.02708,0.16381
-0.71945,-0.13504
-0.23362,0.52106
-0.29473,0.0787
0.53751,0.90829
-0.90485,-0.1497
0.26068,0.01631
-0.06003,-0.1516
2.04558,0.06119
0.53878,-0.36387
-1.03005,0.53925
0.98581,0.15584
0.64252,0.58667
-0.71303,0.24542
-0.43458,-0.53954
0.68941,-0.09386
0.80298,0.45212
0.72924,1.1945
-1.24665,1.33208
0.27514,-0.30657
0.29418,0.35477
0.76303,-0.16383
-1.70181,-5.94682
-0.70534,-0.15397
0.16779,0.716
1.00057,-1.8365
1.54116,1.77547
0.03101,2.43217
0.08876,-1.37024
-0.53202,-0.08891
-1.8643,0.78411
-0.62736,-1.27695
0.1332,0.52744
-1.48275,0.34107
1.55572,0.02559
-0.37595,-0.75729
-0.98215,-0.1887
-0.19471,-0.38383
-2.02972,0.32845
0.47967,-0.63831
1.01799,-2.00661
-0.33057,0.59844
-0.08054,0.35887
0.55911,-1.18424
0.74403,-0.50535
0.18557,-1.03981
0.42464,-1.43034
-0.72847,-0.1152
-0.25487,-0.32039
0.7,-0.33089
0.18902,0.37706
-0.87363,0.05925
0.04663,0.84905
1.42912,-0.70913
-1.90175,-0.57641
1.6472,0.19889
1.06004,2.69242
-1.55312,-0.21929
0.80573,-0.86021
0.16559,0.41366
-1.39006,1.20695
0.96602,-1.14788
-0.0834,0.37593
-0.3834,-1.07851
-0.86387,-0.82533
0.89419,0.61103
-1.70746,0.62829
1.13212,-1.24268
0.38336,0.1896
-0.13923,0.50935
-0.41898,-0.09335
0.22766,0.30766
-0.84709,-0.05088
0.26601,0.41865
-1.24875,-0.21881
-0.16644,-1.4117
-0.73478,-0.31064
1.29987,-0.06263
-0.62387,0.22343
0.1077,0.20979
2.12194,-1.07185
0.70159,-0.03799
1.05204,-0.20282
2.84601,-0.0262
-0.0129,-1.04412
-1.43827,0.1443
0.74541,-0.18174
0.69063,-1.21412
0.19768,0.06801
1.00968,1.95452
-1.06223,-0.33726
1.04584,-0.01127
1.27707,-0.0437
0.5899,-0.08396
-0.14573,-0.32882
0.0429,1.36071
0.24253,-0.32851
-0.29847,1.53978
-0.35681,1.95634
0.75077,-0.94096
-0.55678,0.23395
-1.81496,0.09415
-2.28016,-0.17313
0.1335,-1.60868
-0.50367,-0.08268
-0.15657,-0.42367
0.45316,0.04063
-0.12616,-0.63307
0.32329,1.18937
0.07841,-1.74625
0.33408,0.16146
0.36987,-2.62413
-0.52053,0.20399
0.87331,0.65345
1.06004,-1.17433
0.34182,0.08704
3.32138,0.88002
0.13876,-1.17182
1.24999,-0.44524
-0.27536,0.04553
-0.24661,-0.4728
2.33794,0.04065
0.35448,0.2941
-0.47535,0.8362
-0.85947,0.3462
0.02073,-0.86047
-0.50814,0.92053
0.54292,-0.47958
0.09313,0.32138
0.48565,-0.2948
-0.73442,-0.48179
-0.08128,0.61227
0.35461,0.46477
-1.74341,0.1438
0.89276,0.07649
1.01984,-0.61146
-1.68865,1.46281
1.05038,0.03452
-1.4423,-0.36503
0.14656,-0.05225
1.17987,-0.36253
0.20738,-0.51857
-0.41226,-0.01131
0.9608,2.99669
-1.05625,-0.34402
-1.58537,-0.55423
2.02441,0.87787
0.4671,-0.21807
-0.0235,-0.60321
-0.28118,1.41017
-0.38674,0.40889
0.74334,-0.12018
-0.22613,0.46314
-0.72733,0.37079
-0.14831,-1.1829
-0.40793,0.35767
1.11985,0.54832
0.32458,-3.47394
-0.84658,0.56099
2.51525,2.29096
-0.15539,0.34372
-0.28753,-0.77606
-0.36335,-0.12016
-0.22989,0.07724
-1.26873,0.26727
0.65386,-1.37954
0.18601,0.54273
0.86555,-0.49158
-1.09948,1.0808
0.15461,-1.25389
-1.50632,-0.68455
-0.06907,0.80662
-1.64353,-1.23097
0.09194,-0.97376
-0.1936,-0.66721
0.46822,-0.90849
-0.35651,0.34402
-0.95258,0.15328
0.58017,-1.31048
0.97346,5.63269
-0.13951,0.02352
-0.45613,0.14205
1.68791,0.39681
-1.15849,0.38953
0.80982,0.84285
0.46558,0.31616
-0.37931,-8.46315
0.77146,-0.01893
0.29179,0.52939
0.93932,-0.32525
0.21692,0.82523
0.36163,0.59526
0.87886,0.99148
0.13487,-0.80704
-0.73649,-0.78731
0.09386,0.53918
-0.14243,0.2367
0.19058,-0.26849
0.2728,-0.14968
-0.78269,0.50094
-0.74676,-0.4841
-0.66861,-0.67496
-0.72731,-0.47341
-1.27906,-0.86375
0.36858,-0.60166
-1.50971,0.63761
0.47311,-0.4733
-2.5753,-0.0119
-1.2087,-0.59197
0.17265,-1.915
-1.29486,0.19306
0.42459,0.86294
0.20804,2.68553
-1.31933,-0.55468
-0.16356,-1.00121
-0.34889,0.36526
-1.63112,-0.01828
1.45796,1.06158
-0.24897,-0.48349
0.78944,0.68468
1.07331,0.47308
0.15086,0.28381
2.10719,-0.5334
1.90406,0.88364
0.45933,-0.13221
-0.41078,0.85115
-0.30106,-1.33832
-1.05174,0.53664
-0.91059,-0.44953
-1.13519,-0.72417
-1.24312,1.01118
0.514,8.88462
1.53639,-0.63415
0.9144,-1.73519
-0.25739,-0.26688
1.73952,-1.11206
0.84243,-0.75159
-2.25009,0.52282
2.87268,0.50454
-1.35422,0.88297
-2.43281,1.82409
0.0936,0.5079
2.20098,-1.02982
-0.43349,0.68748
0.37402,-0.44859
-1.05247,0.25206
-1.58984,-0.53958
-1.69025,-0.14785
-2.36567,-0.04196
0.23003,0.0218
-1.17819,-0.76586
-0.49765,0.96637
0.71831,0.0895
-1.59097,0.7673
0.06727,0.96733
-0.3586,-0.48642
-2.05452,-0.48361
-0.94655,0.50744
-0.89357,0.05276
0.43561,0.82778
-0.08105,0.02807
0.92188,3.38799
0.16895,0.33456
0.03595,-0.75553
-0.46818,-2.06739
-1.7416,0.10482
0.25457,-1.91701
-1.18786,0.11918
2.04568,1.0667
0.96889,-0.21379
0.63778,0.21129
-0.51124,-0.92243
-2.74042,0.40184
-2.14179,0.30206
-0.41717,-0.42932
0.36212,0.63931
1.8737,-0.29219
-0.16951,0.29302
-0.55293,-0.244
-0.37248,0.53739
-1.32277,-0.60997
0.22921,-0.17246
-0.67581,0.11326
0.04879,0.64268
-0.52297,0.41676
0.65326,0.63524
-0.68424,1.23515
0.07234,-0.54384
-0.36028,-0.08184
-0.6577,0.14232
0.21964,-1.09554
-0.87002,-0.38461
1.48234,0.64345
0.53595,-0.90841
0.35488,1.34196
1.40633,0.37549
-0.5361,0.17192
0.68662,-1.69905
2.07095,-0.41377
0.67179,-2.06103
0.27955,-0.58999
-2.08573,-0.543
-2.38309,1.19857
-0.07945,-0.09707
-0.12127,0.16381
-0.07741,0.77368
-0.06535,-0.91337
-2.04926,1.17423
-0.39704,-0.11384
-1.8712,0.88096
0.43448,0.89611
0.28042,0.18513
0.09784,-0.16898
-0.03983,0.01178
0.64632,0.09236
-0.85517,-0.12806
0.09928,0.18533
-0.38103,-2.6328
-0.70124,0.21256
-0.6254,-0.37484
2.19209,1.0384
0.30704,-0.92426
0.75141,1.03766
-2.5904,-0.78285
0.47677,0.07684
-0.00447,0.23722
-0.34927,-0.44677
1.74522,-0.12996
-0.5136,0.9246
-0.37238,0.00205
2.47975,0.50401
-0.11597,-0.53558
1.25334,-1.9837
1.13083,-0.71718
1.39462,0.77847
-0.17432,0.36888
0.13654,-1.37255
1.61711,0.53764
0.71714,-0.90586
2.03029,0.28764
-0.05927,-0.57487
-0.49796,-1.88063
-1.61416,-0.49543
-0.66734,-0.78575
-0.05478,0.33954
1.44369,1.0684
0.86614,-0.14444
-1.9778,-0.04552
0.76546,-0.8156
0.1419,-1.71508
-0.97381,0.10072
2.07196,-0.77428
-1.15782,-0.5196
1.23623,0.32297
-0.01187,0.88265
2.41388,0.20635
1.14377,1.61914
2.50593,0.04766
0.09288,0.25658
-1.78268,-0.14956
0.82834,-0.99495
0.53993,0.57856
-0.13238,0.64261
0.52121,-0.59156
-1.44249,1.98905
-1.26501,-0.13485
-1.72217,0.84821
1.27147,-0.00535
-0.4397,-0.44893
-1.88109,0.26928
-1.10268,0.12995
0.21605,-0.24703
1.16268,0.07784
-0.07596,-0.21005
1.00481,0.31187
0.07505,0.918
1.93567,0.17931
0.19022,0.31463
0.33108,-1.50491
-0.91919,-0.26727
0.4795,-0.39042
-0.03654,-0.48545
-0.43795,0.39659
1.86202,0.76918
1.13337,0.5953
-0.86357,1.28748
1.35837,0.24622
0.50961,-0.36119
0.49078,-1.56111
1.65648,0.60786
2.18533,0.51197
-0.14822,-0.09253
0.35133,0.42688
-2.28701,0.42244
-2.16054,-0.53321
0.01121,-0.1909
0.45078,-3.83064
-1.19167,-0.22313
1.10597,0.72238
0.47093,-1.38946
-0.22243,0.44496
-0.43131,-0.506
-1.35683,0.1442
-0.17061,-0.91243
-0.09741,-0.03354
-1.32235,-0.50761
-0.69779,0.28606
-0.61865,-0.40877
-1.02494,-0.06263
-0.51546,-0.76296
-0.58978,-0.27028
1.45539,-0.14639
0.1617,0.62646
-0.36999,0.60635
-0.55095,-0.32107
0.67029,0.31475
0.32471,-0.5743
-1.32648,-0.15195
0.21776,0.3364
-1.60755,0.77777
1.43451,0.73547
1.06696,0.69673
-1.45886,-2.28741
0.40603,0.53661
0.4669,0.20264
0.56899,-0.57656
0.77731,-0.58719
-1.77598,-0.29338
0.65795,0.12849
0.80865,2.6646
-0.56723,-0.2856
-0.13811,2.96242
0.39511,2.09198
-0.92881,0.44496
0.43538,0.7654
-0.30146,0.27614
-0.51431,-1.53748
0.3775,0.14776
-0.45569,-0.49015
-1.42405,-1.02429
0.86607,2.87518
0.77461,0.03201
-0.56695,-0.88604
1.67683,0.42546
-0.98988,0.37182
0.31511,0.82611
-2.1933,-0.28788
-1.35374,0.43192
0.6631,1.0356
1.03187,-0.19669
1.32032,-0.25742
1.49357,-0.19681
-0.84516,0.17139
-1.49507,0.65243
0.63048,0.11355
1.0511,-0.1845
-0.44706,-0.21803
-1.2509,0.10357
0.19183,0.30954
0.57651,-0.65129
1.24177,0.3921
-0.0606,-0.05017
1.99519,-1.71122
-1.29415,-3.58535
-0.7872,0.42855
1.34473,-1.09235
-1.35829,0.38739
-0.42738,0.74366
-1.80039,0.79048
-0.13041,-0.23803
-0.85319,-0.12964
-0.08522,0.49247
0.59795,-0.53417
0.76609,-0.66189
0.49442,0.11164
-0.26727,-0.58653
-1.00183,0.19129
0.24173,-0.41391
0.06981,0.19729
-0.35782,-3.16834
-0.18808,-0.15776
-0.58066,1.52728
0.23543,0.25365
1.09729,-0.32215
0.46978,-0.7953
-0.73169,0.43835
-0.06587,-0.42539
0.73699,0.0369
0.93162,-0.54284
-0.24261,0.9083
1.88178,-0.89089
-0.28776,0.24308
2.19918,0.6711
-0.42975,0.12433
0.37434,0.71326
-0.25692,1.03107
-0.07186,0.10556
-0.11316,-1.78834
-0.47364,-0.1019
-0.20303,0.82619
0.06956,-0.05821
0.06804,0.0746
1.06351,0.0939
-0.55278,-0.05287
0.16461,-0.10862
-1.18451,-0.90048
-1.538,0.38676
0.19706,-0.54927
-1.44375,-0.3446
0.16391,0.14702
0.06556,0.21874
-0.55513,-0.32277
-1.53251,0.24081
0.3215,0.89885
-0.72048,-0.01276
-1.50409,0.30577
-1.13335,-0.37151
0.59804,0.31495
0.55166,0.33122
-1.00344,-1.77167
-0.60564,-0.29955
-0.05734,0.38556
-0.86685,-0.39419
-1.60435,-0.13785
1.74905,0.23052
1.04146,-0.43157
0.05215,-0.09739
-1.46538,-0.08705
-0.27077,-0.11227
-0.22986,-0.2138
0.70337,-0.19438
-1.00841,0.08636
-0.86302,-0.7045
0.63138,0.19885
1.07462,-0.27931
0.90066,1.92094
-0.36438,-2.08135
0.07715,-0.5983
0.66983,-1.08224
-0.95868,0.54021
0.44187,-0.35585
-0.68452,-1.27956
-0.68576,0.60801
0.95765,-0.33216
0.11556,-1.07825
-0.17465,-1.28186
0.3917,-0.92699
0.95009,-2.80892
-1.24188,1.11301
-0.01943,0.03172
-0.37304,-0.21883
1.31132,-0.3885
-1.96902,1.60099
-1.30663,0.4641
0.41688,-1.00747
0.55226,0.32117
0.79782,0.89425
0.71238,0.70451
-0.33219,-0.60535
0.67769,0.32634
-0.87271,0.13907
-1.87902,-0.41651
-0.30996,-0.42737
-1.77995,3.5738
1.84413,-0.84429
0.15548,0.01746
-0.00383,-0.40877
1.18465,0.0468
-0.15726,-2.77316
-0.16955,-0.13207
-1.25646,0.26056
0.07128,0.32513
-0.24749,-1.06522
-0.27413,0.12967
-1.32219,-0.24564
0.30354,0.09068
-1.36324,-2.71663
-0.78349,-1.9007
-0.11679,-0.50358
-1.11618,0.14701
0.58626,-0.3682
1.57562,0.9145
0.66946,-0.31119
-0.00042,0.81285
0.53432,1.4215
-0.00104,-0.24158
-0.37922,-0.12892
0.28633,0.02172
0.89088,-0.47962
0.2956,-0.26106
1.2828,1.19482
-0.53776,2.13112
-0.48956,-0.07995
-0.11202,0.72797
-0.41002,0.51487
-0.80527,-1.34683
1.47179,-0.88807
-0.97895,0.21881
0.41734,-0.39372
0.20729,-1.23802
-0.45696,-2.74535
-0.2936,-1.01376
-0.3512,-0.07702
-0.77052,0.1032
-0.0296,0.32037
-0.31647,-0.19949
-0.23085,0.17166
-0.19201,-0.94849
-1.13574,-1.05716
-0.36618,0.16933
0.25955,-2.06846
-1.0019,0.27971
0.12911,-0.21547
1.00524,-0.54452
-0.01216,0.13997
-0.05063,0.82464
-0.74823,-0.63629
1.11976,1.13143
0.2372,-1.05124
-2.2245,-0.8262
-2.16984,-1.0689
0.51754,0.47984
0.96759,-1.1829
-0.15461,-0.36871
-0.78511,-0.3002
1.37619,-0.53674
-0.77023,0.38036
1.52236,-0.14795
0.52153,0.11712
-1.65045,-0.78133
0.19469,0.82002
-0.81447,0.00684
-0.25613,-0.71137
-0.60365,1.10665
0.1498,0.69122
-0.12094,0.37952
0.59397,-0.95445
-1.19051,0.53728
0.00938,-0.02258
0.43925,-0.48401
-0.90918,0.66431
-1.82499,0.17736
-0.77124,0.82565
1.66056,-0.54212
2.29306,0.48179
-0.46141,-0.07555
0.57655,1.01554
0.02944,-0.65814
-0.2674,0.05352
-0.63228,-0.76726
-1.67903,0.15467
-0.13702,3.07003
1.02136,0.38437
1.0098,-0.0383
-0.27282,-0.40182
-0.39726,-0.02557
0.70807,1.29676
-1.4331,0.19091
-0.30602,0.23088
1.22096,0.49414
0.32637,-0.91528
-0.36714,-0.13146
-2.5679,0.50091
1.8384,2.02267
-1.03803,-0.17173
0.07538,-0.10297
0.71997,-0.62531
-0.823,-0.48745
0.82573,-0.63145
0.38098,-0.1354
-0.38467,-0.29605
-0.32388,-1.27271
-1.66704,0.06928
-1.40105,-0.4657
-0.86211,-1.34915
2.28474,0.97087
0.95301,0.72919
1.74403,0.41671
-0.74314,-0.28724
0.19467,-0.2344
-0.55325,-0.12959
-1.48058,0.16612
-1.62571,-0.0839
1.12446,-1.12358
0.83004,0.40902
1.25621,1.0895
1.10367,-0.02327
-1.14415,0.68431
0.84519,-3.42376
-0.78944,-0.03689
-0.90229,-0.12725
-1.18807,-1.02002
-0.05185,0.39822
-1.46636,0.85614
-0.2028,0.09812
1.06034,-0.73918
-0.03529,1.56998
0.15351,-1.29703
-0.14604,0.59508
-1.02686,-0.13088
-0.36306,-0.1377
0.4039,1.32796
1.26771,-0.17556
0.7136,0.45579
0.86648,1.65666
-0.87316,0.49808
2.18343,-0.49697
0.22353,0.13393
0.19629,-0.51073
-0.1378,-1.3767
1.31295,-0.34137
-0.03447,-0.16918
-0.05121,0.25084
1.36915,-0.12248
-0.36445,0.02193
-1.53691,-0.1172
-0.20772,-0.83002
0.03047,-0.37384
-0.26557,0.3508
2.24368,0.89089
-0.07963,-0.35382
0.46557,-1.63322
-1.29865,-0.36953
-1.2534,2.01744
0.11403,-0.25866
1.88989,0.2641
0.18903,1.27037
0.53624,-0.49788
-1.93131,0.07289
-0.02687,-2.96197
1.50672,-1.59783
0.7832,0.12249
0.72162,-0.79035
0.91566,0.6268
-1.65383,-0.7514
0.38241,1.67724
0.90482,-1.27257
-1.21999,-0.18226
-1.60984,-0.19839
0.14669,-0.29238
1.08524,-0.82025
0.16514,-0.78132
-0.6466,1.33975
1.70105,-0.04118
-0.60655,0.48533
-0.57882,0.22949
-0.75166,-0.99554
-0.34578,-0.83097
-0.96988,0.48648
0.48791,-0.23467
-0.05258,0.4358
0.51966,0.09391
0.30882,-0.14022
0.58674,0.45588
0.84546,-0.32862
-0.07339,-0.82649
-0.97475,0.6743
-0.51742,0.06566
-0.85521,-0.24652
1.05653,0.67223
-1.86035,-0.36693
0.37183,0.57955
-0.70515,0.56171
1.0274,-1.54952
-0.101,1.13021
0.86365,-0.55573
0.41212,-0.31635
0.55738,-0.67525
1.67847,0.12719
-1.19294,0.27364
0.93531,1.01495
-1.07552,-0.59887
0.07371,-0.01975
0.51502,1.41651
-0.62639,-0.99731
-0.00847,0.32939
-0.31235,0.05264
-2.09522,0.88123
0.57116,1.22107
1.57634,0.28161
0.93722,0.09684
0.25488,0.75119
-0.44905,2.25257
1.4489,-0.07644
-0.45752,-1.86802
1.33491,0.2124
0.41474,0.2296
0.61698,-1.81941
0.5712,0.33943
-1.31661,0.31792
0.08627,0.18548
0.96926,-0.2997
-1.05975,1.05165
-1.36285,-0.71839
-1.26921,1.14977
0.98333,-0.75247
-0.1963,-0.34418
0.19705,0.73828
-1.29156,-0.14146
-0.06299,-0.92365
0.76357,-0.99864
-0.2344,-0.26467
-0.1368,1.62412
-0.21745,0.51743
-0.05169,0.3542
-0.90014,-0.28936
-1.57808,-0.5206
1.6217,-0.44253
-0.0391,-0.46888
-0.4022,-0.52611
-1.10376,0.47971
-0.50408,0.03962
-1.20953,0.41312
-1.1729,-3.16903
1.1129,-0.79472
0.01239,0.65513
0.54112,0.48159
2.89322,-0.77709
-0.85308,-0.78137
-0.11033,0.63449
0.34161,0.42016
-1.28815,0.26016
-0.36019,-0.20679
0.26506,-0.03876
-1.19014,-0.1109
-0.16698,-0.00057
0.29002,0.14593
0.24243,-1.54616
0.76946,-0.24229
-0.53237,-0.71099
0.31751,-0.88036
-1.97802,0.00822
1.58246,0.10414
-0.11949,-0.94323
0.38529,0.43775
0.62246,-0.16259
-1.01849,-0.80356
-2.2556,-0.05688
1.57577,-0.51384
0.32848,-0.08233
0.5468,0.45106
-0.54932,0.51687
-0.4132,-1.20833
0.12403,-0.59176
-0.5399,-1.31036
1.36861,-0.48399
-1.07787,0.91016
1.07668,-0.25057
-0.27607,0.04634
-0.76556,1.22915
-0.3846,-0.59357
1.2913,-0.18841
0.86738,-0.43117
0.82918,0.92982
-0.97198,-0.17573
1.18527,-0.21977
1.47704,1.01423
0.3232,0.69788
1.10769,-0.43879
-0.09194,0.66571
-0.34755,0.35185
-2.21661,0.00048
0.26895,1.07207
0.67949,-0.70357
0.4809,0.05668
0.86082,-4.79828
0.53756,2.19074
1.17731,0.37041
2.21949,-0.09375
-1.79438,0.12098
-0.67891,4.46142
-2.23644,0.36769
-0.16702,0.27346
0.13252,0.36553
1.35626,0.0379
0.78085,-0.07978
-1.28898,0.27357
0.70675,0.00466
-0.07219,-0.31588
0.91199,-0.30657
1.40395,-0.47238
-0.80211,0.51432
-0.53707,0.01925
0.94543,-0.03127
-0.45151,0.52505
-1.46168,-0.20875
-0.33796,0.2947
-1.26951,0.87714
-0.38927,0.23219
-0.06336,-1.19882
-1.27742,0.28744
0.85881,0.41023
1.07098,-1.11198
-1.17662,-0.5455
-0.96163,0.05002
-0.36498,-0.06751
-0.0798,0.58472
-0.33571,-0.0473
0.04575,0.71843
1.95594,-0.1389
0.14713,0.63889
-1.00804,0.08746
-0.65014,-0.28961
0.68179,-0.26872
-1.19353,-0.15592
0.03499,-0.4953
-0.17449,-0.61246
-1.46195,0.46133
0.08125,-0.29872
-0.56206,1.19947
-0.52483,-1.66437
-1.23227,2.31936
1.69739,-0.38274
1.37259,0.18254
-2.28884,-0.8118
0.76282,1.42541
0.77673,-0.12992
-0.40171,0.07373
0.78732,0.66032
-0.57916,1.894
-0.72686,-0.065
0.27467,1.28735
1.61505,-2.05446
-0.44394,-0.03062
-0.63983,-0.9747
-1.07387,-0.61752
0.0355,0.07741
0.42305,0.76485
3.04008,0.32944
-0.4639,-0.53812
-0.35231,0.18753
0.26061,-1.25147
-0.56598,0.30876
-0.56789,1.93888
-0.1208,0.45928
-0.83114,0.51288
-0.88551,-0.00375
0.2236,0.22956
-0.48868,0.75891
-1.33635,0.2399
0.45591,-0.40266
0.86876,-0.16604
-0.22102,0.7541
3.44814,-0.29329
-0.13666,0.15461
1.26391,0.11862
-1.39257,0.3511
-1.81858,-1.24695
1.23687,0.19548
1.25774,-2.2683
0.8558,1.07744
0.7183,0.53574
-1.74399,-0.39374
-0.89793,1.27892
-0.01509,-0.17422
-0.79576,2.12775
0.18581,0.90021
1.21302,1.856
0.84968,-0.00211
-0.91294,0.12562
-2.12122,0.11176
0.25095,0.20762
1.27733,-0.47385
-1.74306,-0.45041
1.22273,0.57265
0.68307,-0.50607
1.50741,1.36022
-0.37851,0.19432
-0.42884,-0.37318
-1.33658,0.096
-0.18909,0.18928
-0.33993,-0.01218
0.08508,-0.60282
0.01199,-0.29438
0.08685,0.31074
1.75206,-0.3228
0.05888,-0.54353
-1.10198,1.61586
1.08073,0.18121
1.20312,-0.09605
-0.0679,0.2682
0.39395,-0.38912
-2.09433,-1.45176
-0.07041,0.0789
0.18627,0.27623
0.0685,0.60418
-0.3857,0.2587
-1.1133,-0.81161
0.34316,0.19909
0.10601,-0.80923
0.94512,0.41293
-0.12249,0.32586
0.50892,0.19337
-1.83214,0.81401
1.78972,0.53965
1.63773,0.5364
0.82291,-1.37818
0.88001,-0.16475
0.45675,-2.09742
1.45472,0.05031
-1.83382,-0.14628
0.02594,-0.3542
0.10643,-1.40367
-0.2628,-0.84723
-1.23055,-0.1619
-0.56029,1.36338
-0.01113,-1.0129
0.48659,-0.52695
-1.98572,-0.6486
-0.15047,-0.2554
0.97985,0.01633
0.30896,0.16874
0.69338,-0.40423
-0.40929,-0.46961
0.35018,0.72517
0.77714,-0.43883
0.13696,0.04621
-1.00948,0.19209
-0.75765,-0.97768
-0.93043,-1.24473
0.20847,0.09722
0.14525,-0.01063
0.99701,-0.45765
-0.59046,-0.31505
-0.69992,0.06717
0.30625,0.50901
-1.21095,0.29246
-0.12407,0.79805
1.16893,-0.78717
-0.59458,-0.78336
-0.16524,0.36526
-0.6357,-0.26738
0.30534,0.28221
0.3873,0.28185
1.13215,-1.15292
-0.03335,0.1947
-0.86641,-0.18406
-0.66719,-0.61861
-0.32402,-0.21133
-0.1405,0.17545
0.42509,-1.11632
1.60828,-0.1898
-0.72548,-1.45526
-0.15417,-0.00917
0.57263,-0.331
-0.73298,1.40056
-0.17077,-0.0068
0.79145,0.49369
-0.08521,-1.16386
1.74451,-0.08344
-0.67933,-0.32196
-0.0497,1.23354
0.76253,-1.15571
-1.12293,0.34612
-0.72562,0.26762
1.28522,-0.09195
0.81903,0.54535
0.87367,0.06
0.98728,-0.45061
-0.76663,2.8165
-0.53114,0.32992
-0.34462,-0.45782
0.21871,-0.57603
1.06914,0.70559
-1.4638,-0.20666
0.48682,0.64236
0.98578,0.74106
-0.60062,0.57008
-1.76087,2.39084
1.34035,-0.04817
1.72189,2.25765
1.30282,0.39125
0.60245,-0.19693
-0.68211,-0.25574
0.45654,0.91403
0.37887,0.53424
0.89314,0.00112
1.80289,0.18218
-0.4025,0.02092
-1.02057,-0.0961
-1.0713,-0.08345
-1.05829,0.6724
0.41543,-0.38222
-1.00394,-0.22166
0.5795,0.39988
-1.62918,-0.81579
0.01507,0.83976
1.06472,0.56718
-1.62195,0.21311
0.94813,0.45016
-0.58251,0.57024
-0.10053,0.08875
-1.37299,-0.00135
0.71316,1.32782
-1.03722,-0.48645
-2.10907,0.04238
-0.11613,-0.2793
0.53076,-0.10016
-0.04898,-0.41549
1.22805,-4.65881
1.33581,-0.24498
-1.08887,-0.06628
-0.45375,-0.49648
2.67844,0.16674
-1.12328,2.35185
-1.06855,-0.5191
0.49302,1.02011
0.31429,-0.17041
-0.27476,1.09616
-1.40757,-1.11194
-0.40639,1.34783
-1.92512,0.19566
-1.19661,-0.36475
1.15074,0.15152
0.17559,0.4951
0.45201,0.48216
-0.12477,-0.60172
0.82016,-0.6086
0.58345,-0.11004
0.16013,0.62231
0.66904,-0.29677
-0.78902,0.05564
-0.64331,0.0596
0.16788,0.95064
0.24256,-0.04593
-1.56765,-0.68647
0.98143,0.5547
1.97537,-0.83911
1.46065,0.31801
0.76748,0.89181
1.07698,0.1629
-2.06039,0.02401
0.63061,1.03343
0.26196,0.53781
-0.06106,-0.1112
0.92746,-2.99167
-1.10279,-0.53835
1.10033,-2.31037
-0.46634,-1.98503
-0.55715,0.52197
-1.07995,0.01074
-0.18153,1.61209
-0.32083,0.54995
-1.1364,0.61991
-0.05831,0.16959
-1.969,-0.04994
-0.32798,-0.04262
-0.30664,1.03493
0.89425,-0.77864
-0.44329,1.10075
-0.82938,-0.10647
1.48391,-0.29842
1.86261,-1.70242
-0.13881,-0.19949
-0.13746,0.41619
-0.50482,-0.01988
0.25428,2.66323
1.86332,0.99441
-0.65326,-0.08927
1.83997,0.00738
-0.44994,-0.50562
0.1244,-0.29167
-0.87998,1.05183
-0.42429,-0.63833
0.78233,0.48998
-0.38934,-0.57627
0.81348,0.54018
0.72504,0.29737
-1.18822,0.36161
-0.13286,1.39921
0.35138,-0.01458
-0.82327,-0.2935
-0.36153,-0.61482
0.22094,0.38106
1.1152,-0.48383
2.47681,-0.2714
0.09011,0.12755
-0.07847,0.29231
-0.50361,-1.2398
-0.47635,-0.09943
-1.09469,0.76832
-1.96008,-0.32216
0.67152,-0.36934
-0.16105,-0.37722
-0.75692,0.45038
-0.03284,-0.40992
-0.41889,0.05499
-0.06878,-0.44228
-0.10821,-1.41
1.84246,0.34789
0.70177,0.26062
0.41415,0.28213
-2.68993,-0.64491
0.65921,-0.52876
-0.06605,0.14998
-0.51109,-0.27749
-1.52196,0.08133
0.0297,-0.78609
-1.46309,-0.24523
0.67867,0.69679
-0.03367,-1.36074
0.07942,-0.78182
-0.40737,0.04596
0.1109,0.33209
1.2058,-0.31991
-0.03503,1.13864
-0.30877,-0.96374
0.89054,0.02826
-0.38736,0.78265
0.46193,-0.50605
-0.76973,-0.33124
-1.33664,-0.87513
0.29925,0.3427
-2.37665,-1.16297
-0.37238,-1.73572
1.29238,-0.24572
0.03299,-0.5052
-0.17529,0.73686
1.46802,0.36039
-0.02981,0.54164
-1.5229,1.52009
-0.02268,-0.81182
-0.25244,0.0028
0.81753,0.17338
-1.92299,-0.09377
0.48358,-0.61434
0.24886,-0.54756
-0.708,0.57114
0.53512,0.23531
0.28815,-0.50796
-1.13137,-0.5984
0.44161,-1.18943
-0.30344,-1.59369
0.40304,0.11065
-0.57184,0.72073
0.44774,0.96016
-2.06831,0.92137
-0.28433,-0.02056
-0.85031,0.88075
-1.02616,-0.41558
0.32511,-2.37703
-0.05316,1.66461
0.12822,-0.12906
1.86354,1.92535
-0.93327,-0.58673
-0.18432,0.30716
1.56211,-0.60758
-0.60121,1.50886
-0.40405,0.21875
-1.51106,0.32433
0.82075,0.25551
-0.22579,0.22738
-2.00282,0.6314
0.64348,-0.95325
1.97166,0.80026
-0.80188,0.55059
1.02577,0.63727
-0.01727,-0.95319
-0.17494,-0.01806
-0.51127,0.35272
-0.93906,-0.55515
-0.96771,0.76573
0.3707,1.34449
-0.0156,-0.86664
0.17615,0.39271
-0.27325,1.4242
1.25598,1.67951
-0.05574,-0.1966
0.16961,-1.84612
-0.20409,-0.48892
-0.34838,-0.43755
-2.86859,-0.08777
1.40887,-1.7182
0.79635,0.70917
0.18137,0.19465
0.07026,0.95162
-2.17121,0.26267
0.07502,0.18211
1.67405,0.7639
0.6787,0.42471
-0.30045,0.70833
0.37403,-1.51851
-1.49361,-0.15968
-0.9375,-1.59792
0.07807,-0.59915
0.63326,-0.57283
1.99881,-0.22513
0.17769,2.8958
-0.03232,0.12777
-0.90426,1.29891
-0.95292,0.45591
-1.03952,-0.38709
0.56517,-0.12578
0.09463,-2.57839
1.40466,-0.52861
1.41608,-1.78718
1.21118,0.74797
0.70334,0.28065
0.48523,-1.31905
1.21623,0.2534
-0.2598,-0.02495
0.18676,-1.34855
0.28009,-0.67902
0.56171,-1.17075
-0.36679,-1.16659
-0.28161,1.5147
-0.62303,-0.11575
0.12448,0.52105
1.83041,0.46095
0.31288,0.63108
2.97004,-0.06239
1.44287,-0.33594
0.74532,-0.01335
0.88462,-0.86322
0.3483,-0.10138
0.42131,-0.14035
-0.92013,-0.35086
1.37801,0.29999
-0.96786,-1.7393
0.20148,0.47198
-2.00038,-0.08344
1.97717,-0.77119
-1.15718,0.85518
-0.42568,-0.85734
1.49299,-0.11143
-0.48439,-0.03866
-0.46519,-1.80621
-1.24827,-0.28696
0.04544,0.28925
-1.05502,0.91805
-1.83291,1.14657
1.34688,0.83184
0.75579,0.33786
-1.80383,0.16505
1.4389,-0.30597
-1.01865,0.62142
1.46835,0.70538
-0.56282,0.62131
0.89567,-0.89814
-1.43913,0.13089
0.45487,0.31892
-0.37205,0.1512
-1.12769,2.09889
2.48766,1.59977
1.03265,-0.20615
0.60455,-0.21865
1.57394,-0.66213
-1.44198,0.76623
-0.18777,0.26649
1.54329,1.62562
-1.16264,0.56036
0.18923,-1.21462
-0.55443,-0.18267
2.98607,0.21563
-0.27784,-0.53275
0.82875,-0.00348
0.47112,0.13871
-1.90036,-0.5127
-0.37174,-0.30708
-0.23182,0.04789
0.02638,0.29661
2.35954,-1.07073
-0.39981,-0.83299
1.39505,0.87533
-1.15496,0.75142
-1.60017,0.67505
0.6413,0.04645
-0.88292,0.97564
-0.64378,-0.3121
1.02343,0.29428
0.46429,0.90112
1.86382,0.37018
0.48211,-0.17235
1.28334,-0.68252
-1.39214,0.73746
-1.04446,0.34393
1.04623,-0.01342
1.7066,0.26577
1.48767,0.47459
-1.87284,0.45848
0.73374,0.70045
-0.92852,-2.28691
1.32317,0.18473
0.63396,-0.94715
-0.77853,-0.33298
-1.34716,-0.37138
-1.11676,-1.34875
-0.31115,1.1476
-1.00928,-1.16227
-0.66735,-0.38199
0.39357,0.85258
-0.70926,0.95068
-0.3904,-0.06484
-0.6471,-0.66899
1.49899,0.09524
-1.00982,-0.59031
-1.33365,0.74618
1.02899,1.24457
-0.40875,-0.39146
0.75765,0.64362
0.61646,1.31955
-0.56947,0.23564
0.39071,1.29578
0.18477,0.78341
-1.07148,0.22839
-0.01837,-0.38996
0.67661,-0.76628
-0.30748,0.49424
-0.75869,-0.46122
1.61081,-0.03662
0.47804,-0.643
-0.62651,0.45288
-0.36825,1.19693
0.78871,-1.38544
1.91455,0.94178
0.05819,0.61184
0.96617,0.15802
0.35954,-0.11474
-1.21262,-0.3445
-0.85669,0.15532
1.62232,-0.36414
-1.28686,0.37584
-0.03364,0.53898
-0.52088,-0.61461
-0.74071,-0.25482
1.40751,0.43356
1.37729,-0.49648
-1.56084,-0.54367
-0.43051,-0.89544
0.74601,-0.00345
2.09336,0.44753
0.58542,-1.37812
1.51965,0.41846
-0.44413,0.0506
-0.41197,-1.00271
0.38163,0.19318
0.14863,0.39924
-1.72343,0.64899
-0.21252,1.40808
0.0977,-1.01731
-0.3401,0.14799
0.80939,0.44198
-0.33343,0.31681
-0.47225,-0.86887
0.20621,-0.48069
0.68293,-1.53241
1.48413,-0.4961
1.57838,0.51083
1.52932,-0.55376
2.3455,0.88534
-2.19431,0.43929
1.2323,0.18678
-1.43337,-0.25282
0.89949,2.44824
0.13553,-0.05305
-0.21737,-1.58251
-0.36747,-0.44704
-1.60449,0.91763
0.74292,-0.26541
-1.45582,0.22141
0.01041,-1.00444
0.81574,-0.12815
0.75256,-0.9561
0.91551,-0.19421
-0.45848,-0.33881
0.53357,-0.02538
0.79222,-0.869
-1.50154,-0.52619
2.11888,-0.22791
-1.49759,-0.64395
-0.78887,-0.97748
-0.66866,1.1014
0.87308,-0.80705
1.52865,0.6311
-0.43267,0.24267
0.99244,-0.05469
-0.87803,-0.65795
-0.80126,-0.41762
1.5993,-0.03547
0.79939,-0.47934
0.27441,-0.4618
-0.06763,0.40814
0.07875,-0.68047
1.25497,0.61863
2.16793,0.05391
0.33376,0.28463
-0.36971,1.02252
-0.20953,-0.98928
0.99959,0.05737
0.55721,-1.26393
1.09483,1.29305
1.16424,0.10587
0.67973,-0.02292
-0.18184,0.59181
-0.65809,-0.91911
-0.50347,0.89569
0.7635,0.30899
-0.67233,0.73519
1.14138,0.28715
1.26635,-0.55412
1.58085,0.8502
0.43368,-0.16252
-0.0516,-0.56459
0.47281,0.36526
-1.08086,-0.53794
-0.8337,0.25404
-0.20547,1.00473
0.17185,-0.0145
-0.41811,0.07648
-1.17326,-0.37217
1.55174,-0.218
0.183,0.48773
-0.31666,-0.50234
0.10032,0.32885
-1.89459,-0.38341
-0.50679,1.79704
2.24984,-0.58476
-2.21642,0.67508
-1.06773,-0.39653
0.61832,-0.34336
0.48797,0.27806
2.00395,1.25373
-2.3079,-0.4699
-1.00763,-1.78984
0.3128,0.08111
-1.02849,-0.80745
-0.72599,-0.60746
-1.69387,-1.88383
-1.94468,0.27639
0.79742,-0.39895
-0.29222,-1.78825
0.13627,-0.85501
1.59692,-3.38019
-0.13041,0.62082
-0.21226,1.46453
-0.589,-0.21327
0.97313,-0.33236
1.90616,-0.22733
-0.61397,0.78669
-0.25629,0.19146
0.89717,-0.71749
-0.06752,0.97995
1.45378,1.08574
0.7728,-0.84512
-1.50525,0.34815
-1.66155,-1.54128
0.63214,-2.04143
1.47515,1.06341
-1.26743,-0.49302
-0.08054,-0.52691
1.13278,-0.92333
-0.99299,-1.37783
-1.41718,-0.69957
0.84729,0.08741
-0.69295,0.45699
-0.62688,-0.58466
-0.40854,0.03462
0.75465,-0.63666
-0.71077,-0.33253
0.87923,0.55471
-0.04241,0.27524
-0.71714,0.0709
-0.19964,0.16494
-1.05974,-0.36724
-0.34828,1.24293
1.05574,0.60284
0.80865,-0.21037
-0.33097,-0.17547
0.29769,0.09196
2.30444,0.63897
-0.19899,-0.98353
-0.79875,0.03879
0.03956,-0.93425
1.45905,0.07578
-1.88515,-0.62792
-0.64342,0.21297
-1.09318,0.75664
0.7275,0.21849
0.59692,0.84222
-0.11839,-0.16256
0.98675,-0.22605
0.29623,0.0736
-0.8409,-0.11266
-0.54067,0.23707
-1.3923,-1.10054
0.90469,0.21174
0.15395,1.08933
0.62791,0.91028
-0.56682,-1.57594
-0.4182,-2.41091
0.3551,-0.87343
-0.75162,0.20331
0.42662,-0.47373
0.01042,-0.13596
-0.1723,0.15821
-0.0744,-0.77579
-0.27787,0.52231
-1.00074,0.46456
0.39031,-0.3716
0.74549,-1.65555
0.0167,2.1427
0.72283,-0.1169
-1.43779,3.81843
0.95546,-0.5858
-0.48716,0.38323
2.12745,-1.12654
0.95139,0.33649
2.22948,0.19055
0.22076,-1.35702
-0.04889,-0.16661
1.02826,3.42565
1.2663,0.25364
0.53107,0.30383
0.11723,0.02223
0.35137,-0.2121
-1.20871,-0.30011
0.38116,-0.19412
0.81948,0.05776
-0.91112,-0.1358
0.40892,1.06123
1.99742,0.55929
0.21256,0.24973
-1.33131,0.02222
-0.24603,2.42439
0.80002,0.45057
1.13325,-0.06465
-1.00735,0.53089
0.80663,-0.22468
1.01486,-1.22602
-0.59662,0.01411
-0.85795,0.25317
-2.05411,0.58635
-0.39512,0.41423
0.77615,0.27093
-0.55338,0.5421
-0.75698,0.80097
0.74374,0.13108
-0.93331,0.24806
0.50188,-0.08348
-0.67432,-0.21231
0.45857,-0.50138
0.13364,1.03373
-1.10635,-1.37201
0.23006,-0.99775
-0.0382,-0.06466
-0.73602,0.44984
-1.06252,0.37915
-0.10404,-0.13588
0.02055,1.20968
-1.11423,-2.79614
0.01196,0.13839
1.13017,0.37604
0.02809,-0.28444
-0.19702,-0.69706
0.22132,0.65351
0.80624,-0.87488
3.37662,-0.36333
0.1768,-0.29153
-0.12386,-0.00785
0.34521,-0.27607
0.32064,-0.25026
-0.69636,0.41168
-0.17558,0.44612
1.49268,-0.93719
0.02761,-0.15612
1.01439,-0.20847
0.01801,-0.05159
0.37855,-0.33133
0.03384,2.6491
1.5955,-0.07699
-0.4488,-0.44532
-1.68223,-0.64486
0.10578,0.88275
-0.27518,0.45626
-0.70725,-0.10399
0.73716,0.01933
0.44447,0.26807
0.0302,-0.98111
0.83627,0.31098
0.77576,3.03936
-0.67706,-0.53195
-0.14711,0.15597
-0.2988,1.72398
1.10976,-0.72293
0.33595,-0.17027
-0.985,-1.13833
0.31793,-0.52243
-1.42694,0.68654
0.54782,-1.03059
-0.6926,-1.18466
0.9946,0.71865
-0.38868,-0.32308
-0.75049,1.65493
-0.17763,-0.54998
-0.65707,0.06404
-0.43789,-1.16078
-0.65672,-1.02842
0.52517,1.73828
0.95615,-0.42648
-0.95875,0.66901
0.91408,-0.03144
1.48763,-0.50934
-1.10333,-0.08905
0.87699,-1.19666
-1.00082,0.14431
0.0122,-0.47454
0.45155,0.77597
0.32649,-2.60792
-0.82336,-0.25651
-0.74778,0.00447
-1.06741,2.7208
0.00533,0.43379
0.54713,0.11806
0.92535,-0.65486
0.27167,-0.19703
-0.58862,-0.95299
-1.3181,-0.00703
0.09323,-0.82016
0.74871,-0.16167
0.694,0.28458
0.21125,0.67513
0.60438,-1.81545
-1.42307,0.4674
-0.553,-0.63458
-0.53918,-0.52691
-0.59233,0.63276
1.32358,0.7598
1.68463,-0.33259
0.04703,0.33159
-0.66575,0.52451
1.72853,-0.37189
-1.41647,0.00568
0.49916,0.08775
0.03022,-0.01653
-0.53265,-0.47797
0.4916,-0.55309
-0.44298,0.70223
-2.0751,-1.17434
1.28135,4.12751
-1.25218,0.77964
-0.32438,0.12995
0.51023,1.51976
-0.97178,-0.24968
0.78175,-0.29486
1.39473,-0.84241
-0.28965,-0.13661
0.59946,0.26369
0.21081,0.1953
0.82176,0.28894
-0.99502,-0.66037
-0.08857,-0.82089
0.54084,1.85534
-1.729,0.96505
0.78126,-0.24421
-0.06105,-0.33746
2.1608,-0.81684
-1.68445,-1.11432
-0.59333,-0.03015
0.74329,-0.60466
0.85876,-0.69571
1.46881,-0.39321
1.55085,-0.11391
1.12618,-0.36586
0.06897,1.22071
-0.23447,-1.51331
1.67118,-1.57378
1.39294,-0.07285
-0.87112,0.5257
0.45695,0.00678
-1.24254,0.26753
-0.60302,-0.52721
-0.05769,-3.41268
-0.16558,2.0147
-0.90749,-1.0697
2.12302,-0.1834
-0.19542,-0.24342
-0.25721,-0.36583
1.47772,-0.07175
0.9035,-0.18815
-1.32361,-1.76931
0.49315,-0.61719
-0.02144,0.37403
-0.9458,2.29991
-1.50282,-0.54296
0.93328,-0.81699
0.17854,-0.5741
1.81809,-0.04051
1.55851,-0.25314
1.68374,-0.40458
0.01192,-0.43631
-0.24994,1.02532
-0.36728,1.72611
-0.10796,0.57226
0.16691,-0.80901
0.60723,0.13714
-1.09618,-0.44022
-0.74944,0.27932
0.98363,-0.5148
-1.59714,0.13802
0.18314,0.10981
-0.04152,1.28582
0.24533,-0.23781
-2.3791,-0.22356
0.17162,-0.47964
-0.18458,0.54508
0.6108,-0.27974
-0.48165,-0.10396
0.54347,0.08332
0.04715,-0.67795
-0.58803,-0.13444
-0.44195,-1.13423
-0.33363,-0.18633
1.2135,-0.69707
-1.82203,-0.46164
0.93462,-1.34789
0.81076,0.14653
-1.61446,0.23915
-1.27878,0.03028
-1.45798,-2.37325
0.12838,-0.17285
-0.21985,-2.94843
-0.80016,0.21773
0.60159,-0.02207
0.10694,-0.10695
0.48504,-0.02399
-1.13573,0.4429
1.01736,-0.47467
-0.86246,-0.0602
0.25644,-0.07032
-0.11341,-0.55661
0.2321,1.26837
-0.03549,0.46321
-0.90757,0.65408
1.21423,0.64391
0.45429,0.11522
0.30828,-0.84854
-0.11418,0.33897
-1.5082,-0.16905
2.16777,1.02364
0.61385,-0.35688
-2.33963,0.15381
0.73943,1.23552
-0.77035,0.43903
0.39901,0.30269
-0.59545,0.07636
-2.3025,-0.21408
-0.14215,0.36195
-0.78283,-0.01193
-0.65665,-1.86189
2.17098,-0.14139
1.09752,0.1614
0.30085,-1.01805
0.26935,0.39248
0.67892,-0.02738
0.38954,-1.10537
-1.25984,1.91386
-1.6527,0.27029
1.96099,1.11387
-1.37916,0.56796
0.72974,0.26901
1.79811,1.00155
-0.01564,-1.462
0.57246,0.64245
-1.05364,0.13427
1.94955,0.46997
-0.58933,-1.24914
0.90588,-0.7796
0.95213,-0.33994
1.06455,0.39096
0.41778,2.67952
1.02871,-0.1629
-1.6612,0.72425
1.99968,0.1748
-0.62305,-1.56578
2.69279,1.06888
-0.3596,0.51432
1.125,0.28218
-0.10244,0.37553
-0.39055,-0.35075
-1.38586,-0.31618
-1.7977,0.13758
-0.68538,0.10261
-0.39123,0.70438
-0.95379,0.19564
-0.44826,-0.119
-0.05072,-0.53727
-0.49734,-0.29726
0.38693,-0.13047
0.4869,-1.09258
-0.14301,0.17027
-0.93255,-0.26362
0.63676,-0.39872
0.73508,0.2647
0.52112,-0.97787
1.40714,0.47118
-1.09943,0.96347
-1.38829,0.47792
3.8305,-0.67138
-2.32093,0.30041
1.62849,0.04487
0.77092,0.03769
0.8124,-0.47562
-1.03583,-0.25826
-1.99792,-0.22082
0.10176,1.5402
0.06906,0.44076
-0.05087,0.20041
-1.4252,0.88798
0.7518,0.88185
-0.32309,0.32256
0.57887,0.056
-0.79796,0.48541
-0.69039,-0.62446
-0.3222,0.03304
0.52192,0.87825
0.56344,0.70927
-0.96022,-0.51767
-1.05044,0.27465
0.2546,-1.44018
1.02133,0.23457
0.01219,-1.82022
0.59979,-1.50718
0.55679,-0.05344
-0.56166,-0.7137
-1.05085,0.23111
-0.27784,1.29168
-1.10265,0.20424
-0.31106,-0.31041
-0.88181,-0.41616
-0.39617,-0.35331
-1.03982,-0.44986
-0.54416,-2.67556
-1.35471,-0.44421
-0.41988,0.11565
-1.53712,-0.35838
0.29212,-0.04536
0.38808,1.19905
0.51553,1.28971
-0.37794,0.1931
-0.0905,0.34306
0.43568,-0.60287
-0.72818,0.16758
-0.73505,-0.46714
-1.01534,2.65377
0.00825,0.52285
0.75002,0.72459
0.39677,0.18211
-0.27306,0.45263
-0.723,-1.12044
-1.45695,2.20527
0.40141,-0.20681
-0.34935,-0.83219
0.24473,-0.03979
1.86154,-1.39556
1.24651,0.44183
-0.80945,-2.15508
-1.26473,-0.46302
-0.81607,0.94983
-1.5737,-0.94443
0.50255,0.61185
0.3808,0.66465
1.38436,-0.0747
0.4535,0.06448
0.77316,1.21031
1.24069,-0.5436
-0.18,-0.08622
0.67121,-0.57426
-1.19319,0.756
-0.31392,-0.27732
-0.61105,-0.19692
0.12941,-0.67659
-0.88058,-0.73362
-2.75906,0.29828
0.29094,0.17219
-0.14947,0.45467
0.81789,0.56778
-0.67407,1.13675
1.90881,2.16016
1.48683,0.1056
0.37362,1.08755
1.04232,-0.01508
-0.34442,-0.08403
-0.33799,8.15689
0.79553,-1.21093
-1.48212,-0.51234
-0.20549,-0.28761
0.57962,-0.75007
1.0253,0.25824
-0.32433,-1.92432
0.00832,0.21561
-0.62954,0.25662
-2.25036,0.53032
-0.53619,-0.18975
-1.56383,-0.60633
1.18415,-0.52295
0.51859,-1.25505
-1.95603,1.169
0.35032,-0.05199
-0.44983,0.96511
0.24978,0.21707
-0.48423,-0.21797
-1.51137,0.46939
1.34392,-0.37218
0.06921,-0.71003
-0.48143,1.82733
1.44585,-3.70585
-0.09188,-0.74984
0.18942,0.33159
0.66347,-0.10074
0.79831,-0.36229
-0.42239,-0.69761
-1.22413,0.62837
-0.0555,-0.95992
-0.51699,-0.02951
0.26072,-0.47241
0.75497,-0.29509
-0.24704,0.73589
-0.26406,-0.44436
0.71637,1.29538
0.85767,0.67213
0.0856,0.17732
-2.03475,-0.44341
0.16048,-0.36627
-0.09836,0.45063
1.53788,-1.11802
-0.36679,-1.16867
-0.00145,0.24773
-1.57936,0.84255
1.38501,0.83637
-0.86661,-0.61139
-0.54143,-0.6762
-0.91662,0.66732
-0.05508,0.29016
-0.95694,-1.0135
-1.27729,0.39192
-0.85431,-0.76836
0.08172,0.48089
1.45306,-0.66715
0.90762,0.58419
-0.3306,0.23511
-0.08868,-0.15823
-1.70971,-0.31395
3.153,-0.49588
-1.21221,0.44376
0.02792,-0.58606
0.0381,0.81404
-0.64167,-1.46535
2.16185,-0.24523
1.1026,0.03987
1.15314,0.4096
-1.74007,0.40403
0.28772,-0.39318
-2.0399,2.95426
-0.26593,0.667
-0.73999,0.48703
-0.91622,0.42128
-0.2131,0.77457
1.15692,0.08909
-0.73357,-0.45825
-1.15185,-0.31766
-0.13173,0.10549
-2.53908,-0.65935
-0.96833,0.56351
-1.48284,1.63325
0.74618,-0.14434
-0.26553,0.82385
-0.45893,0.2031
-0.15392,0.74792
1.89625,-1.01068
1.43064,-0.98899
0.27162,0.33183
1.20911,-0.07774
0.52875,-0.89576
-1.91486,1.78414
0.23489,0.37445
-0.26587,-0.1903
1.29985,0.11447
0.75645,-0.38343
-1.0311,1.57662
0.31863,0.48654
0.99574,-2.62382
0.84025,-0.38132
-0.44759,-0.15397
-0.45784,-1.49763
-0.9346,0.56911
-2.15431,0.38281
2.25015,-0.15406
1.23961,0.25743
0.93157,0.18717
-1.35429,-0.67624
-1.01704,-1.2424
-0.72137,-0.10526
-0.33227,0.04392
-0.36453,-0.14243
0.3641,-1.45873
1.69301,-0.24066
0.89003,-0.17084
-0.33647,-0.09137
1.19449,0.03249
1.32175,-0.31291
-1.79365,0.21368
-0.73155,-0.28129
0.11372,0.73214
0.02105,0.01492
-0.38078,0.97632
0.22761,-0.02366
-0.96194,-0.27812
0.59144,-0.78327
-1.30608,-1.45152
-0.39454,0.39836
-0.76737,1.70981
-0.16254,-0.92842
1.74522,-0.53227
-1.59795,0.13443
1.45372,0.39117
0.57644,-3.14633
-0.3474,0.0347
0.71125,-0.91056
-1.23451,-0.19117
-1.10013,-0.08852
-1.16254,-1.03081
-0.02657,-0.55754
0.28057,0.27897
0.16937,0.07257
1.54176,0.10385
0.46113,-0.50857
0.34007,0.57357
0.30503,-0.53938
0.13498,-0.19273
0.51243,-0.70216
0.10948,-0.37253
1.11189,-0.70314
-0.20427,1.29497
0.16146,-0.74057
1.46608,-0.65846
-0.82038,-0.54526
-0.75536,1.00498
1.11314,-2.33651
1.47267,0.64521
-0.34931,1.35187
-1.38126,0.39032
0.76219,-0.45908
0.01521,-0.31684
-0.94956,-1.3594
-0.27399,-0.04991
-0.16103,0.05132
-0.31874,0.48305
-1.17087,-0.32006
0.58355,-0.30146
-0.68954,-0.70828
-1.22222,-0.02088
1.48189,-0.12094
-0.53337,-1.24459
1.21789,0.66844
0.3811,6.08722
-2.13881,0.61328
1.44002,0.11416
-0.94609,-0.72455
0.29918,-0.2959
-0.11963,0.93627
-0.3177,-0.40818
-0.1634,-1.53733
-0.54629,-0.74132
-1.18428,0.17243
-0.73668,-0.02496
-0.94916,0.34505
-1.2017,-0.30251
0.75113,0.78134
-0.25677,-0.24492
0.13436,-0.24728
0.45663,-0.33633
-0.85739,0.20149
-1.04476,0.01884
-0.55146,0.78996
0.35278,-2.08944
-0.76713,0.76081
0.35187,1.15381
-0.73908,-0.12647
-0.1931,0.39297
-0.26719,-0.21251
0.20253,-0.79487
-0.72749,-0.76834
0.21546,-1.43525
-1.30119,0.11534
-1.43642,-0.32381
1.29009,-0.82034
-0.89817,-0.30634
-0.48585,-0.15996
-1.60233,-0.13618
-0.17587,-0.28369
-0.32188,0.65738
0.35383,-0.55047
0.50335,-0.09947
-1.12235,0.89075
-2.02466,1.33392
0.74334,0.49836
-2.10082,0.04174
1.18176,0.29196
-1.27624,-0.54596
-0.26788,-0.93247
-0.55459,-0.3203
-0.90825,-0.22781
0.61223,1.08759
-0.6184,0.41403
-1.50605,0.80347
-1.08388,0.45091
-2.17096,0.15593
0.81577,-0.60157
-0.56428,0.21111
0.98983,0.12088
1.29147,0.37388
0.75783,1.79364
-0.08507,-0.58675
1.89926,0.40468
0.27439,0.22516
1.99186,0.69172
1.09214,-0.24896
0.32057,1.26671
0.24046,-0.17221
-0.00029,0.68387
1.19936,0.17197
1.45273,0.59658
-0.26431,0.50895
0.20565,0.02598
1.61448,-0.13751
-0.41112,0.27313
0.95169,0.56538
0.79595,2.12011
0.48971,-0.73488
-0.23489,0.34475
1.18339,-0.25964
-0.51891,0.08959
0.15698,0.75682
-0.2514,-0.5598
-2.3281,-0.1985
-0.94089,-0.04653
0.83391,-0.06637
1.30999,0.7535
0.72744,-0.14646
-0.18755,0.33315
1.24365,-0.00552
0.28852,-0.58715
1.55046,-0.08887
0.40618,0.42644
0.49828,0.5152
0.45276,-0.11616
1.23158,0.10657
-1.06185,0.08904
0.50161,0.18647
0.55422,-0.35121
-0.07951,-0.92493
-1.17655,0.51879
-0.53528,0.88713
0.6104,0.50632
0.4631,0.48752
-1.73596,2.09974
-0.63589,0.652
-0.30089,-0.19012
0.27683,-0.81769
0.02889,-0.13893
1.39312,-0.43545
0.91109,0.66878
-0.89761,-0.386
0.61397,2.02302
1.27575,0.19385
1.95997,0.74194
-0.30992,1.54356
0.05779,1.08903
-2.26471,0.59697
-2.07936,-0.58134
0.02094,1.48072
1.69887,0.51767
1.20186,0.59958
0.53211,0.92304
0.13258,-0.56118
-1.42818,-0.79408
-1.3949,-1.12136
0.79784,0.51854
-1.10091,0.34055
-0.66673,-1.01483
0.25418,0.09817
-0.35192,-0.42882
-0.95681,-0.35806
1.24852,0.94294
-0.21107,-0.1437
0.24625,-3.21373
1.8772,-0.92015
-0.48287,0.0971
-0.3904,0.5695
0.07598,-0.50663
-1.29904,-0.37113
-1.20651,0.78578
0.15854,-1.06788
0.14364,-0.70028
1.27179,-0.03149
0.97417,-0.08766
1.38318,-1.19036
1.71923,-0.62557
0.79045,-0.90918
-2.22875,0.14394
-0.42127,0.82454
0.45761,1.19328
-0.00438,0.49821
-0.03702,0.65354
0.61198,-0.34662
1.04093,0.48934
-1.43483,0.84709
1.23608,-3.1796
-0.81669,-0.6146
-1.30627,-0.90436
-0.61926,-0.38444
-1.03532,0.22378
0.69158,-0.17441
-2.0138,-6.42225
-0.47234,-0.26614
-1.62751,-0.41325
0.40222,0.20929
0.37946,6.03926
-2.04105,-0.47245
-1.5485,-1.66606
1.45381,1.83339
1.03649,-0.7463
-0.96833,0.61288
-0.54024,0.38968
0.13342,0.26736
-0.05032,2.79219
0.38879,2.00305
-1.00097,-0.93614
-1.14054,-0.44074
0.41576,0.71988
0.656,0.87706
0.52073,-1.64791
-1.01776,-0.69474
-0.52882,-0.3594
-0.56523,-1.00654
1.10459,-2.19341
0.36205,0.27776
1.38671,-1.08255
0.90183,-0.06095
2.40023,-1.73482
0.36821,-0.52258
-0.25547,0.61964
0.71622,-0.43319
-1.05784,-0.56152
-1.3259,0.21635
-1.81926,1.76401
-0.28042,0.14165
-0.2791,-2.12077
1.2072,-0.0088
-0.42232,-1.04094
-0.27299,-0.05749
1.82595,0.52682
-0.99436,0.27286
-0.16784,2.23435
1.20125,-0.23174
-1.5509,-0.53096
0.82592,-0.1571
0.05539,-0.46132
-0.67062,0.671
2.35561,-0.32917
-0.80324,-0.42065
-1.29125,-0.42558
0.08504,-0.0977
1.20065,-0.38453
0.77965,-0.48446
-1.76172,0.23442
0.34948,1.40604
-1.0299,1.55446
-0.501,0.83574
-0.10319,-2.37441
0.13203,0.32968
-0.07968,0.43228
2.11484,-0.43887
-0.55506,3.92549
-1.65336,-0.13114
-0.34383,0.9464
-0.75769,-0.37193
0.72975,0.06414
-2.25933,-0.60247
1.65062,-0.28551
0.31798,0.05034
1.01234,0.82821
-0.21165,1.01817
-0.77792,0.41358
-0.17643,-0.02036
-1.12664,-0.35529
-0.25016,-0.25616
-1.21086,-0.16122
1.30023,0.07101
1.20456,1.21983
0.06521,-0.64196
-1.62603,2.03715
-1.21334,0.97847
1.7927,-0.2144
-1.05066,-0.23441
-1.50037,0.95615
-0.47205,-0.05571
2.26204,-0.24674
-1.01085,0.88553
-1.22692,-0.2952
-1.97783,0.43297
-1.8599,2.94856
0.5682,-1.61392
-0.28284,0.90191
0.69971,0.35623
-1.02862,0.47622
-0.10642,0.77568
1.03343,0.75706
0.70333,-0.11934
0.84238,-0.50919
-2.03539,-0.16845
-1.46333,-0.44828
0.52474,0.30831
1.40593,0.48062
0.56111,0.76081
-1.79272,-0.08225
0.33538,0.01784
-1.51546,1.17429
-1.06958,1.6118
0.68307,0.62834
0.70045,0.09681
-0.30981,-0.70122
0.63964,-0.53674
-0.60825,-0.91627
1.08311,-0.04366
1.62326,-0.52582
1.24977,1.2468
-1.40517,0.11997
-1.38365,0.99884
0.63929,-0.92176
0.11377,0.35841
0.83298,-0.71502
-0.48037,2.0511
0.591,-0.23719
1.46934,0.40693
-0.51247,-1.65033
-0.86784,3.00371
0.38872,-1.82294
0.01406,-2.15315
-0.5972,0.86008
-0.13081,-0.14556
-1.19031,-0.50527
0.05611,0.11566
0.04409,-0.40273
-0.97147,-0.50235
0.92472,-0.71023
0.10432,-1.64089
1.57417,-0.64508
-0.67654,-0.20998
-1.10089,-1.27538
-0.14922,-4.09918
0.79978,-0.88953
0.39985,-0.03846
-1.1318,-1.73338
0.19517,0.38372
2.15035,1.39868
1.47756,0.4318
1.37096,0.2993
1.15532,1.71275
0.61675,-0.93372
0.21766,0.50262
-0.6791,0.53062
-0.31241,0.24777
-0.04775,-1.28713
0.43478,-0.23578
-0.7855,-0.38926
1.33802,0.12368
0.64355,1.49792
1.38505,0.99549
0.36788,-0.34707
0.49218,0.46988
-0.15338,0.45488
0.26856,1.08633
0.88658,-0.22112
0.88654,0.32229
0.96693,0.69432
-0.0848,0.17662
1.36397,1.48148
1.3432,0.28228
-0.88481,0.65796
-0.23146,0.47868
1.46981,0.49808
-0.46527,0.88533
0.12902,-0.43954
0.06546,0.64251
0.11746,0.21692
0.1803,-0.3503
-0.42992,-0.6208
-0.93601,-0.83622
0.36225,-0.22823
0.11539,0.72477
0.30224,-0.23546
0.23807,-0.13896
0.35622,0.71013
0.46894,0.59385
0.46971,-1.72398
1.15845,0.40364
0.55059,-0.11216
0.41994,-1.85028
-0.45235,0.47654
1.5731,-1.69441
-0.46379,0.64856
0.61069,0.55312
-0.67457,-0.32376
1.56084,-0.26143
0.00607,-0.94612
-0.72952,0.04496
0.45918,-1.51864
-0.19686,-1.58756
-1.64579,0.61567
1.68592,0.47137
-0.10529,-1.97225
0.6191,0.7244
-0.42307,-0.4868
0.97835,0.7602
1.45316,-0.43365
0.17611,-1.82178
-0.11807,-0.17384
0.24612,-0.48477
0.08965,-2.52006
-0.40181,1.06813
-0.09356,-1.33074
1.57453,0.30254
-0.27805,-0.21085
1.48044,0.49296
-0.31561,1.22372
-0.1131,-2.10921
-0.33204,0.52996
0.87144,1.26461
-0.71118,0.99712
0.61979,-0.75759
0.40522,-0.33363
0.84436,0.57231
-0.17543,1.33913
-0.40206,1.6747
0.50909,1.23302
0.74738,-0.22719
-0.21467,-0.66689
-0.63161,-0.14705
0.27213,0.17764
-0.71763,-1.6951
0.08453,-0.42468
0.16588,-0.21949
0.19499,-0.56245
0.93781,0.03091
-0.79889,-0.48544
-0.45536,0.73416
-0.2818,1.19589
-1.53683,-0.72615
-1.56537,0.54506
-1.43373,1.63593
0.09603,5.8255
0.10605,1.10678
0.89204,0.83201
-1.10019,-0.16668
-0.52642,1.53292
-0.52016,-0.01027
1.20022,0.81836
0.46811,-0.99783
0.25491,0.36713
-1.18964,-0.34564
1.60231,-0.51197
-0.94422,-0.18889
-1.3504,-0.56564
-1.58961,-0.08293
-0.48193,0.68749
1.51638,0.51862
-0.58935,-2.9261
-1.21309,0.09688
-1.68348,0.4882
0.23193,-0.27309
0.22999,-0.92326
0.62559,1.17077
-1.4157,0.53637
0.22775,-0.33751
-1.49609,-0.6873
0.5899,-0.1091
0.53248,0.33109
-1.18987,-0.48843
1.09493,0.33277
-0.58477,-0.31775
0.24989,-1.07575
1.05502,0.03573
1.03173,0.13316
-1.72714,-1.69009
0.13854,-0.10075
-0.76482,-0.74777
-0.17256,-1.10615
0.10691,-0.57184
0.62213,-1.25409
1.21305,0.0578
-1.05153,2.44868
0.82469,-0.4466
-0.44472,-0.33807
-1.62761,0.06938
1.10202,0.68525
-0.19952,0.14891
1.26983,-0.02457
-0.7596,0.33029
1.62332,0.02605
0.89854,-0.143
0.92815,-0.32799
-1.16782,-0.01623
1.5985,0.43931
-2.09848,-0.75832
-0.35924,-0.62572
-0.96343,0.44547
0.77705,0.27074
-0.1085,0.89975
0.09295,-0.57211
0.67082,-0.09355
0.96201,-2.4833
0.243,-0.42825
0.50044,-0.19758
-1.37905,-16.86859
0.42164,-0.01935
0.65398,-0.69039
0.37361,-0.62269
2.10399,0.65506
-0.5186,0.84605
0.37574,0.5946
0.63329,-1.01766
0.25968,0.10406
0.25307,1.11796
0.78015,0.2387
-0.34111,1.31704
-0.54848,-0.31092
-0.23254,1.7919
1.11982,-0.24835
-1.78312,-1.16869
-1.0201,0.12263
1.01896,0.28179
-1.0399,-1.12197
0.29005,-1.38377
0.86429,-0.07437
-0.01324,0.38891
1.17708,-0.00496
-1.52268,0.58463
0.3502,-0.00618
-0.88781,0.57126
1.12468,-0.80481
0.05366,0.95412
1.58742,-0.0283
0.81938,-0.9909
-0.43956,-0.00237
-0.67615,-3.16007
-0.2948,-0.12578
-1.13601,0.82741
-0.2102,-0.25127
1.37012,0.83305
0.55393,0.68375
-1.54403,-0.39724
1.13899,-0.69778
1.05327,0.4544
0.38267,0.48716
-0.12391,-0.40969
-0.02686,-0.01198
-0.29188,0.2906
-0.99959,0.70407
0.91062,1.3314
-1.29848,0.04996
-0.90843,-0.62219
0.641,0.34932
0.06632,1.05169
-2.40752,0.50611
-0.41217,3.91973
0.10491,0.11753
-0.45931,-0.71361
-0.92001,-0.38429
1.01909,-0.62587
-0.12001,2.52539
0.51072,0.55849
0.1362,-0.3616
0.40498,-0.15068
-1.24146,0.96713
-0.7982,0.14246
0.85296,0.41332
2.05552,-1.73849
-0.38819,1.02747
0.10338,0.74248
-1.48969,-0.72495
0.35616,-1.13805
0.46252,-0.75814
0.45459,0.87388
-0.4614,-0.98187
-0.05213,0.23536
1.04063,-0.30812
0.54318,0.03632
2.66435,0.072
-1.28947,0.40213
1.23082,0.09828
-1.09839,1.28326
-0.17467,0.82925
-0.14121,0.82066
1.34033,-0.5539
-1.3931,0.07906
0.35963,0.28962
-0.90109,-0.06191
-2.67418,-0.88175
0.53388,-0.85799
0.5929,-0.63358
1.76259,0.6933
0.36788,-0.35733
0.10367,-1.51292
-1.12398,1.08112
-0.48839,0.2788
0.46242,-4.88616
1.05852,-0.54415
0.01607,-0.45188
0.28951,-1.75796
0.0103,0.86075
1.22147,-0.32699
0.64189,0.22801
-0.22386,1.54457
-0.01184,0.4704
-0.44108,-0.59689
0.31152,0.81015
-0.69055,0.81911
-0.2292,1.22345
1.68403,0.14188
-0.99154,0.60533
0.36665,-0.62565
0.97511,0.28363
1.50071,-0.4093
-0.68868,-0.59905
0.45735,0.23259
0.19371,-0.23195
-1.64922,0.82117
0.06079,-1.2161
1.7355,-2.17844
0.53784,0.34147
1.71836,0.6651
1.48772,0.75346
0.88484,-0.63782
1.37987,0.76744
1.37816,1.16133
-1.47364,2.83726
1.66483,0.0346
0.30149,0.91946
-0.18025,-0.59647
-0.1871,-0.547
-0.16836,-0.58753
-1.15327,0.77381
0.64863,1.04812
-0.16543,0.68408
0.23975,-0.69331
1.85407,-0.93943
-0.34653,-0.13524
-0.37301,-0.70051
0.27798,-0.68623
-0.99107,1.88495
-0.53619,0.05429
-1.03874,-1.68429
-1.02347,-2.08355
0.75006,-0.48595
-0.22348,0.6598
-0.00227,-0.3152
1.07668,-0.30356
2.77522,-0.61911
-0.40368,-1.18481
-0.313,1.08494
1.14404,0.38803
-0.64438,0.5783
-0.14044,0.79455
-0.97541,0.77304
0.02632,0.37676
0.67594,-0.32431
0.25502,-0.99279
-1.23127,-0.93857
0.26199,-0.04683
-0.70164,-0.95773
0.67684,-0.38155
-1.7809,0.6044
-0.93035,-0.86939
1.69856,0.25283
-0.33854,0.18465
0.98402,1.0691
-1.14455,-0.40643
-1.23825,-0.69202
-1.68964,-0.22914
0.87401,0.28251
0.29652,0.45959
-1.13046,-0.26926
0.67989,-0.6938
0.12513,1.07242
0.75358,0.10288
-0.14119,-0.39828
-1.44906,0.18616
0.52813,3.17403
-1.36484,0.95813
1.15225,0.72903
2.43063,0.12414
0.96404,0.64415
0.92827,0.71754
0.62225,0.22056
0.1435,2.05543
-0.49718,0.30914
-1.17013,0.90888
-0.10237,0.07501
2.14613,0.11146
0.63467,-1.00734
0.15293,0.18997
-0.48434,0.25649
-0.96098,0.49446
0.75508,1.05097
-0.16886,-0.84748
0.24089,0.32617
-1.16157,-0.21578
-0.16669,0.31874
0.08815,0.38524
1.89528,0.07805
0.58416,0.92021
-0.6313,0.48632
-1.79755,-0.99526
-0.98459,-0.88115
-0.77762,0.5308
0.01171,-3.59475
0.24219,1.12159
-1.0046,-1.56741
1.03295,-0.71802
-0.28843,-0.4208
1.01521,-0.22972
-0.33782,1.97442
-0.47396,0.21589
0.44106,0.59111
-0.90933,-0.41681
0.80565,-0.01241
1.03477,0.25816
0.34729,0.05204
0.02201,-0.6512
-1.67301,0.17364
-0.56635,0.47889
-1.28356,0.12624
-0.45813,-0.41358
-0.2819,0.9936
-1.25942,-0.44336
1.49612,0.55821
-1.76451,0.35729
-0.16625,-0.24871
-0.54016,-0.35627
0.11305,0.86665
-0.45171,-0.63188
-0.70138,0.89135
0.44288,-1.44874
1.40309,-0.14635
-0.62403,-0.13751
-1.15957,-0.15172
0.46427,-0.82545
1.11704,0.61238
0.56673,0.01003
0.34004,0.82031
0.15689,-1.95877
0.55473,0.71069
-0.2917,0.0011
0.30209,-2.53042
1.00719,0.24458
0.75559,0.06975
-0.55284,1.25217
-1.22792,-0.89468
-0.98361,0.97152
0.21064,0.27529
-1.05539,-0.57595
-1.35055,-1.17616
-0.43942,0.15214
-1.4196,1.74685
0.74058,-0.26003
0.88789,0.74992
0.94708,1.57629
0.01722,1.32686
0.15531,-0.03276
-0.60954,2.68979
-0.50416,-0.4289
0.74968,-3.6789
-0.43565,-0.00494
-0.45494,-0.14985
0.14951,-0.20654
-0.90679,0.29379
-0.89665,-0.22836
-1.74838,0.14943
0.29476,1.50318
-0.93953,0.29379
-1.40756,0.0014
0.28802,-0.03838
0.01262,-0.23373
-0.61021,0.06105
2.10846,0.73614
-0.81106,-1.00109
0.67225,-0.97126
1.27575,0.57547
0.82556,-0.35662
-0.50106,-0.51257
-0.04083,0.79918
0.61392,-0.17496
0.41221,1.13797
-1.47549,0.462
-0.61545,-0.33922
0.04917,0.65808
0.82309,0.35546
-0.59042,0.13804
1.21315,-0.16793
0.89597,-1.77475
-0.22014,-0.0291
-2.08382,1.20893
0.2879,-0.52173
1.73907,-0.26123
0.4752,0.18606
-0.82691,3.4421
0.13735,0.27936
0.93456,-0.34159
-2.62593,0.72372
0.96325,-1.48826
-0.857,-0.18093
1.07487,-0.09586
-1.58818,0.44108
-0.26809,-0.38818
-2.16735,0.14053
2.78639,-0.37829
-0.13782,0.07618
-0.68447,-0.57748
0.01687,0.4078
0.79866,-0.62733
-1.2325,-0.08568
-0.27796,0.74562
0.74662,-0.86375
-0.18745,0.53597
-0.28652,-0.27773
-0.85509,-1.00222
-0.27943,-0.7097
0.30506,0.28477
0.6963,0.54062
0.3899,-0.34894
0.91925,0.36303
0.15333,0.36526
-0.43052,0.31341
-0.48374,1.38815
-1.50659,1.11421
-0.80276,-0.04977
-1.10752,-0.49217
1.12974,0.72729
1.3767,-0.43825
0.37086,0.97991
-0.03232,0.53264
-0.2045,-0.28181
0.60578,-0.82009
0.18156,-0.8076
0.26459,-0.26186
-2.24827,2.66089
0.55883,-0.19244
0.82454,-1.13135
-1.50697,0.22096
0.06978,0.80154
1.2292,-0.94765
0.66145,-0.20483
-1.08094,-0.86638
0.41677,-1.43585
0.98673,-0.8585
-1.24044,-0.00255
1.52396,-1.233
-0.34119,0.15678
0.10762,0.41189
-0.15208,0.41791
-0.72676,0.15661
0.52207,-0.41275
-0.65243,1.157
0.35045,0.66834
-1.02533,-0.20682
-0.618,-0.21826
1.66638,-0.02888
-0.99504,-0.78154
0.02467,0.10623
-0.39079,-0.37378
0.2625,0.03101
-0.74644,-0.46219
0.54871,0.61411
1.57337,-0.0383
0.7574,0.26392
-0.15146,-0.90001
-1.54096,-0.53365
-0.22939,-0.57155
1.07611,-0.14462
-1.77161,-1.54891
-0.99036,0.45391
0.26461,-0.12957
-0.89719,-0.83854
-0.0915,-0.4508
-2.42186,-1.52118
0.00636,-0.06295
-1.02936,-1.40664
-0.47736,0.56519
0.59269,0.3213
-1.83014,0.10005
-0.91031,0.02077
-0.17472,0.34589
0.20252,0.02171
0.41531,-0.00694
-0.40417,1.24439
-0.73384,-0.65103
-0.29523,0.73557
-1.09625,-0.56307
-0.35445,-0.89636
1.61591,0.4203
-0.63299,0.6135
-0.29867,0.36908
0.22254,-0.19772
-0.46078,0.08086
1.04175,0.048
-1.49626,-0.43191
0.62204,-1.02494
0.63962,-0.79458
1.05869,1.41281
1.40374,-0.25513
0.2741,-0.1782
-0.74074,0.44957
1.68346,2.2271
-0.57958,1.034
-0.44692,0.75393
1.38274,1.54105
-2.12115,-0.58365
0.36088,0.74809
0.312,0.7529
0.16613,-1.31794
0.30903,-1.43509
0.43466,-0.5665
1.48268,0.08877
0.82514,-1.51376
-0.5409,-0.55278
-0.30706,0.94565
-1.37518,-0.397
0.26429,0.16554
-1.17148,-0.67021
-0.70109,-0.51159
-0.67479,-1.10012
1.20616,-1.55471
-1.971,0.49769
-1.67593,-0.31227
-0.13786,0.12354
-1.89533,0.05594
1.83544,0.28109
-1.64442,0.56433
-0.85416,-0.01042
1.09563,0.33525
1.72746,0.764
0.49813,0.10934
0.57506,2.31524
-0.46112,-0.12689
-0.38519,-0.08535
0.78778,-0.28903
-0.65275,-3.07286
-1.13207,-0.39636
0.53766,-0.59716
-1.72458,-0.90654
-0.09784,-0.22442
0.5719,0.6952
-1.5478,0.13436
-1.32828,-0.59046
0.34392,1.39822
-1.39501,1.69454
0.46555,1.98704
1.23938,-0.19501
0.78674,0.19866
0.04479,0.73651
1.4882,-0.92873
-0.59197,1.50784
-2.3924,1.22223
-0.73594,0.09186
-3.16613,-1.78547
-0.05085,-0.46338
2.50802,1.40894
-0.6809,0.25644
0.12417,-0.07772
0.35242,0.58105
-0.68144,-0.28235
-1.13764,-0.05685
-0.72303,-0.35779
1.7015,1.18105
-0.21987,0.3091
0.99833,-0.47451
-0.72008,0.69037
1.47591,0.17266
-0.20572,-0.21138
-0.07595,0.46485
-1.48752,2.90313
-0.22154,1.42209
0.46959,0.61527
0.10405,-1.02661
0.47803,-0.45192
-0.41302,-0.26293
0.21354,0.95766
0.01003,0.1612
0.00808,-0.64657
-0.70316,1.07178
-1.42956,-1.59482
-1.20741,-0.1511
-1.00791,-0.442
0.36771,0.29754
-0.03971,-0.30998
1.13758,-0.25191
-0.10523,0.89223
-0.83537,-0.05901
-1.04268,-0.24762
0.58861,0.48478
-0.76662,-1.71072
2.72664,-0.10006
0.74506,0.51965
1.8655,-0.30404
1.13294,-0.45523
-0.7573,-0.17187
0.37782,-1.7387
-0.81368,0.15438
1.55099,-0.89821
0.37408,0.60775
1.09758,-0.26385
-2.0632,-0.64703
-1.41169,0.19236
1.41222,0.31164
0.65574,-0.2723
-0.33371,-0.10738
0.40753,-0.62189
-1.78211,-1.57242
-0.59394,-1.13211
-0.05089,-0.07173
1.39065,-0.0377
-1.79072,0.15481
-0.15555,-0.90677
-0.09614,-0.81403
1.01106,0.27802
0.00945,0.22014
-0.55394,0.23716
0.38148,0.27754
-0.45539,0.5079
-0.59677,0.2677
1.51976,-0.59424
-1.13158,-0.69452
1.69304,-0.01234
0.91691,-0.05697
-0.24458,0.14527
-0.9212,0.57031
1.78583,0.7691
-1.50803,-0.12434
-2.60815,0.38995
2.26676,-4.36267
0.44401,1.01377
-0.39816,0.63041
-1.61929,-0.48924
-0.3942,1.25543
-0.202,-0.46839
-0.25932,-0.93476
-0.68427,0.6509
1.88084,-0.43257
-0.32426,1.17879
1.05578,0.37103
0.11683,-0.88815
0.22048,-0.42709
-0.88496,1.34293
0.83417,1.04261
1.11659,1.47148
1.27534,-0.45195
0.0593,1.50291
0.41029,1.03948
0.30252,2.05485
1.52866,1.42206
0.32556,0.00969
-0.41323,1.06221
-0.57658,-1.20387
-1.19724,-0.73129
-0.40475,-0.37301
2.42053,-0.83084
0.66761,1.25799
0.57713,0.02406
0.2233,-1.37465
0.35306,0.56144
0.79468,0.79217
-1.03671,1.21083
-0.11042,-0.08117
-0.49331,-1.51133
-0.47129,0.04692
1.90322,-0.25123
-0.62257,0.0796
1.4786,-0.82944
-1.24907,-0.2126
-1.14933,-0.53327
-1.77673,-0.79089
-0.59745,1.77831
1.115,0.69446
-1.65992,-0.84638
-0.72986,-0.96858
-0.60417,0.757
-1.36336,0.10986
1.11618,-0.30458
-0.39228,0.58254
-1.08602,-0.14948
-1.48481,0.49097
-0.00012,-0.10423
-0.9187,0.13438
-1.41087,-0.07671
0.78498,0.31656
-0.75591,-0.48725
-0.69649,8.75609
-0.75297,-0.89659
-1.54236,-0.40332
3.6156,-0.87909
-0.53822,2.33266
-0.0418,0.28213
1.6438,0.1616
0.56752,0.00308
0.43396,-0.21401
0.25558,0.53649
0.32344,-1.14172
0.49779,0.62919
-0.02057,-0.07451
0.32487,-1.12258
0.88211,-0.85487
0.41343,-2.61613
-2.75125,0.75048
-0.10126,0.49779
-1.22586,-0.0699
1.22488,0.37323
1.55131,6.02701
-0.11731,0.07153
-0.00285,-1.48366
1.84964,0.19973
-0.7323,0.64659
0.80637,0.06146
0.70546,-2.76963
-1.80886,3.10853
-0.09776,-0.17396
-0.91777,-0.62697
-1.19875,-0.06266
0.1934,0.42233
-0.50941,-0.62982
0.40375,-0.59963
-0.14547,-0.4592
0.33953,-0.07857
-0.0816,1.56557
1.02591,0.12894
-0.24326,0.29545
-1.45762,-0.31785
1.44593,0.27994
-1.75215,0.44896
0.34774,0.72723
0.5038,-0.14172
-0.32574,-0.00703
-0.11453,0.90361
0.14699,-0.08812
-1.35739,0.79635
1.06611,0.5081
1.87645,0.05185
0.81075,-0.10035
0.25512,0.34688
-1.34531,-0.11818
1.94643,0.27009
1.1865,-0.09364
0.13025,-0.14501
0.86595,2.3456
-0.84578,0.54272
-0.21445,0.92895
-0.21137,-0.0712
-0.70527,1.15788
-1.5214,0.6983
-2.03474,-0.06042
1.21928,12.95302
-0.53467,0.64465
-0.54421,-1.59224
1.58042,0.04195
1.04861,0.95374
-0.42672,0.01185
0.42242,6.23488
-0.56511,-1.6278
-1.09485,1.52629
0.69242,-0.282
-1.80728,-1.42281
1.14777,-0.37477
0.96429,-1.22808
-0.47555,0.53483
-1.00249,-0.08478
2.12632,0.18244
-0.88484,-0.1661
-0.448,-0.32289
-0.33417,0.34179
0.21873,0.16335
1.38619,1.11401
0.67013,0.33711
1.22313,-0.83991
-1.54837,0.87237
-1.07704,-0.22087
-1.46377,-0.51552
-0.42263,0.49428
-0.45921,0.37123
0.65264,-0.30454
0.9147,0.6631
-0.44882,0.57037
-0.62492,0.65102
1.15968,-1.02226
0.13472,-0.50188
0.71559,0.13964
-1.20849,-0.49108
-0.54588,0.61524
-1.19025,-0.16253
0.375,0.85871
-1.92179,-0.15795
-0.04414,-0.04821
-1.22198,0.12652
0.42214,-0.34429
0.50824,-0.90323
0.15375,-0.13278
0.95669,-1.17866
0.33923,-0.26596
0.15886,0.54814
0.82063,-0.3867
2.08328,-0.12719
1.80071,0.86159
1.16909,0.58499
-0.33832,-1.11306
0.71995,-0.31713
0.84541,0.04041
0.17693,-0.93516
-0.19909,-0.80988
-0.82875,0.58762
0.81966,0.96049
1.40377,-0.20265
1.06551,0.57142
-0.50518,-0.28638
-1.20938,0.45619
0.36846,1.26125
-0.46852,-0.20639
1.27662,-1.19457
0.50074,-0.07864
1.05505,0.12261
-0.51648,0.56716
-1.90544,-0.31038
-0.59516,0.92812
0.19897,0.56415
-0.58134,-0.9323
0.94174,-0.0249
1.62293,0.89158
-0.02156,-2.24759
0.25274,-0.50775
1.02567,-0.29191
-0.06731,0.54329
-0.04566,1.03175
-0.17605,0.4453
-0.51955,0.45051
-0.11806,0.75855
0.76616,-0.22803
-0.74825,0.19306
0.94664,0.47568
-0.19468,-2.02421
2.14225,-0.50231
0.27956,0.27773
0.91004,0.69396
0.43843,-1.02632
1.14742,0.77088
0.92746,-0.14745
-0.01074,0.24322
-0.3607,1.03992
0.77739,-0.23243
-1.04618,-0.66568
1.11462,0.12393
0.79392,-0.88659
0.87599,-0.18859
-1.3245,2.93169
0.19748,0.89314
-1.13685,0.52857
0.38908,1.06031
-0.56868,1.93271
1.75584,-0.13359
0.11434,-0.30799
0.63956,-0.46134
0.18831,0.24089
1.44789,0.33698
0.12106,-0.49001
1.92087,0.91051
1.17402,-0.71268
-1.79846,-0.49885
-0.03555,-0.56132
-0.10149,0.66193
0.23279,-0.22097
-0.35512,-0.19827
1.42948,0.23061
-1.10012,0.73054
0.832,-0.72549
-0.18199,-2.69817
0.45688,-0.23511
-1.07994,-0.39595
-0.2483,-3.51541
0.15656,0.06163
-1.82657,0.4563
-1.40433,-0.82577
-1.01484,-0.88596
-0.3331,0.53929
1.2242,0.01005
0.46997,-0.65377
2.20186,0.73028
-0.88675,0.11016
-1.5669,-0.83878
-0.93551,0.28833
1.00914,0.18455
0.67676,-0.64276
-2.26851,-1.28324
-0.04656,-1.03626
0.5543,0.07861
-0.14724,0.35231
1.23005,0.26504
1.61575,-0.40107
1.31891,-0.15392
-1.41246,-0.36478
0.1202,0.95888
-0.77849,-0.30098
0.74173,0.55727
1.52393,-0.09211
-0.04552,-0.54386
-0.58748,-0.9698
-0.49462,-0.02077
1.3524,-0.28524
0.45723,-1.38643
0.78596,0.42059
0.36381,-0.28798
0.28848,-0.20642
0.13346,-0.71669
1.15219,-0.63469
0.89313,0.11541
1.3671,-1.52479
0.1066,-1.12965
0.27337,0.07712
-1.01456,1.73931
0.37127,-0.75834
-0.39387,0.03429
0.20424,-0.51821
0.23931,-0.602
1.08024,0.63275
-0.35092,-0.54874
1.54654,-0.99449
0.93437,0.14132
-2.29423,0.14486
-0.62173,0.82243
-0.14773,0.92675
-1.35818,0.50958
0.16775,0.46159
-0.70817,0.36408
2.14687,0.44552
-1.21111,0.36206
0.29757,3.89388
1.31012,-1.08017
0.66495,-2.03859
-0.42867,1.8478
-1.24181,0.46467
1.55455,0.88977
-0.20318,-0.18565
-0.52424,0.07471
0.71957,0.85913
1.20319,-1.52677
-0.6755,-0.46729
-1.63449,0.27682
-0.63358,-0.13236
0.98587,0.1147
0.18608,1.9552
1.13506,-0.8963
-0.79751,0.01235
-1.05645,-0.36955
0.82225,0.26703
0.37376,-0.13107
-0.80888,-0.26962
-0.09108,0.45057
-1.0132,-0.25044
0.2057,1.01473
-0.69067,-0.35731
-0.70813,-1.14753
1.11487,0.35873
0.32571,-0.12338
-0.85103,0.75286
0.10917,0.46373
-0.32726,-0.12644
-1.21376,-0.07152
-0.14892,0.09351
-0.57883,-0.73348
-0.62701,0.53772
0.24023,-0.687
1.7985,0.98542
-0.62312,-0.15789
-0.32269,-0.16368
-0.78464,-0.11328
-1.81896,-0.38441
0.62252,0.52813
0.40528,-0.68855
1.08199,0.1453
-0.92647,1.13893
0.07342,-0.72671
0.17726,0.57288
0.18463,0.9639
-1.97745,-0.45921
1.0753,-0.10229
-0.02523,-0.14478
1.04955,-0.02157
-0.60626,0.24285
0.50391,0.49571
1.67099,0.14168
0.75979,-0.11577
1.16429,-0.48278
1.72746,0.08084
0.05,-0.6951
1.77104,0.27079
-1.67808,3.56015
0.64747,0.75676
0.84292,0.21293
-1.67971,0.6219
0.70867,-0.60937
-1.64221,0.68148
1.47561,-0.19648
0.58585,0.19759
0.31672,0.80197
-0.21574,-0.63723
-0.53552,-0.36829
0.92705,-1.25995
-1.01281,0.06332
0.32084,-0.03325
0.06387,0.17033
0.13591,-0.01073
1.08202,3.01493
1.94364,1.72867
2.02651,-0.35697
-1.25503,-0.10861
-0.79395,-0.71365
-0.69836,0.18895
0.81211,0.14705
0.45609,0.63563
0.13792,-0.22718
1.23317,1.00581
2.71937,0.41565
0.92567,0.83911
0.95136,1.04085
0.80565,0.22283
0.44198,0.14062
1.1346,-0.71678
-1.18034,0.93829
0.49765,-1.01297
1.27432,-0.33759
0.48297,3.12416
-2.23481,0.34701
-1.01862,-1.05782
0.24333,-0.92979
1.34712,0.49783
0.54392,-0.38299
0.49339,-0.01695
1.03583,0.02238
0.27053,-0.41368
0.86602,0.04699
-0.00519,0.30567
0.11513,0.2943
-0.8989,2.70719
-0.3116,0.66322
-0.8581,0.52884
1.41665,1.1081
-0.66698,-3.24231
-1.26099,-0.58296
-0.93545,0.1625
0.53346,0.13393
0.6257,1.17188
2.36267,-0.09281
0.35687,0.4228
-0.00423,0.70322
0.85751,0.49539
0.62926,0.76083
1.1544,-0.4793
0.58027,0.42952
-0.55843,-0.00483
-0.56171,0.26837
0.06069,0.69875
-0.41053,0.88875
0.67612,0.27695
0.61229,0.11509
-1.38257,-1.57571
-0.24851,-0.38144
-0.52288,0.12408
1.46241,1.67119
0.38601,-0.1305
-0.8623,0.35745
-0.06962,-0.43284
-0.23004,1.15307
0.12588,-0.89479
-2.20489,-0.27798
-1.6434,0.23489
0.41189,-0.00765
-0.11195,-1.00305
0.81296,0.75643
0.43329,-0.44324
0.07423,-0.00038
-1.23988,0.4549
1.59019,-0.83965
-0.40902,-3.92512
-0.0493,-0.45536
0.33304,0.3489
-0.02772,-1.71591
-0.52223,0.46403
-0.12425,-0.4563
-1.02975,-0.30723
0.70155,0.79347
-0.76445,0.21462
-2.19768,-0.47281
0.31384,-0.7015
0.87335,0.10003
-0.16827,-0.63533
0.74604,0.02007
1.26061,1.3362
0.84498,-0.01961
0.20883,-1.58293
-1.92553,0.85105
2.05405,0.20571
-0.54511,-0.43938
-1.16563,0.74751
1.63319,1.03357
0.58779,-0.26786
0.37471,-1.83282
0.60684,0.30362
0.10207,0.02607
0.66213,0.36857
-0.33916,1.02191
-0.32652,0.60341
0.99357,-0.62713
1.81335,1.02235
-1.35508,-1.23232
-0.41977,0.04413
-1.48115,-0.44629
-0.718,-1.71054
0.33211,-1.44376
0.55778,0.05741
0.14019,-1.6957
0.6746,-0.86555
0.50542,-0.51321
0.77477,0.08377
2.49796,0.42417
-1.3219,-1.05803
-0.48873,-1.29175
1.10417,0.68399
1.67692,0.08144
-1.96982,0.92576
-0.04739,0.06184
-0.86009,0.53295
-0.41664,0.55683
0.56988,-0.26772
-0.05907,-0.6265
0.09925,1.03331
1.72857,0.03259
0.25629,-0.06881
-1.30043,-0.11504
-1.4231,0.24519
0.55633,-0.48352
-0.40527,-0.56062
-0.55786,-0.16006
0.40797,-0.35812
0.01141,0.40406
-0.46852,0.99256
0.87516,0.40346
0.22147,-0.25748
0.88216,-1.47064
1.18037,0.49253
1.50485,-0.61014
0.38431,-0.11842
1.5726,0.00243
-0.95811,0.03474
-0.55291,-0.05397
-0.32314,0.47717
0.3011,-0.24612
0.26334,-0.89039
-0.16744,0.14867
-0.27969,0.46573
0.65635,0.12627
-0.46274,1.30401
-0.43093,0.14886
1.16044,0.59397
0.72281,1.36071
-1.79272,2.04772
-1.52493,0.04001
-0.43791,1.52433
-1.29645,-0.65763
0.65216,-0.48145
-0.23976,-0.09098
-0.96536,0.05907
-0.27104,-0.29086
2.06731,0.72853
0.47063,0.15716
0.06501,-1.45898
-0.20854,1.18601
-0.42019,0.00976
0.65041,-0.07629
-0.3104,0.24139
1.0834,0.14751
-0.09018,-0.1564
-0.46796,0.19506
-0.52331,0.23015
0.15429,-0.5619
0.69533,1.07445
-0.67102,0.54906
-0.5871,0.20321
0.82049,0.20678
1.30998,1.55515
-0.13065,-0.38333
0.1215,0.11908
-2.47249,1.68955
-2.16653,-1.06086
-0.06703,-0.04756
0.23326,0.72564
-0.81467,0.19662
-0.7422,1.2283
0.90796,0.17625
-0.13367,0.62076
-0.76008,-0.5767
-1.40394,-0.23212
-0.28443,0.27607
0.96201,0.45313
2.73088,0.19285
-1.09525,-0.33697
0.53922,0.76615
-0.56128,0.40465
-0.58747,0.05032
-1.12888,0.44796
-1.52307,-0.64759
0.78017,0.86043
-0.64428,0.64106
0.81584,0.15198
-0.5038,0.52469
0.43719,-0.63482
-0.51202,1.25987
1.55479,0.74712
0.10484,0.24994
-1.19974,0.42529
0.89492,0.48572
-1.22493,-0.74185
0.38128,-0.28419
-1.20416,0.33785
0.94959,-0.74025
0.02479,-0.39324
0.95885,-0.09889
-2.03875,0.02122
-1.87324,-0.98478
0.62812,0.16368
-1.44581,0.52179
1.21044,-0.31505
-0.07471,1.40255
0.74487,0.71856
1.04626,-0.08175
-0.18749,0.45883
0.05393,0.40368
1.01262,-0.49443
-0.07499,-0.45088
0.84221,-0.55203
-0.00883,0.17654
1.61361,-0.81418
-0.48572,-1.33497
-0.76109,-1.78676
0.13949,-0.92536
0.94565,-0.11449
0.76884,-0.22628
1.46217,0.39751
-1.45133,-0.02647
0.46329,-0.79833
0.47964,0.64272
0.13561,-0.94508
-1.62855,0.27588
1.82346,-2.31012
0.8303,-0.995
0.51491,-0.59461
-0.99952,-0.78779
0.4452,-0.40445
0.1529,-0.1212
0.24398,0.18834
-0.93602,0.74967
0.9564,0.40234
-1.35971,1.47409
-0.61118,-1.07771
-0.6358,7.16608
0.01686,0.3472
-0.35477,0.00065
0.46019,-0.461
0.83049,-2.5274
-1.70427,-0.5237
1.06863,0.13822
0.79297,0.28092
0.5181,0.26927
0.00846,1.19523
0.96101,1.04617
0.86249,1.98709
0.48926,0.23234
-1.17418,0.47391
-0.10132,-0.51763
-2.56451,0.73876
-0.69697,-0.86817
-0.11067,-2.08563
-1.07012,-0.02409
0.43733,0.09053
0.01546,-0.18649
-0.83701,0.75257
-0.69806,0.13855
0.15335,-0.6958
-0.38326,0.03524
0.82908,0.56823
0.48841,0.68948
-1.26327,0.43838
1.87405,-0.13466
1.17509,-1.34338
0.00916,1.48425
1.53065,0.22016
0.12896,0.37076
0.85802,0.51435
-0.51137,0.51205
-0.34995,0.29797
0.00056,0.82411
-0.01503,-0.20696
-0.20491,0.27449
-1.83308,0.09099
0.61638,-0.14311
-0.41203,0.8463
-0.77113,-0.37133
-1.11632,0.17927
-0.83976,0.21875
1.16919,-0.05052
-0.60491,0.11839
0.00397,-0.1865
1.44334,-0.66109
-0.45673,0.08244
-1.66394,-0.61226
0.24729,0.72804
-0.34792,1.44853
0.46363,0.28006
1.34236,0.65865
-0.0699,-0.51443
-0.17963,1.0666
0.13288,1.28293
0.73192,-0.72506
0.80837,1.15574
-0.21995,7.5662
-0.5798,0.55834
-0.426,3.8627
1.50273,-1.82794
-0.14175,-0.10409
-0.10586,-0.88321
1.56937,-0.26715
0.78222,-0.49829
-0.34013,-5.01737
0.9286,-1.1427
0.80595,0.499
1.2087,0.28138
-0.83344,0.34397
-0.04548,-0.13127
2.28436,-6.52476
-0.78656,-0.14166
-1.60336,0.09528
0.85806,-0.90577
-1.06825,-0.75229
1.06563,-0.70822
-1.56866,-0.11532
0.1057,-0.28092
-0.03486,1.05376
0.26449,0.161
-0.26348,-0.27576
-1.22836,-0.61566
-0.46867,2.32953
-1.02007,0.57542
0.83288,0.68624
1.88808,-0.02789
-0.66883,0.22968
1.9743,0.59632
-0.05388,1.22193
0.93373,0.427
0.05116,0.4349
-1.16463,-1.15404
0.36775,-0.33355
1.1035,-0.18938
-1.82766,0.14145
0.19356,-0.71523
-0.45308,1.59159
0.00147,-0.03697
-0.78551,-0.83145
0.35269,0.9547
-2.79629,-0.7812
-0.19408,0.67065
1.45871,0.18721
-0.59671,-1.68075
0.28999,-0.23045
-0.02988,-0.24656
-1.20241,0.3773
1.19916,0.03615
1.10782,-0.81261
1.57099,-0.60097
0.65322,-0.23176
-0.01956,0.04828
1.02772,-0.60967
0.38361,0.20436
0.98416,1.58232
-0.99145,0.27642
0.71892,0.30611
-1.63682,-0.09972
0.81851,-0.52844
-0.55375,0.29336
-0.82513,-0.26411
0.70213,-0.43857
-0.47332,-0.85866
-0.96992,-0.78202
-0.50385,-0.94748
0.60073,-0.88014
1.02361,-1.27119
-0.02352,0.48604
-0.4315,-0.17539
-0.62184,0.32779
0.0913,-0.72855
-0.94784,-0.06573
0.42811,0.36836
0.10984,0.12094
1.26496,0.11986
-1.12288,0.05954
0.26892,2.15383
-0.4619,0.83982
0.63596,0.90139
-0.99023,1.11729
-2.38955,-3.29903
1.00736,-0.02384
1.46375,0.61059
-1.16671,-0.41215
0.56488,0.11758
-1.33155,-0.34883
0.02616,-0.18446
-0.16906,-0.42772
0.74008,0.06618
1.44334,1.03421
-0.70719,-0.11201
-0.33625,-0.56194
-0.5654,0.61647
0.94012,-0.47032
-0.1452,0.49064
1.24069,1.27563
-0.82819,0.02154
0.11062,-0.14048
0.10615,0.26091
1.07288,0.31705
0.51771,0.75859
-0.33236,0.02252
1.33302,-0.79854
0.69331,0.4698
-0.78604,1.04848
-2.40423,0.71644
0.5626,0.4163
-1.30962,-0.54491
0.65202,0.67996
0.5627,1.46564
0.81719,0.0281
-0.11335,-1.10084
0.11713,-0.79212
-1.59354,-0.82042
1.79177,0.38912
0.49543,0.10987
-1.04248,0.52547
-1.33701,0.12656
1.53314,0.44746
0.37167,-0.88657
-0.20566,1.27411
-0.83167,-0.88515
1.98977,1.08281
0.85944,1.46508
-1.50157,0.19917
-0.24187,0.23307
-0.65057,0.94302
1.33175,-0.24353
-0.18079,-0.18307
-0.65399,0.16196
1.00508,0.06635
0.53141,0.1866
-1.03279,1.59389
0.48131,-0.27176
-0.04029,-0.33009
1.13766,-0.80413
-0.59218,-0.44457
-0.54141,0.45534
-0.22117,-0.08126
0.09579,-0.3939
-0.42958,0.27737
0.48931,-0.89625
-0.80231,-0.1775
1.07487,0.63219
1.12706,-0.75055
-0.04397,-0.5124
-0.05371,-0.52113
1.18644,0.60678
2.17857,-1.88022
-0.79001,-0.37078
-0.43929,-0.94349
-0.35407,-5.27799
0.61098,-0.38082
0.10614,0.25291
-0.01993,0.47387
1.59588,-0.18261
0.25557,-0.27804
-0.5073,0.73842
-0.59937,-0.57684
-0.49433,-1.02918
-0.61492,-0.23932
1.22716,-0.17756
-1.4579,-0.4493
-0.76135,0.09052
-0.99964,-1.02019
-2.31531,-0.23778
-1.02348,-0.63767
1.32365,-0.16768
-0.14442,-0.80058
-2.05257,0.54408
0.88984,-0.634
-0.4045,1.46933
0.6429,-0.66046
0.17206,0.15532
-2.24582,-0.088
-0.35913,-0.03372
0.31747,-0.23346
0.17575,0.98726
-0.36567,0.31783
-0.62442,-0.02707
-0.94803,-1.77162
-1.14777,1.08947
2.11058,-1.07433
4.1182,-0.67875
0.84313,-0.18655
-1.53475,0.57493
-1.16071,0.4404
0.07349,0.06993
-2.66092,-0.07063
-0.23976,0.26755
0.84945,-0.18456
0.26892,0.16075
0.35416,-0.1843
-1.17654,-0.93845
1.62914,0.31666
0.24695,-0.2631
-0.16001,0.65589
-0.70794,0.32783
0.8646,-0.46826
-0.25161,-0.6689
-0.19771,-0.00757
-0.26143,-0.40496
-0.42251,-0.90814
-1.95795,-1.10641
0.00268,-0.93879
0.69669,-0.31201
0.22979,-1.84635
1.21053,-1.19184
-1.6702,0.60318
-0.00795,-1.68654
-1.90032,-0.64404
-0.45188,-0.95711
-0.85873,0.48992
0.17102,0.42221
0.4328,-2.33689
0.30408,0.21077
-0.96096,-0.2714
1.53501,-0.50658
0.55761,0.46848
0.3111,0.6269
-0.62754,0.37532
-1.83626,0.13028
0.19467,-0.24615
0.12089,0.09654
-2.02579,0.61212
-0.94233,-1.48574
-0.45903,1.51995
0.01807,0.57686
-0.14366,-0.11049
-0.1821,-0.61802
-1.38269,1.00311
1.06922,-0.12995
-0.15101,-0.19336
-0.32598,0.10009
1.17202,-0.21659
0.91998,-1.06672
0.15311,2.08514
0.1672,0.25919
0.69537,1.01932
0.15115,-0.26737
0.04289,0.73962
-1.47621,-0.44667
-0.7723,0.85157
0.65978,0.62117
-0.39517,-0.21923
0.23148,1.24188
-1.1929,0.41166
1.00495,0.12624
-1.23804,0.62111
0.71349,-0.28281
0.05958,0.95903
1.58898,-0.11697
-0.42174,-3.79533
0.46203,5.83355
-1.02196,0.52231
0.19677,0.49576
1.32362,-0.54159
0.76505,-1.63589
0.03207,1.07491
-0.56055,-0.98049
1.32949,0.65704
-0.15298,-0.53919
-1.44638,-1.94143
-0.83268,-0.61172
0.62341,0.35074
0.72893,0.94125
-0.127,-0.216
1.5855,-0.92056
-0.65695,-1.28392
-0.27723,-1.01658
-0.47313,-1.75097
0.61512,-0.11551
-0.65014,0.80657
1.03086,0.40955
1.673,0.04013
-0.71714,1.05142
-1.46515,2.01002
-0.62811,2.19161
-0.55924,-0.15213
0.96763,0.62996
0.21466,-2.89999
-0.83387,1.41775
-0.62171,0.09092
1.29362,0.57241
0.9982,0.38452
-0.76978,-0.01487
0.18925,-0.83832
1.27172,0.74528
-0.16568,0.67257
-0.33934,-0.0948
-0.74994,-0.04091
-0.73903,0.80689
-0.04141,-0.23648
0.9176,0.93043
-0.40184,1.75658
0.64473,-2.16445
-0.44514,0.56471
0.51236,0.22221
0.39639,-0.36974
0.04646,-1.65515
-1.14492,1.30392
0.94545,1.91478
1.93363,-1.01323
1.05713,-0.32753
-1.76635,0.11307
0.00395,0.09397
0.47312,-0.44378
-1.76408,-1.65939
1.29558,-0.82165
0.8096,-1.09456
-0.04663,-0.47209
-0.83882,0.11413
-1.54798,0.01784
0.73951,-1.29361
-1.45265,-0.622
0.98883,-0.05605
-0.31501,-0.15088
-0.21473,0.82325
-0.64696,0.30466
-1.00278,0.10521
-0.4271,0.32967
-0.06591,-0.28864
-0.39808,-0.24899
0.02522,-0.17052
-0.1488,-0.05262
-1.10576,-0.41008
0.13355,0.70069
0.4134,-0.73892
-0.22137,-0.26201
-2.11459,-0.70053
1.57742,-0.04784
-0.88888,-0.05277
0.13588,0.16954
1.93677,-0.31573
0.15503,-2.03442
-0.19147,0.19544
0.65951,-0.34879
1.42713,-0.26528
1.44285,0.64806
0.25787,0.51941
-0.71896,0.53077
-0.01654,-0.21411
0.84525,-0.2773
-1.17046,0.3158
-0.12287,1.1264
-0.89069,-0.19541
0.12693,-0.3432
0.04652,0.5127
-0.52656,0.71734
0.31573,0.15988
-0.30629,-0.40288
-0.01574,0.60999
-1.85905,-0.07022
-1.55897,-2.44466
0.11164,-0.27341
-0.63188,0.3255
1.63763,3.76916
-0.66656,0.44355
-1.52519,0.11493
-1.11919,0.38768
-0.60633,0.01112
0.99564,0.2154
1.07127,0.75754
-0.46754,0.0042
1.02212,0.60779
2.08305,-1.08386
0.11943,0.05061
0.16889,0.23911
-0.43755,-0.19446
-1.08425,1.42626
-1.63409,-0.04349
-0.63021,-0.63574
0.28475,-0.02075
-0.29344,0.37618
-0.20911,-0.6821
-0.09711,1.00702
2.41451,0.0015
-0.8615,-0.0097
-0.60379,-0.50658
-0.03907,-0.34716
1.24602,-0.68658
-1.61074,-0.78369
0.12785,-0.18543
0.37498,-2.77246
-0.37247,0.99827
-0.82843,0.29391
-1.07979,0.38066
1.34393,-0.95731
-0.76097,-0.81482
0.91568,-0.72947
-1.29853,0.29024
-1.18937,0.06086
0.04261,4.13211
-0.04565,-0.17386
-0.63752,-0.58706
-1.58729,0.11339
0.27296,0.83962
0.14757,-1.05548
1.46312,-0.7935
1.04663,-0.17964
-0.7511,-0.14694
0.06413,-1.24875
0.8672,0.05201
1.68444,-0.31216
0.10774,-0.77896
-1.21192,-0.55751
0.1287,1.84131
-1.3874,2.87783
-0.4292,0.55588
-0.96145,0.65974
0.45796,0.1174
0.28356,-0.04083
-0.45949,-0.28426
-0.06432,3.76702
-0.43319,-0.32727
-0.94665,-0.71106
0.07229,-0.86918
-0.28931,0.65434
-0.40675,0.14989
-0.25577,1.0399
1.21268,0.87799
0.13327,1.17028
-1.98871,0.22153
-1.58043,-0.55728
-0.9171,0.97386
-1.10488,1.56113
0.32391,-0.50174
0.3935,0.73447
-0.47164,0.03439
0.94301,-0.29925
-1.00127,-0.19148
-0.0929,-0.46957
-0.07547,0.61133
-0.88474,-0.31356
0.68222,-0.45979
-0.86956,0.93261
0.82942,-0.39029
-0.21346,0.04628
-0.8866,1.41858
1.95453,1.00491
0.26583,-0.08577
-0.39683,-0.00287
-0.60239,0.71204
0.316,-0.19104
-0.45056,0.14938
-0.16079,1.61159
-0.99246,1.99388
0.52743,-0.19851
-0.87194,0.51706
-0.76663,-0.13214
2.2037,0.16331
1.27871,-0.99012
0.51948,0.45813
0.91663,-0.60016
1.02551,-0.70117
-0.60405,0.00343
1.77693,0.81274
0.87232,0.40403
0.66235,-0.91485
-1.99303,-1.23871
0.72424,2.88349
0.25252,0.27013
-0.13483,0.44111
0.46018,0.00697
0.32668,0.08458
0.31875,0.40155
-1.98624,-2.02571
-0.28438,0.73851
-0.37642,-0.92844
-0.268,-0.75254
0.57549,-2.82698
-0.88855,2.24591
-1.31393,-0.43588
0.27648,1.04012
-0.24397,-1.07341
0.82268,0.18868
0.78698,0.55169
1.2684,0.08402
-0.53303,-0.72041
-1.68588,0.45712
-0.09599,-1.10141
-0.0374,0.40402
0.83966,0.68464
-0.69221,0.07839
-1.15873,-0.19809
-0.4255,-0.11928
2.32267,0.01759
-1.10578,-0.15767
-0.24615,-0.58884
-2.35034,0.18906
0.77562,1.09968
-0.77698,0.26762
-0.46216,-0.77471
-0.34959,-0.74125
0.43099,2.95643
-0.73462,-0.25251
1.66218,-0.34013
-1.89363,0.27781
0.4894,0.3173
-0.99228,3.35924
-0.10418,0.36446
0.78382,-0.72916
-1.44388,0.86055
1.25402,0.12708
-1.93935,-0.71833
0.60894,-0.37669
0.42312,0.80559
-0.6743,-0.73076
-0.91591,0.8118
-0.08303,1.4928
0.69115,0.43193
0.96209,0.68284
1.06008,-0.05956
0.79429,1.50682
2.00302,-0.1428
0.28198,3.43436
0.49952,0.5199
2.47639,0.17777
0.51409,0.10329
0.53381,-0.46589
0.24771,-0.21743
-0.44844,0.41237
0.07462,-0.50538
0.78976,0.9132
0.59324,-0.26628
-0.56722,0.04861
1.33346,-0.20024
1.52704,-0.07538
1.01683,0.37046
-0.79841,0.01721
0.04636,-0.37526
-0.88262,-0.38511
-1.11852,0.17149
0.33513,-1.53929
0.93199,-0.17916
-0.56201,0.66409
0.45438,0.43037
-1.51154,3.71162
-0.51055,-0.05528
-1.7502,-1.09263
0.44387,-0.0969
0.93928,-1.19067
0.83791,0.35169
-0.71683,0.26205
-0.11677,-0.35761
-0.48706,0.46406
0.46379,-0.76687
0.19715,-0.33417
0.7235,0.06977
0.26053,-0.43927
0.91144,-0.41596
-0.18815,1.76143
-0.29807,-0.55264
-0.85098,-0.50969
-0.61533,0.0166
0.06092,0.17641
0.60656,0.41167
-0.24715,-1.111
-2.09006,0.03761
0.54748,0.16294
-1.15035,0.30072
-1.24316,-0.31606
0.03113,1.58445
-0.94817,-0.00932
-1.44868,-0.14848
0.34979,0.29416
-0.37419,-0.70774
-1.55056,-0.44034
-2.47677,-0.30201
0.00907,-0.1376
-0.1332,-0.11408
-0.96167,-1.31178
-0.91668,-0.48974
1.26288,-0.07035
-0.80124,2.60711
0.13852,0.21731
0.3517,-0.51299
-0.27311,0.23972
1.16319,0.35647
-0.33772,1.16214
-0.67695,0.35028
0.4156,0.60449
-0.11675,0.63066
-1.55712,-0.34577
2.28523,-0.1782
0.10993,-0.58507
-1.19642,0.06572
0.71113,0.3119
-1.73589,1.27785
-1.51993,-0.90979
-0.92276,0.71746
0.33547,0.78705
-0.8111,-0.35182
-0.69093,-0.16135
0.27743,0.25758
-0.20429,-0.42502
-0.10834,0.14627
1.01383,-0.65371
1.40757,-0.73048
-1.15171,0.09438
-0.83833,-1.12465
-1.13475,-1.12202
0.68126,0.1378
-0.58358,-0.37433
0.0836,-0.90484
-0.32862,-0.62417
0.10287,1.04802
0.72945,1.01809
1.08336,-0.96404
0.93379,0.22899
-0.0885,-0.78582
-0.51791,0.30801
-0.01048,0.34468
0.22719,-1.13615
-0.21627,-0.62381
0.93281,2.24549
1.13473,0.4709
0.23359,0.54349
1.08907,-0.3691
0.63796,0.67829
0.9051,0.14276
-2.30835,0.22342
0.5836,-1.11815
-0.18744,-0.23717
1.61888,0.09889
-0.72041,0.41817
1.5319,0.03667
-0.23376,-0.88353
-1.7647,-0.39441
-0.96231,-0.30075
-0.47827,2.02029
-0.5369,-0.16769
-1.65739,0.08973
0.5659,1.13778
-0.88659,-0.12527
-1.17722,-0.26352
0.12385,0.28331
-1.60113,0.45569
-1.23039,0.64984
0.15441,0.35608
1.55169,-0.75598
-2.23686,-0.3045
1.21693,-4.90905
0.22932,0.25676
0.58064,-0.14159
1.77369,1.32326
0.48993,1.32233
-0.6529,0.19632
-1.50841,-0.39527
-1.40358,0.19507
0.80278,-0.11954
0.82917,-0.48756
0.25521,-0.46113
-2.46714,-0.1582
-0.54255,0.1175
0.97882,-0.36014
-1.96616,0.14283
-0.36996,0.79356
1.13498,1.14015
0.5754,-0.0825
-0.49436,1.61849
-0.53702,-0.54783
0.71738,-0.40229
-1.67456,2.04974
-0.67581,-0.21371
0.9742,-0.75461
0.40612,0.04827
-0.83085,0.78674
-1.55123,-1.07686
1.25981,0.38475
0.24923,0.06539
-0.49551,-0.01946
1.23468,0.92409
1.49661,-0.62504
0.23541,0.06641
0.20099,-0.2693
-0.81097,1.5768
-1.75371,-0.42217
0.0069,-0.54243
-0.87733,-2.03311
-0.41905,0.56147
0.61534,0.11403
-1.70911,-0.07565
0.822,0.06929
-0.81097,0.49813
1.38875,0.42049
0.31516,-1.52916
0.37635,0.09803
0.80987,-1.29659
-1.82902,0.62993
0.98192,-0.41468
1.33445,-0.11367
-0.91921,1.77589
0.50583,0.44714
-0.73262,-0.91739
-0.86132,0.00857
0.68544,0.13798
0.65675,-0.02668
0.3519,1.44806
0.88789,-0.83839
0.37949,1.42984
0.88065,0.2733
-0.67932,0.36323
2.0386,0.06925
-0.69378,-0.10325
0.12575,0.75898
3.25798,0.10109
-0.90785,1.20867
-0.21605,-0.48728
1.11237,-0.58345
0.35355,0.31427
0.48154,0.01094
-1.90202,-1.13798
-0.71225,0.77592
-0.21137,-0.85597
0.72967,-0.0947
-1.30251,0.34587
0.65546,-0.13144
0.3505,-1.07923
-1.14355,0.14138
0.31704,-1.35004
1.94252,-0.42402
-0.79414,-1.5422
-0.36329,-1.13498
1.05578,0.66073
-2.30106,-1.33729
-0.45133,-0.29946
1.1064,0.22542
-0.80588,-0.23273
-0.78693,0.2874
-0.65196,0.57041
1.60246,0.10603
0.53482,2.22013
1.15406,-0.23546
-0.34241,-0.20419
-0.36024,-0.69599
0.42494,0.33948
-0.69204,0.33026
-0.45715,0.51386
-0.31273,-0.2461
0.24078,1.81769
-1.06758,0.12038
0.77276,1.60956
1.50094,-0.5038
0.00362,-1.75331
0.50693,0.29067
-0.5261,-0.14874
0.66304,-1.07662
0.55276,0.63469
-0.0509,-0.03574
0.31094,0.3241
0.31656,2.11707
-0.82632,-0.01134
-1.34517,2.49291
0.41704,-0.97022
1.02086,-0.21307
-0.37354,-0.85937
-0.43054,-0.58912
0.62539,0.42414
-0.85824,0.40289
-0.67709,0.28374
0.38187,1.94084
1.48955,0.3131
-1.90116,0.33955
-0.71635,-0.39118
0.25175,-0.98625
1.40589,-1.15493
2.42152,-0.27768
-0.62464,1.52046
-0.3093,-0.35786
-1.21037,-0.25593
1.24504,0.59775
0.35477,0.17436
-1.83032,-1.32736
-1.33186,-0.61898
-0.59086,1.56621
1.3416,0.116
-1.53782,0.56042
-0.24252,-0.59984
-0.66199,0.00912
-2.01972,1.30162
-0.65829,0.91294
-0.43806,0.30885
0.97309,0.10682
0.82767,0.51747
2.17001,0.46858
0.47968,0.47694
0.75427,-1.64918
-0.26204,-0.66417
1.29907,-0.07787
0.24512,0.37104
-1.15561,0.66993
-0.70309,-0.40731
-0.52852,-0.05062
-1.11532,-1.39563
0.08101,0.52299
0.57926,3.46602
0.1422,1.14151
-0.44125,0.42869
-0.04832,-0.2868
-0.40598,-0.43877
0.65931,0.77001
0.3083,0.54572
-1.28018,0.05313
-2.55951,0.25288
0.11042,0.54472
-1.20037,0.33656
-0.02182,-0.42252
0.11216,-0.50375
-0.4208,-0.0859
-0.30263,0.76422
-1.00233,-0.28801
-0.41636,0.16001
-1.53561,1.57215
0.54497,0.91969
-1.78394,-0.30506
0.48981,0.67474
0.03254,0.12392
-0.6212,-0.03428
0.10974,-0.47202
1.46974,-0.32055
-0.54706,-0.04571
2.2376,0.16349
-0.34714,-1.61863
-1.82416,0.29867
1.28675,0.7714
1.0544,0.38241
-1.49736,0.51663
1.27448,0.13858
-0.50014,-0.07352
-0.58197,-0.58102
0.03651,-0.45126
-0.53738,0.42626
-2.15109,-0.28043
-0.96897,0.23736
-0.63921,-0.85804
-0.271,0.62816
-1.1216,0.30399
-1.21541,-0.46383
-0.36157,-2.02048
-0.26848,0.13072
1.62228,-1.14445
1.54094,0.177
0.65209,-0.57663
0.44697,-1.56589
1.50618,0.55661
0.57075,-0.42952
1.0529,0.34996
-0.02725,0.70162
0.68725,0.05579
0.40586,0.88072
0.18718,-0.25749
0.35798,1.15461
0.47416,-0.74142
0.84324,-0.57743
0.01382,0.59167
-1.06898,-1.4162
-0.91859,-0.18727
-0.42653,-1.26097
1.21586,-0.46142
1.05402,-3.42847
0.3334,0.3493
1.29286,0.02559
-0.54414,-1.01625
0.66719,0.20823
-0.6681,-0.5909
0.04522,0.53047
1.02746,-0.12246
1.50337,1.73023
0.75475,-0.42847
0.22856,-0.33778
-0.68145,-2.30325
-1.22553,-0.09109
0.70224,-1.45818
-0.80166,0.07198
1.1426,9.19065
0.49417,-0.18262
0.54895,0.758
2.55774,0.11396
0.31533,-0.59586
-0.59208,-0.24034
-2.4277,-0.11772
1.63778,1.65365
-0.50207,0.31989
-1.20921,-0.08579
-0.02248,1.53651
0.61502,-0.1718
-0.229,0.82999
-1.11257,-3.18085
0.46041,-0.1966
-0.7923,0.02562
0.599,-0.16499
0.6164,-0.12336
1.03055,-0.31651
0.94589,0.06648
-1.70787,1.46109
-0.42816,-0.60375
-0.86873,0.44476
1.65255,-0.34321
-1.42738,-0.37566
-0.14656,0.61814
2.35134,0.63031
0.1135,-0.39534
-0.43928,0.30324
-2.15628,-0.19542
-0.17892,0.64933
0.38999,-0.4233
0.20994,0.86667
-1.20923,1.02803
-0.31571,1.29808
-0.23461,-0.85441
0.45393,0.19251
-0.04838,1.3726
-0.84417,-0.19846
1.17383,0.30784
0.21934,-0.66243
0.3406,-0.51193
0.45079,-0.92122
-0.66991,3.62398
0.31636,-0.07137
0.75212,-1.15622
1.78194,-0.97333
0.11938,-0.19808
-0.19367,-1.22859
-0.46305,0.00557
-1.14867,-0.63719
0.64535,-0.32527
-0.68622,1.20874
0.71903,0.38492
0.38866,0.57092
-0.30066,-0.15872
-1.04756,0.23198
-0.12583,-0.13944
-0.59837,0.18101
-0.74664,-0.64746
-0.2788,1.49822
0.12322,-0.23283
-1.46011,-0.19874
0.47878,0.08341
-0.63556,0.26404
-2.01555,0.56117
-1.44156,-0.02442
-0.22643,0.34976
-1.07727,-0.32232
-1.54155,-0.81801
-0.0574,0.43197
-1.64317,0.15409
-0.18741,-0.27132
0.10163,0.66265
0.07084,-1.60693
0.81261,-2.27565
-0.0553,-1.12302
0.84195,-0.76446
0.09914,-0.00964
0.93939,0.19177
-0.1134,0.5661
-0.44537,-0.46858
0.79902,-2.49934
0.66137,0.13103
-0.82643,-0.43441
1.38125,-0.36996
-2.15149,-0.27331
-0.68028,1.15481
-0.63669,-0.6339
1.28326,-0.42234
0.63854,0.28833
-1.1524,-0.14045
0.22739,0.67591
-0.22615,0.18735
0.49149,-0.59228
-0.00828,-0.50856
-0.58176,0.13593
0.49241,0.13128
0.236,-1.18049
0.25724,-1.38244
0.56103,0.05405
1.4368,-0.00386
-2.58257,0.08968
1.5102,-1.92817
0.22557,-0.31219
-0.49262,0.12274
0.35605,-0.19657
-1.29911,-0.21315
1.4311,0.61394
0.20613,-0.36751
-0.59864,-0.98884
0.48712,-0.51983
-0.148,-0.90778
-0.19017,0.2674
-0.51886,-0.94199
-0.26404,0.27864
-0.29591,-0.037
0.43663,-0.1517
0.73186,0.39816
-1.45706,-0.34708
0.875,0.28868
-0.62606,1.33167
-0.63335,-0.97832
-1.38763,-0.31056
-1.65051,1.01328
-1.38503,-0.69891
-0.64844,0.06341
-0.14374,0.58155
0.5163,-0.50016
0.06498,0.36939
0.39733,0.01597
-1.35724,-0.55059
0.03545,0.32363
-0.62829,-0.43778
0.44402,0.08291
0.3367,-0.54077
-1.48503,-0.20857
0.43881,0.31993
0.88244,-0.45718
0.34977,1.28528
-0.27946,-0.34968
0.84934,-0.61431
0.82534,-0.87096
0.44108,3.27198
-0.28069,-0.58005
0.57106,-0.16937
0.34974,-0.29597
-1.02938,0.01835
1.56581,0.07246
-2.05657,2.14069
0.86346,0.50252
1.6908,-0.96944
-0.15759,0.35044
0.27317,0.70356
-0.17282,2.94974
0.57442,0.62078
1.25764,0.21857
0.22658,1.23459
-0.60505,0.10568
0.24482,-0.15456
-1.60993,0.54344
1.88274,-0.47078
-0.98484,-1.68873
0.13763,-0.06829
-1.65361,-0.39309
-0.29341,-2.65224
-0.98839,-0.72743
0.09063,-0.75957
-0.78353,-0.40534
-0.82395,0.32627
-2.03413,-0.38506
-0.47595,-0.57288
-1.98142,-0.39537
0.00129,1.13166
-0.17499,-1.39556
1.18046,-1.27515
0.07949,-0.42521
0.85259,0.77169
-2.03777,0.4853
1.20871,0.69711
-0.61544,0.53643
1.20992,0.00554
-1.50869,0.72455
-1.00666,0.72464
0.21342,-0.50044
1.0467,1.51029
-0.4506,-0.14376
-0.83643,1.36749
-2.09199,-0.69654
0.63766,0.20534
-0.72361,-0.6029
0.00261,0.3047
0.0258,-0.22222
0.7696,0.8857
0.57661,-1.02018
-0.6305,1.29196
0.51908,0.49214
-1.34012,0.80348
0.18397,-0.15134
0.18424,-1.25665
1.08008,0.15627
0.01899,0.10532
1.22976,-1.47617
1.86524,-0.06054
1.54011,0.33102
0.02188,-0.06265
-1.15446,-2.23696
0.05119,-0.61534
-0.39033,-0.73926
0.08119,-0.86897
-0.29784,-1.67125
1.69122,0.51685
-0.12292,-0.53424
0.1244,0.55681
0.73137,-0.66025
-1.09663,-0.83687
0.85417,-0.39117
0.81759,0.37119
1.22123,-0.82823
0.46732,0.32274
-0.14386,0.40251
-1.63222,1.1126
-0.17182,-0.013
0.31763,-0.41412
-0.98786,3.71554
1.28011,0.95911
0.16866,0.24134
0.99306,0.13282
1.62249,0.26582
-0.1615,0.3543
-0.5419,0.1035
-0.5609,-0.60373
0.51743,-0.42131
0.68097,-0.42812
1.16802,-0.51362
1.06807,0.72444
-0.89816,0.16389
-1.01172,0.42432
1.31032,-0.15368
1.17941,0.2318
-0.0172,-0.16262
0.98683,-2.52536
-0.60383,0.48608
-0.08764,-0.67202
0.21391,0.38057
0.1904,0.11591
1.46089,-0.36516
0.20598,0.58159
0.45545,0.43991
-0.02425,0.33365
1.4129,1.12094
-0.55342,1.29776
-0.12877,0.27193
0.01332,-0.31644
0.14365,-0.39158
-1.22911,0.10156
-1.1301,0.55557
0.00124,-0.44719
0.57118,0.25942
-0.0548,-0.05729
0.73513,0.16598
-0.6083,-0.08391
1.88015,-0.05252
-1.13953,-1.33102
-1.97801,-0.01793
1.69325,0.30901
2.19122,0.48737
-0.92812,2.46369
-0.66141,-1.1303
1.02247,0.12747
-0.8175,2.29943
-0.66982,0.2071
-1.60882,0.59317
-0.41314,-0.13983
-1.12665,0.01181
0.07344,0.14122
0.39999,-3.55634
-1.01584,-0.04471
-0.19462,1.20555
-0.12066,0.17097
-0.19688,0.8467
-0.51109,1.89753
0.49222,-4.04511
1.08628,-0.24355
-0.36774,0.50624
1.42094,0.43809
1.71869,-0.8407
-0.50342,0.75455
2.16633,-0.29797
-1.2723,-4.04987
-0.43487,0.62918
0.68949,-0.44587
1.51858,-0.79661
-0.6369,0.81587
1.05802,2.6322
-0.2998,-0.34917
-0.31004,1.35728
-1.43143,-0.61813
0.10094,-0.83983
-0.08523,-0.1129
0.06871,0.04103
0.91194,-0.64113
-0.77862,-0.35139
-1.6502,-0.09464
-1.23077,1.36254
-1.00061,-1.13347
1.08931,0.04007
-0.50405,1.49432
0.16159,0.04822
2.33409,-0.99582
-1.02982,-0.61649
-0.36484,-0.09311
-0.543,-0.20542
0.32364,-0.08273
-0.74315,0.13157
-1.77179,0.32684
-0.20782,-0.62818
-2.31311,-4.03916
-1.28578,0.58323
-0.62259,0.72132
1.08883,0.2232
0.5776,-0.32369
-1.80091,0.02191
0.74238,0.33964
0.57298,-0.51537
0.45348,-0.20878
0.5054,-0.87974
-1.58679,0.45156
0.20378,-0.62574
-1.41279,0.62986
-0.46612,1.46379
-0.87149,-1.13525
-0.89168,0.17557
-1.13738,1.19494
0.59549,0.48541
0.08938,0.09173
0.11494,-0.32364
1.2511,0.60936
-0.02205,-0.53226
0.25201,0.53731
-0.23566,0.15027
-1.4447,0.03624
0.39987,-0.03234
0.04441,0.21191
-1.4602,0.15482
-2.36173,0.67738
0.40938,1.30662
-0.97077,-0.2356
0.20185,-0.25756
0.95335,-0.32881
-0.55275,1.14684
0.932,-0.71616
-0.49869,0.5676
-0.17876,-1.62074
0.85942,0.41212
0.09415,0.3083
-1.00509,1.14494
-0.35613,3.43391
0.51832,-0.7559
-0.44301,-0.14258
-0.14753,0.77662
-0.18202,1.70449
0.56264,0.54451
-0.13631,-0.11649
0.59645,-0.71248
0.65908,-1.62656
-0.40201,0.35697
-0.91146,0.55476
0.36102,-0.13978
-1.15196,0.66264
0.11159,-0.07344
-0.83349,0.47476
0.09075,0.35938
1.83602,0.42317
0.32813,-1.42858
0.24876,0.91402
-0.45024,2.47534
1.5833,-2.53145
0.41236,-0.43383
-0.23098,-1.1111
0.91256,-0.47654
-1.37079,1.46758
0.40936,0.01534
-0.0657,0.12586
-1.59961,0.26741
0.19903,-1.78171
-1.5453,-0.64377
-0.75128,-0.59456
-0.79189,0.97451
-0.6391,-1.06255
0.02749,-1.14958
-0.89935,0.0624
-1.43222,-0.20293
1.53404,0.52786
0.95549,0.10382
0.18831,-1.33366
0.68061,-1.00148
2.42452,1.22129
-0.26726,0.55707
-0.00048,0.04101
-0.69885,-0.06596
-0.99056,0.06467
-0.1995,0.03501
0.19553,0.15373
0.20728,0.50623
0.70315,-1.0867
1.5435,0.20362
-0.63051,0.87934
-0.35701,0.31742
1.62654,0.06953
1.24134,2.17142
-0.92122,0.09241
0.27042,0.54683
-0.33026,-5.1452
-0.91221,-0.64646
0.13459,0.60922
-0.00945,0.0371
-0.18521,0.77795
0.76677,0.86028
1.26713,0.57062
-0.97155,0.33353
1.02085,0.86165
0.74748,0.51427
0.49939,0.42102
-0.24838,-0.65789
-1.44887,-0.30167
-0.91344,0.37882
0.91194,0.07352
-2.34396,-0.69036
0.10203,-0.49736
-0.47715,0.65938
-0.25262,0.43493
0.11797,-1.06044
-0.95429,-0.38354
0.10546,-0.02196
1.46208,-0.89418
1.38599,-0.005
-1.0022,-0.03244
-1.49177,-1.32286
2.07894,0.1435
0.94039,0.24635
0.57154,-0.17506
-0.50286,-0.16652
0.9095,0.45714
-0.16206,0.10118
0.25396,-0.15664
0.08679,-0.55617
0.95141,-2.21663
1.19835,0.37392
0.85279,0.44524
-1.12021,0.27363
1.03757,-0.47842
-0.87015,-1.85978
0.21156,0.31544
-0.73769,-0.64444
0.35851,0.10016
-0.28627,0.29666
1.22424,0.16119
-0.4356,0.64862
-0.82378,-0.46737
-1.64104,0.82681
-1.33686,1.33838
-0.82749,-0.39003
-1.5668,0.03326
-1.74357,-0.0441
-0.98468,-0.63683
-0.18972,0.49008
-0.48255,-1.27768
1.00729,-1.88081
-1.39946,-0.55578
1.61843,-0.84314
-0.84689,-1.1477
-1.44813,0.14547
0.34352,0.52515
-0.10163,-0.20913
-0.75834,-0.68041
-1.53789,-1.01428
1.11625,0.50895
-0.27211,-0.99089
1.35817,0.7131
-0.12687,0.22374
0.81403,-0.41514
-0.50002,1.43877
0.2879,0.25336
0.14095,-0.50169
-0.09403,0.82872
-0.67655,0.98379
-2.0477,0.19093
-0.28524,-0.53147
0.82639,-0.49133
0.55544,0.19879
-0.49456,-0.16343
-0.11195,1.3036
-0.85026,0.14236
-0.77436,-0.61064
1.20275,0.59388
-1.16852,2.51502
-0.11681,0.43988
-0.18878,0.3651
1.82135,-0.82382
-0.9385,-0.29622
-0.39829,0.92118
0.22186,1.72218
0.22393,-0.26237
0.85957,0.9889
-1.20437,-0.48398
-0.84342,0.70913
1.70034,0.60942
-0.48027,-0.02239
-0.26849,-0.67476
0.75029,0.13156
0.0635,0.62048
1.60491,-0.77259
-1.31778,-0.2154
-0.09557,0.97735
-0.94817,5.65947
0.31092,-2.83269
1.14235,-0.2082
1.25563,-0.09707
-0.0821,0.49358
-0.80198,0.71214
-0.55227,1.14603
-1.43139,0.05979
-1.70798,0.48659
1.71166,0.51427
0.14626,-0.83909
0.30709,2.29279
-0.69469,-0.7335
0.73195,-2.99903
1.44876,-3.81778
2.06131,-0.08168
0.42644,-0.26467
-0.13508,0.0935
-0.50493,-0.03166
-0.80089,0.92427
-2.39649,0.0843
1.65029,0.07194
-1.4558,0.01369
2.13722,0.20107
-0.12439,-0.69225
-0.47984,1.24527
1.18794,1.43259
-0.14545,0.19819
1.36151,0.51021
2.07183,-0.46073
0.08959,-0.26176
-0.19753,0.07557
-1.00527,0.43234
0.85864,0.58271
-0.19007,2.13141
-0.55855,0.37547
0.52591,0.8454
0.54645,-0.0389
-0.21935,-0.60056
0.00604,-0.41518
1.41473,1.08428
1.16574,-0.25087
1.70818,-0.43605
0.58915,-0.48587
-0.01106,2.44468
1.74137,-0.14928
0.29891,0.33323
-1.75899,-0.28953
0.14701,0.52393
0.37732,-0.24895
0.83363,-0.35823
1.82795,-0.09986
0.33831,-0.00179
1.34144,-0.0629
0.40952,0.20666
0.77167,-0.87995
-0.79246,1.84927
0.06908,-0.31178
1.79815,0.7383
-0.76492,5.3052
-0.50283,0.00653
-0.08026,-0.28529
-0.52434,0.13337
0.17349,0.37087
2.1002,-0.37609
-0.14348,0.63845
0.22358,-1.50364
0.70309,-0.26244
-1.6049,0.42101
-0.54278,-1.04744
-1.24712,0.17059
-1.68881,-0.24228
0.94478,0.43601
1.84579,1.88876
-0.13195,-1.74872
0.96564,0.367
1.11942,-0.2114
0.64925,0.51049
1.30829,1.25421
0.01249,1.41716
-0.03046,-0.33958
-0.72304,-3.47991
1.04471,0.44818
-1.32282,0.06248
0.8622,0.19525
0.92487,-0.22409
-0.2644,0.28993
-1.09851,0.70615
-0.17582,-0.27007
-0.39939,-0.16807
1.17923,-1.42952
0.70664,-0.08859
-1.3783,1.61556
-1.20084,-0.1687
-1.04997,-0.2239
-0.76399,-0.75327
-0.94711,-0.78782
0.05983,-0.15702
1.64126,0.41408
1.10985,-0.64072
-0.20397,-0.3117
-0.05975,-1.12138
0.52181,0.71501
0.7483,0.19323
-0.5273,0.12498
-2.73922,-0.35999
-0.66176,2.12977
0.39237,0.30757
0.57997,0.00663
0.03531,0.24826
-0.50211,3.00633
-0.86016,0.08711
-0.89213,0.79555
0.01463,0.75222
0.42686,-0.04363
-0.04248,-0.63962
-1.50019,-0.45713
0.57227,-0.46839
-1.35431,-0.22044
1.17859,0.51589
-0.50276,0.58081
-1.90613,-0.40289
-0.83995,0.81287
0.22748,1.55853
1.36812,-0.68989
0.01792,-0.66169
0.25941,3.56748
0.86094,1.04465
-0.43802,0.87644
-0.30389,0.84555
0.41811,-0.17668
-0.42343,1.01715
-0.73818,-0.47519
0.61833,1.17875
0.17799,1.19701
0.4667,-0.07473
0.36998,0.27544
-0.1249,0.17909
0.1633,-0.14753
-0.22278,-0.58017
-1.06753,-1.22672
0.54117,0.73963
-1.00656,-0.23277
-1.25902,-0.56227
0.06467,0.65229
-0.67548,0.43965
-0.49536,0.9026
1.22714,0.20466
-0.52079,1.5028
-0.93315,1.03569
-0.33644,0.14858
0.1205,-0.65121
1.01051,0.2122
0.14835,0.05434
0.02309,0.74588
0.39708,-1.19585
-0.68149,0.79898
0.18553,-0.2842
0.76671,0.09155
-0.33621,-0.90993
-0.20553,0.07105
0.79347,-0.24714
0.10451,-0.50208
0.26198,-0.73749
1.44497,-0.6837
-0.12,-0.358
-0.28648,1.70944
0.53757,-0.31352
0.55113,-0.11892
-0.6729,0.16818
-0.3661,-0.29421
0.13556,0.67848
0.90215,-1.14198
0.22536,-0.69701
2.14704,0.16294
-1.88837,0.50578
0.42404,3.2494
-1.67653,-0.57231
0.73471,-0.49019
-1.10496,0.25773
0.5569,-0.60598
0.94823,-1.00566
1.03785,0.34828
-0.76187,-0.44174
-0.60073,-0.28292
-0.85016,-0.44685
0.32648,0.1595
-2.16314,0.33808
0.62404,0.40506
0.98472,-0.75372
0.83271,1.41448
-0.70558,-0.63121
0.19802,0.03507
-0.00597,0.35858
0.35052,-0.72575
1.8904,0.17855
-1.18424,2.4858
1.61019,-0.50349
-0.54012,0.34177
0.96239,-0.28046
-0.3786,1.35361
-0.05213,0.17284
1.24078,0.55246
-2.00908,-0.50551
-0.55517,0.73165
-0.55514,0.56437
-1.25296,-0.44354
-0.76664,-0.17872
1.39709,-0.28113
0.09456,0.51891
0.08256,-0.62771
1.8741,0.18471
0.47389,0.62314
-0.55365,0.49802
-0.1855,0.59182
0.72568,0.10202
0.75848,0.14794
1.50877,-0.55575
0.99253,0.85034
0.75373,-0.08753
-0.82379,-0.44218
0.61322,-1.12211
1.10055,0.54203
-1.12823,0.44517
0.81744,0.55983
-1.93068,-1.14971
0.21708,0.31516
-2.58926,-0.74697
-0.32901,0.10771
1.62329,-0.07331
0.35269,-3.06509
-0.9015,0.19959
-0.86891,-0.30285
0.89122,0.34031
-0.58277,0.22494
-1.25381,-0.30512
0.75189,-0.27614
-1.48938,0.30866
-0.96418,1.35202
-1.01074,-0.27778
-0.65555,0.4122
1.55989,-0.62851
-0.67758,-1.38031
0.72166,-1.35878
-1.36733,-0.17221
-1.25186,0.46341
1.53273,-0.68494
0.82673,-0.27355
0.58147,0.30821
-0.97116,0.33209
0.1589,0.16206
1.38502,0.92696
0.10104,-0.40523
1.19129,0.95967
-0.12259,0.66455
0.45138,-1.12343
1.62549,0.30377
-0.84557,-0.63488
0.83232,0.75021
1.32162,1.38001
0.56038,1.05395
-0.22176,0.02815
0.87379,1.45259
-0.25538,-0.35639
-0.6139,-0.88217
0.47892,1.7452
-2.58248,-0.24174
0.18014,0.32058
0.66458,-0.97918
-1.87246,-0.11211
1.5186,-0.26045
-0.94325,0.35716
1.87636,0.59862
-1.6005,1.2445
0.29695,1.61652
0.17375,1.43085
1.85456,0.33565
-1.48378,-0.86132
-0.69813,0.14796
2.10153,-3.3232
1.06736,-0.21571
1.06988,0.44395
-0.78954,0.8864
-1.36818,0.62314
-1.84728,0.01371
0.95516,-0.34535
0.96516,-0.46927
1.01932,0.13788
-1.49959,0.29929
1.36449,-0.89603
0.8767,-0.5101
-0.16112,-0.5501
-0.25401,1.75395
1.52167,0.60544
1.96241,-0.18508
-0.52611,-0.41181
0.63215,-0.4405
-0.1827,0.3438
-0.53981,-0.22165
0.4441,0.09712
-0.21653,1.16951
-0.82396,-0.00414
0.5193,1.43664
-0.15689,-0.39515
0.51992,-0.25681
1.11916,-1.97442
0.19182,-0.22044
-0.21634,0.62355
-0.38731,2.09278
-0.00509,-0.32316
-0.42737,-0.32834
0.7716,0.25649
-0.81279,-0.44806
-0.32985,-0.66582
0.64018,-1.71885
-1.89059,0.69025
-0.43516,1.0417
-0.49964,-1.69434
2.20799,-0.01114
0.94681,0.36558
-2.52284,-0.15061
0.66521,-0.04162
-0.9801,0.29713
-0.16419,1.23282
-0.22162,0.84806
0.54665,-3.79157
1.17876,-1.06466
-1.2548,0.41869
0.63226,1.58866
-0.75916,-1.04916
-0.68879,0.49856
0.38609,-0.26268
1.10524,-0.22731
1.12208,0.70952
1.89937,-0.65503
0.28424,0.29629
-1.25717,-1.42233
-2.40172,0.05344
0.56425,-0.27949
-0.54762,-0.11205
-0.14992,0.28669
0.6689,0.3454
2.2295,0.55478
0.83639,-0.39474
1.13279,-0.11333
-0.22966,-0.43242
-0.37146,0.52566
2.42695,-0.30286
-0.08146,0.36465
0.179,-0.24369
-1.27155,-1.37196
0.15378,-0.6858
1.41606,-0.22612
0.03019,3.05577
-1.34148,-0.56098
-1.33358,-0.06234
-0.37686,0.66672
2.40435,-0.30851
-1.31843,-0.50916
0.79592,0.02297
-1.29339,0.11389
-1.62944,0.65055
-1.28156,-0.12125
0.37805,0.15734
-0.76548,0.5449
-1.63932,-1.10324
0.92945,0.11383
0.34769,-0.17911
3.10503,-0.85541
-1.29058,2.12707
2.07621,-0.57736
-1.14875,0.67005
-0.6061,0.4867
0.78116,-2.28759
-1.98161,-0.89638
1.7341,-1.28338
-1.10281,1.92378
-1.30508,1.77997
-0.41078,0.44334
1.60545,-0.03185
-0.79786,-0.19441
0.27788,0.43553
1.25363,0.50945
-2.01149,-0.02727
1.07323,0.82281
0.09106,1.84027
-0.12618,0.66923
1.29992,1.11083
0.74957,-0.97404
-0.01359,0.62415
-1.48632,-0.39531
0.86662,-0.12363
-0.24989,0.96809
0.73728,-0.56487
0.06332,-1.56889
0.83498,-0.30584
-0.82629,0.18649
-0.30613,0.11917
-0.29474,0.5851
-0.10027,-0.54766
0.16173,0.3961
-0.27565,0.0929
1.28885,-0.92228
0.09778,-1.64357
0.00492,0.04964
-0.80777,0.61191
0.94539,-0.42367
0.7699,-0.78634
0.96223,0.73856
2.25769,-1.13152
-0.70626,-1.56242
0.18992,0.81875
0.08694,-0.61056
-1.05934,-1.78647
1.11911,-0.01149
-0.89279,0.50395
-0.50858,0.02283
0.67969,1.45184
0.46102,-0.76183
-1.30707,-0.05005
0.10459,1.01768
-1.5347,0.01806
1.16498,0.76026
0.64923,-0.07685
-1.30568,0.74131
-0.98402,-0.68629
-1.7086,-0.88585
-0.1035,0.02786
-1.36397,-0.54123
0.34253,0.7038
-0.31986,-0.10338
-0.32432,-0.16612
-0.11394,-0.08034
0.22405,-0.19021
-0.52585,0.19462
0.19523,0.51952
-1.01341,0.02153
0.11929,-0.42827
