person_age,person_gender,person_education,person_income,person_emp_exp,person_home_ownership,loan_amnt,loan_intent,loan_int_rate,loan_percent_income,cb_person_cred_hist_length,credit_score,previous_loan_defaults_on_file,loan_status
25,female,High School,117218.0,5,MORTGAGE,9404.0,VENTURE,7.06,0.08,3,584,Yes,0
44,female,High School,75398.0,23,RENT,11000.0,DEBTCONSOLIDATION,8.07,0.15,16,639,No,0
32,male,Associate,188986.0,8,MORTGAGE,7215.0,PERSONAL,7.69,0.04,7,564,Yes,0
24,female,High School,35604.0,4,RENT,2500.0,DEBTCONSOLIDATION,11.36,0.07,4,617,No,0
43,male,Master,171866.0,20,MORTGAGE,20000.0,MEDICAL,11.49,0.12,15,670,No,0
27,female,Associate,67684.0,4,RENT,3600.0,PERSONAL,11.11,0.05,7,614,No,0
22,male,High School,79210.0,0,MORTGAGE,5000.0,EDUCATION,9.37,0.06,4,592,No,0
28,female,High School,169315.0,6,MORTGAGE,18000.0,HOMEIMPROVEMENT,14.65,0.11,7,523,Yes,0
35,male,High School,36450.0,11,RENT,6150.0,VENTURE,12.21,0.17,5,615,Yes,0
23,male,Bachelor,99197.0,1,RENT,20900.0,PERSONAL,12.69,0.21,2,638,No,0
25,female,High School,47222.0,1,RENT,5525.0,MEDICAL,8.73,0.12,4,678,Yes,0
27,female,Associate,33443.0,7,RENT,3000.0,DEBTCONSOLIDATION,5.79,0.09,10,564,Yes,0
25,female,Bachelor,45608.0,3,RENT,2800.0,HOMEIMPROVEMENT,16.29,0.06,3,628,No,1
27,male,Associate,90660.0,0,MORTGAGE,8500.0,EDUCATION,17.16,0.09,5,557,Yes,0
25,male,High School,40510.0,2,RENT,7500.0,PERSONAL,12.85,0.19,5,504,Yes,0
27,male,Associate,59418.0,7,MORTGAGE,8500.0,MEDICAL,10.59,0.14,6,661,No,0
31,male,High School,84931.0,11,MORTGAGE,5000.0,PERSONAL,11.71,0.06,6,642,Yes,0
21,male,High School,65526.0,0,MORTGAGE,2700.0,PERSONAL,14.72,0.04,4,678,Yes,0
27,female,Master,34214.0,3,RENT,7000.0,EDUCATION,10.95,0.2,6,633,Yes,0
28,female,Associate,312736.0,6,MORTGAGE,27136.0,PERSONAL,11.73,0.09,4,566,Yes,0
24,female,Bachelor,85260.0,0,MORTGAGE,9000.0,EDUCATION,11.83,0.11,3,707,No,0
34,female,Master,108726.0,13,MORTGAGE,15000.0,VENTURE,6.99,0.14,6,598,No,0
32,female,Associate,54463.0,11,OWN,15000.0,HOMEIMPROVEMENT,7.51,0.28,5,682,No,0
24,male,High School,48384.0,2,RENT,4772.0,EDUCATION,12.26,0.1,4,547,No,1
29,male,Bachelor,181234.0,3,MORTGAGE,10000.0,MEDICAL,13.49,0.06,10,638,No,0
24,male,Bachelor,100469.0,1,MORTGAGE,5775.0,VENTURE,9.99,0.06,4,617,Yes,0
37,male,Bachelor,51934.0,14,MORTGAGE,8330.0,PERSONAL,12.17,0.16,14,507,Yes,0
26,male,Bachelor,145009.0,1,MORTGAGE,20000.0,HOMEIMPROVEMENT,13.79,0.14,4,717,Yes,0
22,female,Associate,58772.0,0,MORTGAGE,5000.0,MEDICAL,6.03,0.09,4,682,No,0
28,male,Associate,50741.0,8,OWN,13000.0,VENTURE,11.58,0.26,9,656,No,0
24,male,Master,31889.0,3,RENT,6000.0,DEBTCONSOLIDATION,7.71,0.19,4,682,No,0
22,male,Master,78714.0,0,MORTGAGE,12800.0,EDUCATION,5.99,0.16,4,624,Yes,0
28,female,High School,51488.0,7,OWN,12000.0,PERSONAL,11.86,0.23,6,655,No,0
28,male,High School,108832.0,6,MORTGAGE,12000.0,EDUCATION,8.15,0.11,8,548,No,0
25,female,Associate,40937.0,3,MORTGAGE,7125.0,MEDICAL,7.51,0.17,3,655,No,0
27,female,High School,191938.0,3,MORTGAGE,15000.0,PERSONAL,11.61,0.08,7,490,Yes,0
27,male,High School,52160.0,4,RENT,3764.0,DEBTCONSOLIDATION,11.71,0.07,5,644,No,1
25,male,Bachelor,65451.0,1,MORTGAGE,6000.0,EDUCATION,8.25,0.09,2,686,No,0
23,female,Associate,36725.0,2,RENT,8400.0,MEDICAL,14.65,0.23,3,651,No,0
25,male,Bachelor,39552.0,1,MORTGAGE,15000.0,PERSONAL,11.11,0.38,4,645,Yes,0
30,male,Master,84819.0,7,MORTGAGE,11250.0,PERSONAL,12.21,0.13,10,623,Yes,0
35,male,Associate,87524.0,12,MORTGAGE,12913.0,HOMEIMPROVEMENT,6.43,0.15,10,678,No,0
34,female,Master,118676.0,13,OWN,16000.0,EDUCATION,10.99,0.13,5,660,Yes,0
24,male,Associate,29992.0,0,RENT,5600.0,MEDICAL,12.73,0.19,4,627,Yes,0
30,female,Associate,29871.0,6,OWN,2500.0,VENTURE,7.29,0.08,6,522,Yes,0
35,male,High School,62156.0,11,RENT,5000.0,EDUCATION,12.98,0.08,10,631,No,0
27,female,Master,106464.0,8,MORTGAGE,20000.0,DEBTCONSOLIDATION,12.84,0.19,10,720,No,0
27,male,Master,80173.0,4,MORTGAGE,2885.0,VENTURE,7.33,0.04,3,712,Yes,0
22,male,High School,43269.0,0,RENT,8000.0,EDUCATION,7.29,0.18,2,616,No,0
28,male,Bachelor,77552.0,8,RENT,10000.0,HOMEIMPROVEMENT,11.72,0.13,6,646,Yes,0
54,female,Associate,35824.0,31,MORTGAGE,2500.0,PERSONAL,11.71,0.07,28,626,Yes,0
30,female,Bachelor,66405.0,8,RENT,25000.0,HOMEIMPROVEMENT,15.65,0.38,7,633,No,1
24,male,Master,71342.0,5,RENT,6300.0,MEDICAL,14.91,0.09,2,658,No,1
28,female,High School,234419.0,2,MORTGAGE,17936.0,MEDICAL,13.77,0.08,7,621,No,1
24,female,Associate,47471.0,4,MORTGAGE,15000.0,MEDICAL,15.23,0.32,2,635,Yes,0
28,male,Bachelor,248616.0,2,RENT,24000.0,HOMEIMPROVEMENT,11.01,0.1,10,563,Yes,0
24,male,High School,97044.0,1,MORTGAGE,5000.0,VENTURE,15.62,0.05,2,628,Yes,0
22,male,Associate,58493.0,0,MORTGAGE,9925.0,EDUCATION,9.63,0.17,2,683,Yes,0
27,female,High School,53035.0,4,MORTGAGE,10800.0,EDUCATION,10.99,0.2,6,688,Yes,0
25,male,High School,127063.0,3,MORTGAGE,4800.0,VENTURE,15.23,0.04,2,664,Yes,0
42,male,High School,135412.0,18,MORTGAGE,25000.0,PERSONAL,12.76,0.18,16,648,No,0
26,male,Bachelor,55096.0,2,RENT,6000.0,MEDICAL,7.49,0.11,3,639,Yes,0
23,female,Associate,109002.0,0,RENT,8000.0,EDUCATION,9.91,0.07,3,662,Yes,0
27,male,Associate,180868.0,3,MORTGAGE,18000.0,HOMEIMPROVEMENT,11.01,0.1,7,653,No,0
22,male,Associate,52556.0,0,RENT,13000.0,EDUCATION,12.87,0.25,4,644,No,0
24,male,Associate,67317.0,2,MORTGAGE,5500.0,HOMEIMPROVEMENT,8.59,0.08,4,615,Yes,0
26,female,Bachelor,37310.0,7,RENT,5000.0,MEDICAL,11.92,0.13,5,584,No,0
39,male,Bachelor,52739.0,17,MORTGAGE,6250.0,HOMEIMPROVEMENT,7.68,0.12,14,597,No,0
25,male,Bachelor,60425.0,3,RENT,12000.0,MEDICAL,7.14,0.2,3,593,No,0
22,male,Associate,90791.0,2,RENT,5000.0,EDUCATION,11.49,0.06,4,583,No,0
31,female,High School,48742.0,11,RENT,2000.0,MEDICAL,10.37,0.04,7,650,Yes,0
29,female,High School,145237.0,6,MORTGAGE,12000.0,VENTURE,10.65,0.08,9,635,Yes,0
34,male,Associate,76061.0,9,MORTGAGE,15000.0,DEBTCONSOLIDATION,10.99,0.2,9,690,Yes,0
26,female,Master,68070.0,2,RENT,5000.0,PERSONAL,7.91,0.07,2,653,Yes,0
40,male,Associate,18212.0,14,RENT,1000.0,MEDICAL,9.25,0.05,11,634,Yes,0
29,male,Associate,37179.0,11,MORTGAGE,5000.0,HOMEIMPROVEMENT,7.51,0.13,8,700,Yes,0
36,male,Associate,77693.0,7,MORTGAGE,4891.0,PERSONAL,12.1,0.06,11,631,No,1
25,female,Bachelor,42909.0,4,RENT,4000.0,MEDICAL,15.7,0.09,4,703,No,1
35,female,Bachelor,106523.0,12,RENT,6000.0,PERSONAL,15.37,0.06,8,610,No,0
41,male,Associate,38380.0,19,RENT,8000.0,VENTURE,10.38,0.21,17,691,No,0
24,female,Associate,50397.0,1,OWN,9200.0,VENTURE,12.42,0.18,2,592,No,0
25,female,Associate,23029.0,0,RENT,2000.0,DEBTCONSOLIDATION,7.51,0.09,4,685,No,1
24,male,Bachelor,39776.0,0,RENT,7000.0,MEDICAL,13.98,0.18,2,574,Yes,0
27,female,Bachelor,49054.0,2,RENT,6000.0,DEBTCONSOLIDATION,11.02,0.12,9,625,Yes,0
29,female,Associate,90277.0,6,OWN,8725.0,EDUCATION,5.99,0.1,5,645,No,0
27,male,High School,144731.0,7,MORTGAGE,25000.0,HOMEIMPROVEMENT,16.07,0.17,10,650,Yes,0
35,female,High School,97051.0,17,RENT,10000.0,EDUCATION,7.51,0.1,10,653,Yes,0
23,female,Associate,60911.0,0,RENT,5297.0,EDUCATION,13.99,0.09,3,537,Yes,0
46,male,High School,81395.0,27,MORTGAGE,24028.0,EDUCATION,11.1,0.3,12,617,Yes,0
24,male,High School,49349.0,3,MORTGAGE,5000.0,EDUCATION,14.82,0.1,3,617,Yes,0
31,female,Bachelor,33846.0,6,OWN,3000.0,EDUCATION,11.49,0.09,9,678,Yes,0
24,male,Master,139046.0,5,RENT,5000.0,HOMEIMPROVEMENT,8.9,0.04,3,625,Yes,0
25,female,Bachelor,103165.0,3,MORTGAGE,24000.0,DEBTCONSOLIDATION,10.99,0.23,4,716,Yes,0
23,female,Bachelor,79086.0,3,MORTGAGE,15000.0,EDUCATION,14.5,0.19,4,561,No,0
24,female,Master,68911.0,0,RENT,5565.0,EDUCATION,11.83,0.08,3,649,No,0
25,male,Bachelor,55384.0,2,MORTGAGE,13000.0,EDUCATION,12.99,0.23,2,689,No,0
26,female,High School,69094.0,1,RENT,10000.0,EDUCATION,13.88,0.14,4,636,Yes,0
22,male,Master,61258.0,0,OWN,16000.0,VENTURE,9.45,0.26,4,661,No,0
25,male,Master,38265.0,3,RENT,1800.0,DEBTCONSOLIDATION,8.32,0.05,2,657,No,0
27,male,Associate,143310.0,1,MORTGAGE,15000.0,DEBTCONSOLIDATION,6.91,0.1,9,652,Yes,0
38,male,Master,118520.0,16,MORTGAGE,12000.0,MEDICAL,10.37,0.1,17,669,No,0
27,male,Bachelor,121020.0,7,MORTGAGE,15000.0,MEDICAL,13.88,0.12,5,642,Yes,0
24,female,High School,58575.0,0,MORTGAGE,12000.0,MEDICAL,7.29,0.2,3,625,Yes,0
23,male,High School,112487.0,3,MORTGAGE,5000.0,EDUCATION,8.94,0.04,4,605,No,0
30,male,Associate,137892.0,10,MORTGAGE,7200.0,MEDICAL,6.03,0.05,8,593,No,0
33,male,Bachelor,66782.0,8,MORTGAGE,1500.0,EDUCATION,10.56,0.02,11,622,Yes,0
23,male,High School,27004.0,2,RENT,5500.0,EDUCATION,13.04,0.2,4,606,Yes,0
23,male,High School,94550.0,1,RENT,30000.0,DEBTCONSOLIDATION,18.62,0.32,3,570,No,1
23,male,High School,157144.0,0,MORTGAGE,30000.0,VENTURE,11.11,0.19,4,615,Yes,0
24,male,Bachelor,79187.0,0,MORTGAGE,6000.0,PERSONAL,10.77,0.08,2,680,Yes,0
27,male,Associate,69894.0,4,OWN,15000.0,MEDICAL,11.99,0.21,10,642,No,0
37,male,Associate,78770.0,14,RENT,9000.0,DEBTCONSOLIDATION,6.91,0.11,15,621,No,0
28,female,Associate,181214.0,8,MORTGAGE,10000.0,EDUCATION,11.01,0.06,6,590,Yes,0
30,male,Bachelor,178654.0,6,RENT,25000.0,EDUCATION,15.95,0.14,8,591,No,1
23,male,High School,33086.0,0,OWN,5000.0,EDUCATION,10.65,0.15,4,636,No,0
26,male,Bachelor,124029.0,2,RENT,5600.0,MEDICAL,9.99,0.05,3,638,Yes,0
22,male,Master,99633.0,0,MORTGAGE,20000.0,EDUCATION,9.88,0.2,4,652,Yes,0
24,male,Bachelor,119457.0,3,MORTGAGE,10000.0,VENTURE,8.59,0.08,3,571,No,0
35,male,Associate,28184.0,14,RENT,3500.0,EDUCATION,14.1,0.12,9,697,Yes,0
26,female,Bachelor,123934.0,7,MORTGAGE,25000.0,PERSONAL,10.83,0.2,3,700,No,0
28,male,High School,47549.0,6,RENT,9558.0,MEDICAL,7.24,0.2,6,580,Yes,0
25,male,Bachelor,102203.0,1,RENT,6484.0,VENTURE,11.56,0.06,4,675,Yes,0
34,male,Master,54556.0,10,MORTGAGE,12000.0,DEBTCONSOLIDATION,11.86,0.22,5,674,Yes,0
28,male,Associate,28748.0,4,RENT,4800.0,DEBTCONSOLIDATION,10.38,0.17,7,659,Yes,0
22,female,Associate,86445.0,0,RENT,11000.0,VENTURE,12.42,0.13,2,510,Yes,0
22,male,High School,61196.0,0,MORTGAGE,6800.0,VENTURE,6.92,0.11,4,573,No,0
21,female,High School,37237.0,0,RENT,12000.0,EDUCATION,5.79,0.32,2,594,No,1
28,male,Associate,111342.0,3,RENT,22000.0,EDUCATION,12.69,0.2,9,671,Yes,0
27,male,High School,159382.0,5,RENT,18000.0,DEBTCONSOLIDATION,8.49,0.11,9,647,Yes,0
30,female,High School,61730.0,8,RENT,12000.0,DEBTCONSOLIDATION,13.48,0.19,6,584,Yes,0
22,male,Associate,87438.0,1,MORTGAGE,5000.0,EDUCATION,6.54,0.06,4,663,No,0
22,female,Bachelor,39626.0,0,RENT,5000.0,DEBTCONSOLIDATION,7.68,0.13,4,676,No,0
23,male,Master,150836.0,3,MORTGAGE,14400.0,VENTURE,11.01,0.1,2,597,Yes,0
35,female,Doctorate,22440.0,11,RENT,3990.0,PERSONAL,13.84,0.18,13,653,No,1
24,male,Bachelor,47863.0,0,MORTGAGE,1251.0,MEDICAL,13.32,0.03,3,527,Yes,0
24,male,Bachelor,94624.0,1,RENT,18500.0,VENTURE,15.33,0.2,2,692,No,1
24,male,Bachelor,63169.0,6,OWN,20000.0,VENTURE,12.87,0.32,4,630,Yes,0
22,male,Master,145306.0,1,MORTGAGE,6000.0,EDUCATION,8.9,0.04,3,638,No,0
26,female,Bachelor,91794.0,6,MORTGAGE,3000.0,VENTURE,11.39,0.03,5,625,Yes,0
24,male,Associate,64434.0,0,RENT,10000.0,DEBTCONSOLIDATION,15.52,0.16,3,687,Yes,0
29,female,High School,79929.0,6,MORTGAGE,3000.0,PERSONAL,7.66,0.04,7,615,Yes,0
45,male,Doctorate,45165.0,25,RENT,20000.0,HOMEIMPROVEMENT,11.71,0.44,15,579,No,1
22,female,High School,32072.0,0,RENT,7562.0,DEBTCONSOLIDATION,10.93,0.24,3,574,Yes,0
29,female,High School,72595.0,8,MORTGAGE,12000.0,DEBTCONSOLIDATION,7.29,0.17,7,643,Yes,0
44,male,Associate,58915.0,21,RENT,7500.0,MEDICAL,11.49,0.13,15,717,No,0
41,male,Associate,53032.0,17,RENT,15000.0,VENTURE,12.73,0.28,15,690,No,1
24,male,Bachelor,47063.0,2,OWN,12000.0,VENTURE,10.38,0.25,4,526,Yes,0
39,male,Associate,48948.0,18,OWN,15000.0,HOMEIMPROVEMENT,5.42,0.31,13,696,No,0
22,male,Bachelor,42826.0,0,MORTGAGE,12149.0,VENTURE,14.14,0.28,4,628,Yes,0
32,male,Associate,114775.0,8,MORTGAGE,8500.0,PERSONAL,5.79,0.07,6,631,Yes,0
26,female,Master,49214.0,8,MORTGAGE,7200.0,EDUCATION,7.49,0.15,2,705,No,0
24,female,Bachelor,58809.0,3,RENT,6000.0,EDUCATION,11.01,0.1,3,717,No,0
30,male,Associate,45535.0,6,MORTGAGE,6600.0,MEDICAL,13.49,0.14,9,586,Yes,0
31,male,High School,109040.0,8,MORTGAGE,15000.0,DEBTCONSOLIDATION,7.9,0.14,9,541,Yes,0
26,male,Associate,147899.0,5,RENT,10000.0,HOMEIMPROVEMENT,10.65,0.07,2,590,Yes,0
37,male,High School,78610.0,14,RENT,3000.0,DEBTCONSOLIDATION,12.53,0.04,14,580,Yes,0
30,female,Associate,76608.0,4,RENT,20000.0,PERSONAL,13.92,0.26,9,604,No,1
47,male,Master,60950.0,23,MORTGAGE,4000.0,EDUCATION,11.01,0.07,12,668,Yes,0
25,female,High School,40410.0,2,MORTGAGE,3000.0,MEDICAL,11.99,0.07,2,621,Yes,0
33,female,Master,121272.0,11,MORTGAGE,15000.0,PERSONAL,10.0,0.12,7,623,No,0
30,male,Master,144931.0,9,MORTGAGE,5000.0,DEBTCONSOLIDATION,10.38,0.03,9,644,Yes,0
25,male,Bachelor,96761.0,2,RENT,16000.0,VENTURE,9.88,0.17,2,625,No,0
27,male,Bachelor,50035.0,3,RENT,2000.0,VENTURE,7.49,0.04,9,660,Yes,0
22,female,Master,50188.0,0,MORTGAGE,6400.0,VENTURE,9.99,0.13,4,641,No,0
21,male,Bachelor,67116.0,0,MORTGAGE,10000.0,EDUCATION,14.72,0.15,2,626,No,0
32,female,Bachelor,45738.0,11,RENT,5000.0,MEDICAL,6.03,0.11,9,697,Yes,0
21,female,Associate,73094.0,0,MORTGAGE,12000.0,EDUCATION,11.36,0.16,3,615,Yes,0
34,female,Associate,181196.0,10,MORTGAGE,28000.0,VENTURE,11.71,0.15,5,700,No,0
27,male,High School,58793.0,6,OWN,24000.0,VENTURE,9.91,0.41,9,508,Yes,0
35,male,Bachelor,38427.0,13,MORTGAGE,5000.0,DEBTCONSOLIDATION,14.46,0.13,5,666,No,1
25,female,High School,133313.0,2,MORTGAGE,6405.0,EDUCATION,13.51,0.05,3,615,No,0
27,male,High School,32145.0,2,RENT,6000.0,PERSONAL,10.75,0.19,10,640,Yes,0
29,female,High School,108497.0,4,OWN,8000.0,EDUCATION,13.23,0.07,5,528,Yes,0
29,male,Bachelor,91401.0,7,RENT,4000.0,DEBTCONSOLIDATION,8.49,0.04,6,584,Yes,0
24,female,Associate,66079.0,0,OWN,10000.0,PERSONAL,10.99,0.15,3,665,No,0
22,female,High School,22616.0,0,OWN,2000.0,VENTURE,11.49,0.09,3,567,No,0
25,male,Associate,75644.0,2,MORTGAGE,10000.0,DEBTCONSOLIDATION,7.88,0.13,3,637,Yes,0
76,female,Bachelor,90934.0,58,RENT,15000.0,MEDICAL,8.94,0.16,25,737,No,0
24,female,Associate,67131.0,0,OWN,10000.0,EDUCATION,10.37,0.15,4,622,Yes,0
28,male,Bachelor,106738.0,5,MORTGAGE,10000.0,EDUCATION,7.66,0.09,4,697,Yes,0
35,male,Doctorate,61460.0,15,RENT,5000.0,VENTURE,13.57,0.08,8,656,Yes,0
23,male,High School,114815.0,3,MORTGAGE,35000.0,EDUCATION,7.9,0.3,2,663,No,0
23,male,Associate,79284.0,2,MORTGAGE,7000.0,VENTURE,8.01,0.09,4,661,Yes,0
22,male,Bachelor,90285.0,1,MORTGAGE,11500.0,MEDICAL,9.99,0.13,3,661,No,0
30,male,Master,97050.0,7,RENT,8900.0,MEDICAL,6.17,0.09,10,709,No,0
27,female,Master,58547.0,2,MORTGAGE,9600.0,EDUCATION,13.61,0.16,4,678,No,0
29,male,High School,81236.0,10,MORTGAGE,10000.0,HOMEIMPROVEMENT,7.14,0.12,6,589,No,0
24,male,Master,44607.0,0,MORTGAGE,4800.0,PERSONAL,6.91,0.11,3,647,Yes,0
22,female,High School,102986.0,2,MORTGAGE,5000.0,EDUCATION,12.61,0.05,2,656,Yes,0
25,male,Associate,115907.0,5,MORTGAGE,14000.0,MEDICAL,6.03,0.12,3,641,No,0
26,male,Bachelor,48683.0,6,RENT,1764.0,MEDICAL,12.2,0.04,4,695,No,0
25,female,Bachelor,117390.0,1,MORTGAGE,6523.0,HOMEIMPROVEMENT,12.93,0.06,2,547,Yes,0
30,male,Master,60880.0,6,RENT,3000.0,HOMEIMPROVEMENT,13.1,0.05,10,733,No,0
29,female,Associate,80403.0,11,MORTGAGE,7000.0,DEBTCONSOLIDATION,9.91,0.09,6,550,Yes,0
35,male,Associate,54797.0,15,RENT,12000.0,MEDICAL,11.48,0.22,7,620,Yes,0
26,male,Associate,60633.0,4,RENT,9000.0,EDUCATION,6.17,0.15,4,579,No,0
34,female,Bachelor,93206.0,12,RENT,4800.0,VENTURE,7.14,0.05,7,638,No,0
21,male,Master,79826.0,0,MORTGAGE,3600.0,EDUCATION,15.99,0.05,3,654,No,0
22,female,Master,222975.0,0,RENT,25000.0,EDUCATION,11.36,0.11,4,625,Yes,0
27,male,High School,156750.0,4,MORTGAGE,11000.0,EDUCATION,9.62,0.07,5,659,Yes,0
22,male,High School,55432.0,0,RENT,7500.0,EDUCATION,11.01,0.14,4,589,Yes,0
33,male,Associate,84558.0,10,MORTGAGE,3700.0,DEBTCONSOLIDATION,5.99,0.04,6,653,Yes,0
27,male,High School,28876.0,8,RENT,3000.0,EDUCATION,17.8,0.1,10,597,Yes,0
39,female,High School,61222.0,17,RENT,5500.0,DEBTCONSOLIDATION,6.57,0.09,13,560,Yes,0
25,male,High School,103132.0,3,MORTGAGE,20000.0,VENTURE,13.92,0.19,3,630,Yes,0
26,female,Master,66738.0,4,MORTGAGE,2800.0,VENTURE,13.49,0.04,2,671,No,0
27,female,Bachelor,108616.0,4,RENT,16000.0,HOMEIMPROVEMENT,8.88,0.15,9,633,Yes,0
39,male,High School,53554.0,16,OWN,10000.0,PERSONAL,7.62,0.19,15,656,Yes,0
28,female,Bachelor,104752.0,5,MORTGAGE,5000.0,MEDICAL,7.9,0.05,5,702,Yes,0
28,female,High School,91317.0,4,MORTGAGE,15000.0,VENTURE,8.76,0.16,7,615,Yes,0
29,female,Bachelor,87755.0,3,MORTGAGE,28424.0,VENTURE,14.17,0.32,10,534,Yes,0
21,male,Bachelor,108954.0,0,RENT,5600.0,DEBTCONSOLIDATION,6.54,0.05,4,695,Yes,0
24,female,Bachelor,121087.0,0,RENT,11000.0,DEBTCONSOLIDATION,5.42,0.09,4,547,Yes,0
29,male,Bachelor,102606.0,5,MORTGAGE,10000.0,PERSONAL,7.88,0.1,5,674,Yes,0
23,male,High School,61085.0,0,MORTGAGE,10000.0,PERSONAL,10.99,0.16,3,653,No,0
29,female,Bachelor,130341.0,5,MORTGAGE,20588.0,HOMEIMPROVEMENT,10.74,0.16,9,562,Yes,0
29,male,High School,87979.0,8,MORTGAGE,9000.0,PERSONAL,10.59,0.1,9,619,No,0
27,male,High School,46980.0,6,RENT,2400.0,MEDICAL,10.65,0.05,6,644,No,0
23,male,High School,72808.0,2,RENT,11400.0,PERSONAL,15.23,0.16,4,642,No,0
26,male,Master,37143.0,0,RENT,3200.0,DEBTCONSOLIDATION,11.01,0.09,3,633,No,0
25,female,High School,70486.0,1,MORTGAGE,17500.0,HOMEIMPROVEMENT,13.11,0.25,4,626,Yes,0
36,male,Associate,60690.0,14,RENT,7200.0,VENTURE,13.98,0.12,17,660,Yes,0
24,female,Associate,35858.0,1,RENT,5000.0,VENTURE,10.99,0.14,4,647,No,0
22,male,Associate,38464.0,0,MORTGAGE,5000.0,DEBTCONSOLIDATION,13.79,0.13,4,627,Yes,0
27,female,High School,29455.0,4,RENT,5214.0,VENTURE,10.04,0.18,5,624,Yes,0
24,female,Master,79090.0,0,RENT,6400.0,MEDICAL,9.99,0.08,3,700,Yes,0
32,female,Associate,78620.0,8,MORTGAGE,25000.0,DEBTCONSOLIDATION,11.21,0.32,5,683,No,1
22,male,Master,60888.0,0,MORTGAGE,9000.0,DEBTCONSOLIDATION,8.49,0.15,2,548,Yes,0
27,female,Bachelor,90931.0,0,RENT,15000.0,VENTURE,8.69,0.16,9,506,Yes,0
23,female,Bachelor,90987.0,0,RENT,6000.0,PERSONAL,6.03,0.07,4,587,Yes,0
37,female,Associate,60942.0,15,MORTGAGE,16000.0,MEDICAL,11.01,0.26,12,623,Yes,0
60,male,Associate,87299.0,39,OWN,10000.0,PERSONAL,10.59,0.11,24,637,Yes,0
24,female,Bachelor,111373.0,2,OWN,10000.0,MEDICAL,19.29,0.09,2,651,No,1
29,male,Master,75542.0,3,MORTGAGE,10000.0,DEBTCONSOLIDATION,5.99,0.13,8,674,No,0
26,female,Bachelor,87196.0,4,RENT,10000.0,PERSONAL,9.68,0.11,4,685,No,0
22,male,Bachelor,87547.0,0,RENT,15000.0,VENTURE,17.19,0.17,2,678,Yes,0
35,male,Master,29791.0,11,RENT,2000.0,MEDICAL,9.3,0.07,8,616,Yes,0
29,female,Master,79374.0,4,RENT,15000.0,EDUCATION,16.0,0.19,8,709,Yes,0
36,male,Associate,63226.0,13,RENT,6000.0,EDUCATION,9.99,0.09,12,630,Yes,0
27,female,Bachelor,60537.0,5,OWN,12000.0,MEDICAL,10.38,0.2,10,576,Yes,0
29,male,Master,72900.0,5,RENT,17000.0,PERSONAL,14.12,0.23,9,617,Yes,0
25,female,Associate,60766.0,3,MORTGAGE,4800.0,HOMEIMPROVEMENT,13.61,0.08,2,634,Yes,0
32,male,Bachelor,57554.0,10,OWN,6000.0,VENTURE,8.9,0.1,5,640,Yes,0
26,male,Bachelor,101191.0,6,MORTGAGE,1600.0,MEDICAL,6.76,0.02,3,611,Yes,0
29,female,Associate,45687.0,2,MORTGAGE,3000.0,PERSONAL,16.82,0.07,7,530,Yes,0
36,female,High School,180811.0,9,MORTGAGE,10000.0,EDUCATION,10.34,0.06,15,610,No,0
25,male,Master,97083.0,2,MORTGAGE,13000.0,DEBTCONSOLIDATION,6.54,0.13,3,613,Yes,0
28,female,Bachelor,169201.0,4,MORTGAGE,25000.0,HOMEIMPROVEMENT,12.53,0.15,7,700,Yes,0
26,male,Associate,39118.0,2,RENT,6400.0,EDUCATION,14.35,0.16,4,461,Yes,0
29,female,Master,78936.0,6,RENT,12000.0,PERSONAL,16.49,0.15,7,704,No,0
31,male,High School,88320.0,7,RENT,9600.0,MEDICAL,7.81,0.11,7,641,Yes,0
37,male,Bachelor,36833.0,11,RENT,4000.0,MEDICAL,11.89,0.11,17,696,No,0
26,female,Bachelor,87280.0,3,OWN,10000.0,MEDICAL,7.74,0.11,4,615,No,0
34,female,Master,39556.0,12,MORTGAGE,2275.0,HOMEIMPROVEMENT,6.17,0.06,6,653,Yes,0
25,male,Master,62883.0,3,RENT,3600.0,DEBTCONSOLIDATION,7.49,0.06,3,698,Yes,0
39,male,Bachelor,89330.0,15,RENT,7000.0,MEDICAL,9.91,0.08,13,722,Yes,0
24,male,High School,61309.0,5,MORTGAGE,9000.0,PERSONAL,11.01,0.15,3,628,No,0
30,male,Master,123321.0,7,RENT,25000.0,VENTURE,9.62,0.2,8,610,Yes,0
27,female,Associate,109982.0,4,MORTGAGE,11525.0,PERSONAL,7.49,0.1,7,629,No,0
25,male,Bachelor,84745.0,6,RENT,10000.0,EDUCATION,11.55,0.12,3,625,Yes,0
25,male,Bachelor,55229.0,2,MORTGAGE,7500.0,EDUCATION,8.32,0.14,3,578,Yes,0
28,male,Master,88371.0,3,RENT,9425.0,HOMEIMPROVEMENT,11.49,0.11,8,668,No,0
23,female,High School,40632.0,0,RENT,20000.0,EDUCATION,16.0,0.49,2,649,No,1
24,female,Associate,45048.0,1,MORTGAGE,6250.0,DEBTCONSOLIDATION,7.14,0.14,4,643,No,1
27,female,High School,38469.0,5,MORTGAGE,7500.0,HOMEIMPROVEMENT,7.74,0.19,8,627,No,0
24,male,Bachelor,103060.0,1,MORTGAGE,8000.0,PERSONAL,14.98,0.08,3,617,No,0
25,male,High School,74247.0,0,RENT,3600.0,PERSONAL,6.91,0.05,3,489,Yes,0
38,male,Associate,90912.0,12,MORTGAGE,9100.0,VENTURE,6.03,0.1,13,652,No,0
23,male,Associate,73240.0,3,RENT,5000.0,EDUCATION,13.49,0.07,2,622,Yes,0
28,female,Bachelor,47730.0,9,RENT,3000.0,EDUCATION,7.9,0.06,7,654,No,0
23,female,Master,72972.0,0,RENT,15000.0,DEBTCONSOLIDATION,10.65,0.21,3,665,Yes,0
24,female,High School,57439.0,2,RENT,7000.0,VENTURE,6.62,0.12,3,570,Yes,0
28,female,Associate,67940.0,6,MORTGAGE,4800.0,VENTURE,14.61,0.07,6,592,Yes,0
31,female,Bachelor,61448.0,9,RENT,6000.0,PERSONAL,15.62,0.1,6,536,Yes,0
24,male,High School,93116.0,1,MORTGAGE,12253.0,MEDICAL,7.65,0.13,4,665,No,0
32,female,Bachelor,54911.0,9,MORTGAGE,14000.0,VENTURE,12.69,0.25,9,704,No,0
24,male,Bachelor,61127.0,0,RENT,9600.0,HOMEIMPROVEMENT,7.51,0.16,3,702,No,0
24,female,High School,35765.0,3,MORTGAGE,2325.0,EDUCATION,10.99,0.06,4,605,Yes,0
24,female,Bachelor,57356.0,3,RENT,24000.0,PERSONAL,17.8,0.42,2,672,No,1
26,male,High School,37761.0,4,RENT,4200.0,EDUCATION,11.63,0.11,5,566,Yes,0
23,female,High School,48998.0,1,RENT,2000.0,DEBTCONSOLIDATION,11.71,0.04,4,618,No,0
37,female,High School,73020.0,15,RENT,6400.0,PERSONAL,9.64,0.09,12,679,Yes,0
37,female,High School,30919.0,14,OWN,5000.0,VENTURE,9.91,0.16,11,581,Yes,0
26,male,High School,38271.0,4,RENT,4000.0,DEBTCONSOLIDATION,9.99,0.1,3,595,No,0
23,male,Bachelor,34363.0,3,RENT,5000.0,MEDICAL,11.78,0.15,4,694,No,0
27,female,High School,74665.0,2,MORTGAGE,5700.0,HOMEIMPROVEMENT,11.12,0.08,6,568,Yes,0
22,male,Bachelor,49289.0,0,MORTGAGE,5000.0,MEDICAL,7.68,0.1,4,681,No,0
30,female,Associate,96813.0,11,MORTGAGE,6000.0,VENTURE,14.17,0.06,6,654,Yes,0
24,male,Bachelor,106083.0,5,OWN,7000.0,VENTURE,8.88,0.07,3,502,Yes,0
23,male,Associate,142058.0,4,MORTGAGE,15000.0,PERSONAL,6.03,0.11,4,610,Yes,0
27,male,Bachelor,139080.0,5,MORTGAGE,6300.0,EDUCATION,6.76,0.05,10,659,No,0
44,male,High School,119683.0,21,MORTGAGE,10000.0,EDUCATION,12.68,0.08,11,695,No,0
23,female,Associate,29436.0,0,RENT,1500.0,EDUCATION,11.99,0.05,3,614,No,0
23,male,Bachelor,51399.0,0,MORTGAGE,8000.0,VENTURE,5.42,0.16,3,569,Yes,0
33,male,Bachelor,103193.0,11,RENT,25000.0,HOMEIMPROVEMENT,12.39,0.24,10,719,Yes,0
25,female,Bachelor,73172.0,2,RENT,7000.0,DEBTCONSOLIDATION,9.25,0.1,4,582,Yes,0
23,male,High School,62254.0,4,MORTGAGE,15000.0,EDUCATION,13.16,0.24,4,608,No,0
23,male,Master,44495.0,0,RENT,1413.0,PERSONAL,14.25,0.03,3,620,Yes,0
25,male,Associate,54736.0,1,RENT,11100.0,PERSONAL,13.11,0.2,2,647,Yes,0
27,female,Associate,86469.0,4,MORTGAGE,9000.0,VENTURE,6.54,0.1,6,600,Yes,0
24,male,High School,72881.0,3,RENT,9000.0,VENTURE,11.5,0.12,4,645,No,0
24,female,Bachelor,78921.0,0,OWN,12000.0,VENTURE,6.17,0.15,4,510,Yes,0
24,male,Associate,90900.0,0,RENT,15000.0,HOMEIMPROVEMENT,11.71,0.17,4,551,Yes,0
28,female,Bachelor,64544.0,4,RENT,3500.0,DEBTCONSOLIDATION,11.49,0.05,6,716,No,0
25,male,Master,55050.0,1,MORTGAGE,5000.0,MEDICAL,7.88,0.09,3,581,No,0
29,female,Associate,88662.0,8,RENT,9200.0,EDUCATION,7.88,0.1,5,634,No,0
27,female,Associate,120878.0,7,RENT,20000.0,MEDICAL,11.12,0.17,9,451,Yes,0
31,male,Bachelor,42907.0,9,MORTGAGE,15000.0,MEDICAL,13.92,0.35,8,590,No,0
33,female,Master,150887.0,10,RENT,12000.0,EDUCATION,15.68,0.08,8,603,Yes,0
22,male,Bachelor,39660.0,0,RENT,7000.0,DEBTCONSOLIDATION,6.62,0.18,2,711,Yes,0
33,female,Associate,58650.0,3,RENT,3600.0,DEBTCONSOLIDATION,11.99,0.06,10,681,No,0
35,female,Bachelor,58459.0,13,RENT,8250.0,MEDICAL,7.51,0.14,6,536,No,0
36,female,High School,79174.0,13,RENT,15000.0,MEDICAL,10.59,0.19,17,565,No,0
23,female,Associate,32740.0,2,RENT,7500.0,VENTURE,12.73,0.23,4,647,No,0
31,male,Associate,193032.0,11,RENT,3600.0,VENTURE,15.23,0.02,7,642,No,0
24,male,High School,91764.0,5,MORTGAGE,7200.0,VENTURE,5.99,0.08,2,624,Yes,0
30,male,Bachelor,45838.0,6,RENT,6574.0,PERSONAL,12.82,0.14,9,708,Yes,0
25,male,Associate,108757.0,0,RENT,10000.0,EDUCATION,12.42,0.09,4,633,Yes,0
26,female,High School,114758.0,2,OWN,1000.0,MEDICAL,8.94,0.01,4,621,No,0
30,female,Associate,83607.0,7,RENT,10000.0,VENTURE,7.88,0.12,10,635,No,0
23,female,Associate,114955.0,2,RENT,10000.0,PERSONAL,6.17,0.09,3,685,No,0
22,male,Associate,39983.0,0,RENT,4800.0,PERSONAL,13.98,0.12,2,687,No,1
45,female,High School,61037.0,23,RENT,12000.0,HOMEIMPROVEMENT,12.87,0.2,13,653,No,0
35,male,Master,85030.0,13,RENT,20165.0,PERSONAL,10.75,0.24,12,703,Yes,0
22,female,Master,39399.0,0,OWN,3000.0,MEDICAL,6.99,0.08,4,653,Yes,0
23,male,Associate,97746.0,5,RENT,7200.0,DEBTCONSOLIDATION,9.25,0.07,4,635,No,0
28,female,Bachelor,80868.0,6,RENT,9000.0,MEDICAL,16.29,0.11,8,718,No,1
27,female,High School,55051.0,8,RENT,10000.0,EDUCATION,10.88,0.18,9,670,Yes,0
23,male,Bachelor,121095.0,0,MORTGAGE,20000.0,EDUCATION,7.49,0.17,3,645,Yes,0
23,male,Master,102981.0,0,MORTGAGE,11000.0,EDUCATION,14.27,0.11,4,662,No,0
24,male,Associate,46559.0,3,RENT,12000.0,EDUCATION,11.34,0.26,3,632,No,1
22,male,Associate,60756.0,0,OWN,5000.0,EDUCATION,7.29,0.08,4,622,Yes,0
27,female,Bachelor,54978.0,6,MORTGAGE,5000.0,DEBTCONSOLIDATION,9.25,0.09,10,682,Yes,0
22,male,Master,58925.0,0,RENT,5000.0,PERSONAL,11.12,0.08,2,670,No,0
25,female,Associate,45083.0,2,MORTGAGE,7500.0,PERSONAL,14.96,0.17,4,619,Yes,0
24,male,Associate,240894.0,3,MORTGAGE,12000.0,HOMEIMPROVEMENT,13.49,0.05,2,678,No,0
25,female,Associate,19130.0,1,RENT,2000.0,MEDICAL,7.88,0.1,4,597,Yes,0
27,male,High School,144956.0,1,MORTGAGE,8400.0,VENTURE,7.14,0.06,8,562,Yes,0
29,male,Associate,61947.0,7,RENT,12000.0,HOMEIMPROVEMENT,12.42,0.19,6,634,Yes,0
22,male,High School,87578.0,1,OWN,16000.0,EDUCATION,10.37,0.18,2,557,Yes,0
23,male,Associate,78928.0,1,RENT,8000.0,DEBTCONSOLIDATION,14.72,0.1,2,602,No,0
27,male,Master,87477.0,3,MORTGAGE,14000.0,PERSONAL,12.42,0.16,10,581,Yes,0
28,male,Associate,60960.0,7,RENT,10000.0,DEBTCONSOLIDATION,10.74,0.16,8,582,No,0
33,male,Associate,104277.0,9,RENT,9965.0,VENTURE,8.76,0.1,8,667,Yes,0
23,male,Bachelor,22957.0,1,MORTGAGE,2500.0,MEDICAL,15.95,0.11,2,594,No,1
43,female,Master,44050.0,23,RENT,10400.0,PERSONAL,7.66,0.24,14,715,No,0
25,female,Associate,142519.0,3,MORTGAGE,15000.0,HOMEIMPROVEMENT,7.88,0.11,4,498,Yes,0
27,female,Bachelor,126666.0,4,MORTGAGE,6000.0,HOMEIMPROVEMENT,7.4,0.05,8,597,Yes,0
23,female,Bachelor,46740.0,0,RENT,4100.0,MEDICAL,11.01,0.09,4,578,No,1
27,male,Doctorate,91099.0,4,MORTGAGE,6625.0,VENTURE,11.01,0.07,9,665,Yes,0
23,male,High School,85020.0,0,MORTGAGE,6000.0,VENTURE,13.16,0.07,4,632,Yes,0
25,male,Master,41649.0,3,MORTGAGE,10000.0,DEBTCONSOLIDATION,11.26,0.24,3,711,Yes,0
35,male,Master,86139.0,12,RENT,2375.0,VENTURE,9.25,0.03,9,663,Yes,0
28,male,Bachelor,133317.0,6,MORTGAGE,15000.0,EDUCATION,10.96,0.11,5,572,Yes,0
35,male,High School,55191.0,11,RENT,5200.0,PERSONAL,13.06,0.09,10,645,Yes,0
41,male,Bachelor,91038.0,16,RENT,10000.0,VENTURE,13.09,0.11,15,687,Yes,0
39,female,Master,63705.0,19,RENT,5000.0,EDUCATION,11.01,0.08,17,693,Yes,0
24,female,Associate,49777.0,1,MORTGAGE,6000.0,EDUCATION,12.92,0.12,3,667,No,0
33,male,Associate,55509.0,8,RENT,11200.0,DEBTCONSOLIDATION,5.79,0.2,8,674,No,0
24,male,Bachelor,36893.0,2,MORTGAGE,1000.0,DEBTCONSOLIDATION,9.35,0.03,5,687,No,1
25,female,Bachelor,185905.0,2,MORTGAGE,12225.0,MEDICAL,7.49,0.07,3,611,No,0
21,male,High School,34417.0,0,RENT,4800.0,PERSONAL,6.62,0.14,4,598,Yes,0
25,male,Associate,82807.0,1,MORTGAGE,15000.0,MEDICAL,15.75,0.18,4,605,No,1
39,female,Associate,241153.0,19,MORTGAGE,4800.0,PERSONAL,7.49,0.02,13,689,No,0
23,female,High School,40877.0,0,RENT,10998.0,EDUCATION,7.73,0.27,3,668,No,1
25,male,Bachelor,135544.0,5,MORTGAGE,3435.0,EDUCATION,6.46,0.03,5,682,No,0
23,male,Bachelor,169335.0,1,MORTGAGE,10000.0,DEBTCONSOLIDATION,11.04,0.06,3,584,Yes,0
23,male,High School,18616.0,1,RENT,4750.0,EDUCATION,11.11,0.26,2,637,No,1
27,female,Bachelor,36705.0,4,RENT,2500.0,MEDICAL,11.14,0.07,5,640,No,0
21,male,High School,35345.0,0,RENT,6000.0,EDUCATION,13.8,0.17,4,588,Yes,0
34,male,Bachelor,58375.0,10,RENT,1500.0,MEDICAL,11.46,0.03,9,696,Yes,0
28,male,Associate,82531.0,5,MORTGAGE,3250.0,VENTURE,13.23,0.04,7,503,Yes,0
22,male,Master,64481.0,3,MORTGAGE,7350.0,VENTURE,14.79,0.11,4,672,Yes,0
34,male,Bachelor,87374.0,12,OWN,13150.0,MEDICAL,6.03,0.15,10,577,Yes,0
29,male,Bachelor,55303.0,6,RENT,8641.0,MEDICAL,13.07,0.16,7,584,Yes,0
25,male,Bachelor,81561.0,2,RENT,7500.0,MEDICAL,12.18,0.09,4,641,Yes,0
30,female,Master,86745.0,6,RENT,9600.0,HOMEIMPROVEMENT,12.61,0.11,6,511,Yes,0
43,male,High School,97077.0,23,RENT,6400.0,HOMEIMPROVEMENT,11.71,0.07,11,551,Yes,0
27,male,Master,81293.0,4,OWN,5000.0,PERSONAL,11.01,0.06,10,659,Yes,0
29,male,Associate,36799.0,6,RENT,2000.0,DEBTCONSOLIDATION,10.75,0.05,7,608,No,0
27,male,Associate,26889.0,7,RENT,6000.0,PERSONAL,7.88,0.22,9,663,Yes,0
25,female,Bachelor,57453.0,0,OWN,4000.0,VENTURE,6.62,0.07,4,664,No,0
34,male,Associate,70477.0,11,OWN,3000.0,MEDICAL,6.76,0.04,10,627,No,0
27,male,High School,90992.0,5,MORTGAGE,10000.0,HOMEIMPROVEMENT,11.01,0.11,7,610,Yes,0
31,male,Associate,128116.0,8,MORTGAGE,15000.0,DEBTCONSOLIDATION,7.88,0.12,7,527,Yes,0
21,male,Bachelor,46905.0,0,MORTGAGE,6500.0,PERSONAL,7.51,0.14,3,633,Yes,0
22,female,Associate,34363.0,0,OWN,12300.0,VENTURE,6.62,0.36,2,555,Yes,0
28,female,Bachelor,270943.0,2,MORTGAGE,25000.0,VENTURE,15.3,0.09,6,656,Yes,0
28,female,High School,72616.0,6,MORTGAGE,5000.0,MEDICAL,11.01,0.07,8,663,Yes,0
33,female,High School,80762.0,8,MORTGAGE,9200.0,PERSONAL,11.01,0.11,7,593,Yes,0
32,male,High School,49056.0,8,RENT,4000.0,MEDICAL,13.79,0.08,6,557,Yes,0
23,male,High School,69232.0,0,RENT,12000.0,DEBTCONSOLIDATION,8.76,0.17,3,639,No,0
40,male,Associate,101912.0,18,MORTGAGE,17925.0,HOMEIMPROVEMENT,14.26,0.18,16,605,Yes,0
24,male,Master,37889.0,0,MORTGAGE,8000.0,HOMEIMPROVEMENT,5.42,0.21,4,634,No,0
39,male,Bachelor,242263.0,16,RENT,13500.0,VENTURE,11.49,0.06,14,605,Yes,0
21,female,Bachelor,27493.0,2,OWN,4000.0,DEBTCONSOLIDATION,15.05,0.15,4,528,No,0
23,female,Master,97109.0,5,OWN,6000.0,EDUCATION,19.13,0.06,4,601,No,0
24,male,Master,52457.0,0,RENT,4000.0,VENTURE,12.69,0.08,2,666,Yes,0
30,male,Bachelor,108827.0,9,RENT,7000.0,MEDICAL,9.25,0.06,8,630,Yes,0
26,female,Associate,42681.0,2,RENT,2000.0,VENTURE,10.46,0.05,3,647,No,0
24,female,Associate,72671.0,0,MORTGAGE,3999.0,HOMEIMPROVEMENT,7.96,0.06,3,694,No,0
54,male,High School,78879.0,29,MORTGAGE,9600.0,PERSONAL,15.99,0.12,20,650,Yes,0
29,female,Master,37087.0,8,RENT,5000.0,MEDICAL,9.66,0.13,7,674,No,0
23,female,High School,73023.0,2,OWN,18000.0,EDUCATION,6.91,0.25,3,556,Yes,0
25,male,Associate,90920.0,2,MORTGAGE,12000.0,DEBTCONSOLIDATION,11.49,0.13,3,637,No,0
34,female,High School,74664.0,12,RENT,6199.0,EDUCATION,11.16,0.08,12,544,Yes,0
27,male,Bachelor,42834.0,7,OTHER,7000.0,VENTURE,8.0,0.16,7,651,No,0
28,female,Associate,87370.0,4,MORTGAGE,18000.0,PERSONAL,11.89,0.21,10,666,Yes,0
47,male,High School,78842.0,26,RENT,9500.0,EDUCATION,11.89,0.12,14,635,No,0
28,female,Associate,33304.0,7,OWN,5600.0,EDUCATION,5.42,0.17,8,666,Yes,0
25,female,Associate,94903.0,2,RENT,10000.0,VENTURE,5.79,0.11,3,543,No,0
27,male,Bachelor,95844.0,2,MORTGAGE,2875.0,HOMEIMPROVEMENT,14.59,0.03,10,711,Yes,0
30,male,High School,61095.0,6,RENT,8300.0,HOMEIMPROVEMENT,10.46,0.14,7,649,No,0
21,female,Bachelor,35798.0,0,MORTGAGE,5500.0,PERSONAL,13.23,0.15,2,651,Yes,0
30,female,Bachelor,70435.0,8,RENT,8400.0,HOMEIMPROVEMENT,12.98,0.12,7,619,Yes,0
26,male,Bachelor,112114.0,5,RENT,10000.0,VENTURE,13.23,0.09,2,705,No,0
24,male,Associate,37159.0,3,RENT,7750.0,PERSONAL,11.01,0.21,4,579,Yes,0
28,female,Associate,39498.0,7,RENT,12000.0,DEBTCONSOLIDATION,14.26,0.3,10,707,No,1
25,female,Bachelor,46498.0,2,RENT,6000.0,EDUCATION,11.56,0.13,2,693,Yes,0
29,male,Associate,105710.0,5,MORTGAGE,4800.0,VENTURE,8.94,0.05,5,525,Yes,0
27,female,High School,61314.0,0,RENT,7276.0,PERSONAL,7.58,0.12,8,608,No,0
24,female,Master,63511.0,3,RENT,8400.0,VENTURE,6.45,0.13,4,691,Yes,0
25,female,High School,81347.0,5,OWN,16000.0,MEDICAL,15.89,0.2,3,642,No,0
33,female,Associate,36917.0,11,OWN,5000.0,MEDICAL,7.51,0.14,9,668,Yes,0
22,female,Associate,41120.0,2,MORTGAGE,10750.0,EDUCATION,7.88,0.26,2,643,No,0
29,female,Associate,93101.0,7,OWN,2400.0,VENTURE,9.62,0.03,10,675,Yes,0
24,male,Master,57559.0,2,RENT,5000.0,MEDICAL,12.18,0.09,3,690,No,0
23,male,High School,51728.0,4,MORTGAGE,11000.0,EDUCATION,6.54,0.21,3,521,Yes,0
36,female,Associate,152184.0,10,RENT,8000.0,MEDICAL,7.14,0.05,11,677,Yes,0
26,male,Bachelor,44192.0,6,MORTGAGE,4000.0,PERSONAL,11.01,0.09,3,606,Yes,0
23,male,Associate,60618.0,1,RENT,15000.0,VENTURE,13.61,0.25,3,608,No,0
27,female,Associate,67056.0,3,RENT,17000.0,EDUCATION,7.88,0.25,5,582,No,1
32,male,Bachelor,100337.0,7,RENT,17725.0,DEBTCONSOLIDATION,8.97,0.18,6,626,Yes,0
31,female,Associate,72042.0,9,MORTGAGE,14000.0,MEDICAL,11.01,0.19,6,675,Yes,0
26,male,Associate,78522.0,3,MORTGAGE,12000.0,HOMEIMPROVEMENT,10.99,0.15,4,653,Yes,0
24,male,High School,72904.0,0,RENT,15000.0,DEBTCONSOLIDATION,11.83,0.21,3,647,No,0
28,female,Bachelor,120706.0,7,RENT,18600.0,DEBTCONSOLIDATION,14.26,0.15,8,670,No,0
25,female,Bachelor,38473.0,7,OWN,15000.0,PERSONAL,6.03,0.39,4,624,Yes,0
24,male,High School,216925.0,5,RENT,18000.0,EDUCATION,18.64,0.08,4,651,Yes,0
34,male,Master,48991.0,10,RENT,12000.0,MEDICAL,10.78,0.24,8,676,No,0
23,male,Associate,73214.0,0,OWN,2000.0,VENTURE,11.12,0.03,4,647,No,0
38,male,High School,51307.0,14,OWN,5600.0,EDUCATION,9.99,0.11,14,541,Yes,0
30,male,Associate,91176.0,4,RENT,12706.0,MEDICAL,14.93,0.14,6,598,Yes,0
26,male,Master,58666.0,4,RENT,13000.0,DEBTCONSOLIDATION,11.26,0.22,3,617,Yes,0
29,male,High School,38800.0,8,RENT,10000.0,EDUCATION,7.29,0.26,6,649,No,1
29,male,Associate,50477.0,7,RENT,8000.0,EDUCATION,11.99,0.16,7,638,Yes,0
21,female,High School,35903.0,0,MORTGAGE,4200.0,PERSONAL,11.99,0.12,3,554,Yes,0
24,female,Master,40502.0,4,RENT,6000.0,DEBTCONSOLIDATION,15.62,0.15,2,688,No,1
28,male,Doctorate,81690.0,4,RENT,9401.0,DEBTCONSOLIDATION,9.29,0.12,8,600,Yes,0
25,female,Master,52595.0,2,RENT,1200.0,VENTURE,9.91,0.02,4,611,Yes,0
40,male,High School,120892.0,18,MORTGAGE,8000.0,PERSONAL,9.99,0.07,17,632,No,0
28,male,Associate,133030.0,7,OWN,5000.0,HOMEIMPROVEMENT,17.51,0.04,10,598,No,0
26,male,High School,47745.0,4,MORTGAGE,5459.0,DEBTCONSOLIDATION,7.87,0.11,6,670,Yes,0
25,female,Associate,37046.0,4,RENT,8000.0,MEDICAL,12.91,0.22,4,699,No,0
26,female,Master,60925.0,4,RENT,4800.0,VENTURE,11.01,0.08,3,655,Yes,0
37,male,Bachelor,127205.0,13,RENT,14000.0,DEBTCONSOLIDATION,6.03,0.11,11,625,No,0
26,male,Master,62704.0,2,RENT,5000.0,HOMEIMPROVEMENT,8.94,0.08,2,645,No,1
28,male,High School,51230.0,4,RENT,3000.0,DEBTCONSOLIDATION,12.31,0.06,4,655,Yes,0
23,female,Associate,24038.0,0,RENT,6233.0,HOMEIMPROVEMENT,8.22,0.26,3,667,No,1
29,female,High School,151288.0,7,MORTGAGE,25000.0,PERSONAL,10.62,0.17,8,688,No,0
29,female,Doctorate,102627.0,8,MORTGAGE,35000.0,PERSONAL,8.9,0.34,6,692,Yes,0
32,male,Bachelor,44927.0,10,RENT,15000.0,VENTURE,10.62,0.33,8,671,No,1
24,female,Associate,87894.0,3,MORTGAGE,35000.0,HOMEIMPROVEMENT,13.99,0.4,4,532,Yes,0
32,male,Master,73224.0,8,RENT,12000.0,MEDICAL,7.11,0.16,8,613,Yes,0
26,male,Master,144794.0,4,MORTGAGE,10000.0,HOMEIMPROVEMENT,12.12,0.07,3,549,No,0
27,male,Bachelor,120919.0,6,MORTGAGE,16000.0,VENTURE,6.54,0.13,5,568,Yes,0
23,female,Bachelor,84854.0,2,MORTGAGE,3525.0,DEBTCONSOLIDATION,6.91,0.04,3,558,Yes,0
23,female,High School,58128.0,0,RENT,8000.0,VENTURE,12.24,0.14,3,657,No,0
35,male,Associate,76748.0,10,RENT,6248.0,DEBTCONSOLIDATION,7.9,0.08,12,595,Yes,0
23,male,Bachelor,55344.0,1,RENT,4800.0,EDUCATION,13.22,0.09,4,689,Yes,0
35,female,Bachelor,45618.0,13,RENT,8000.0,MEDICAL,10.99,0.18,9,574,Yes,0
32,male,Bachelor,180960.0,14,MORTGAGE,12000.0,VENTURE,12.99,0.07,9,633,Yes,0
32,female,High School,63176.0,11,MORTGAGE,20000.0,MEDICAL,10.99,0.32,9,669,No,0
23,female,Bachelor,72890.0,0,RENT,9000.0,EDUCATION,13.61,0.12,4,659,Yes,0
43,female,Associate,51164.0,20,MORTGAGE,20000.0,VENTURE,11.01,0.39,13,614,No,0
24,female,High School,54919.0,4,RENT,20000.0,MEDICAL,11.01,0.36,2,670,No,1
35,female,Associate,82654.0,12,RENT,15600.0,MEDICAL,12.84,0.19,8,623,No,0
25,female,Bachelor,145065.0,4,MORTGAGE,20000.0,MEDICAL,10.87,0.14,4,667,Yes,0
23,female,Associate,67031.0,1,MORTGAGE,8000.0,EDUCATION,7.49,0.12,3,660,No,0
22,male,High School,78838.0,0,OWN,7000.0,VENTURE,11.49,0.09,4,626,Yes,0
26,male,Master,61960.0,2,MORTGAGE,8454.0,EDUCATION,9.77,0.14,4,675,No,0
22,male,Master,178234.0,1,MORTGAGE,15000.0,DEBTCONSOLIDATION,7.66,0.08,4,624,Yes,0
29,male,Bachelor,69703.0,5,RENT,6000.0,MEDICAL,9.91,0.09,10,661,No,0
41,male,High School,129398.0,18,RENT,3754.0,VENTURE,12.88,0.03,12,669,No,0
30,female,Bachelor,199083.0,6,MORTGAGE,5000.0,EDUCATION,15.62,0.03,10,560,Yes,0
29,male,Master,39657.0,9,RENT,10800.0,DEBTCONSOLIDATION,13.57,0.27,6,657,No,1
31,male,Associate,55365.0,8,MORTGAGE,6000.0,VENTURE,10.99,0.11,10,711,Yes,0
26,male,Associate,25154.0,5,OWN,7055.0,MEDICAL,7.76,0.28,3,630,Yes,0
23,male,High School,103117.0,2,MORTGAGE,7200.0,EDUCATION,6.92,0.07,4,660,Yes,0
34,male,Associate,84771.0,13,RENT,10000.0,HOMEIMPROVEMENT,10.65,0.12,10,706,No,0
25,female,Bachelor,85002.0,5,MORTGAGE,12000.0,PERSONAL,7.51,0.14,4,720,Yes,0
29,female,High School,120990.0,8,RENT,20000.0,PERSONAL,13.98,0.17,6,642,No,0
24,male,Master,43074.0,4,MORTGAGE,15000.0,EDUCATION,7.49,0.35,4,672,No,0
26,male,Bachelor,60922.0,2,RENT,15000.0,VENTURE,13.72,0.25,4,612,Yes,0
26,male,Bachelor,62239.0,2,MORTGAGE,12000.0,DEBTCONSOLIDATION,6.17,0.19,4,645,Yes,0
22,female,Associate,108875.0,1,RENT,12000.0,VENTURE,5.79,0.11,2,618,No,0
28,male,Master,43549.0,9,RENT,10000.0,MEDICAL,10.56,0.23,9,624,Yes,0
28,female,Associate,243620.0,2,MORTGAGE,12000.0,PERSONAL,14.46,0.05,8,580,No,0
24,male,Bachelor,170313.0,3,MORTGAGE,12000.0,EDUCATION,12.53,0.07,4,688,No,0
21,male,Bachelor,54965.0,1,RENT,10000.0,VENTURE,6.62,0.18,4,658,Yes,0
27,male,High School,72566.0,9,MORTGAGE,5100.0,VENTURE,11.49,0.07,6,660,Yes,0
23,male,Associate,31364.0,1,MORTGAGE,5000.0,PERSONAL,9.99,0.16,3,617,Yes,0
22,male,Associate,50385.0,0,RENT,7000.0,EDUCATION,5.92,0.14,4,644,Yes,0
24,female,High School,64432.0,1,RENT,8000.0,DEBTCONSOLIDATION,12.87,0.12,4,631,Yes,0
23,female,High School,111677.0,2,RENT,6887.0,VENTURE,12.23,0.06,4,577,Yes,0
26,female,High School,51547.0,5,MORTGAGE,15000.0,MEDICAL,11.26,0.29,4,632,No,0
32,male,Master,118328.0,9,MORTGAGE,5000.0,MEDICAL,8.06,0.04,6,619,Yes,0
33,male,Master,55437.0,10,RENT,5000.0,PERSONAL,15.99,0.09,6,635,Yes,0
23,male,Associate,89867.0,2,RENT,12000.0,MEDICAL,12.53,0.13,4,644,Yes,0
24,female,Bachelor,34463.0,1,RENT,4190.0,PERSONAL,14.75,0.12,4,552,Yes,0
27,male,Associate,48316.0,8,RENT,2800.0,DEBTCONSOLIDATION,15.96,0.06,7,645,No,1
58,male,Associate,48809.0,29,RENT,2500.0,VENTURE,10.37,0.05,27,638,Yes,0
30,male,Bachelor,70591.0,9,RENT,5991.0,PERSONAL,6.14,0.08,6,627,No,0
28,female,Bachelor,271042.0,5,MORTGAGE,6000.0,DEBTCONSOLIDATION,11.12,0.02,7,686,No,0
35,female,Master,329467.0,14,MORTGAGE,25000.0,MEDICAL,14.59,0.08,6,638,No,1
34,male,Associate,78779.0,12,RENT,1300.0,HOMEIMPROVEMENT,6.54,0.02,7,588,Yes,0
23,male,High School,36732.0,0,OWN,3000.0,PERSONAL,11.14,0.08,3,590,Yes,0
25,male,High School,58455.0,3,RENT,6000.0,MEDICAL,12.99,0.1,3,629,Yes,0
30,male,Master,23739.0,7,OWN,2100.0,PERSONAL,7.14,0.09,5,549,Yes,0
22,female,Master,58359.0,0,RENT,7750.0,PERSONAL,7.74,0.13,2,656,No,0
27,male,Master,133145.0,1,MORTGAGE,30000.0,VENTURE,11.11,0.23,6,546,Yes,0
23,male,Associate,109017.0,1,RENT,10000.0,EDUCATION,12.69,0.09,4,483,Yes,0
30,male,High School,35595.0,8,MORTGAGE,2000.0,EDUCATION,10.66,0.06,9,551,No,0
47,male,Associate,85012.0,25,RENT,9000.0,EDUCATION,12.87,0.11,14,658,No,0
25,female,High School,61330.0,0,RENT,10000.0,HOMEIMPROVEMENT,14.49,0.16,4,526,Yes,0
24,female,High School,84894.0,0,RENT,10125.0,VENTURE,14.65,0.12,3,673,Yes,0
35,male,Master,41610.0,14,RENT,3200.0,VENTURE,16.49,0.08,5,672,No,0
34,male,Bachelor,157078.0,10,MORTGAGE,5000.0,HOMEIMPROVEMENT,17.56,0.03,7,634,No,0
30,male,Master,78426.0,7,RENT,9000.0,MEDICAL,16.0,0.11,5,692,No,1
34,female,Bachelor,32588.0,11,MORTGAGE,3600.0,DEBTCONSOLIDATION,9.88,0.11,5,696,No,0
23,female,Master,119029.0,0,MORTGAGE,9400.0,PERSONAL,6.62,0.08,3,607,No,0
36,male,High School,44438.0,13,RENT,2500.0,DEBTCONSOLIDATION,9.76,0.06,12,670,Yes,0
23,male,High School,64829.0,0,RENT,17500.0,VENTURE,6.54,0.27,2,606,No,1
23,female,Master,75339.0,0,MORTGAGE,10000.0,MEDICAL,9.07,0.13,4,619,No,0
30,male,High School,67203.0,8,RENT,10000.0,MEDICAL,10.85,0.15,8,625,Yes,0
23,male,Bachelor,30724.0,1,RENT,5000.0,EDUCATION,10.99,0.16,4,523,Yes,0
24,female,High School,121186.0,3,MORTGAGE,16000.0,VENTURE,6.54,0.13,2,666,No,0
22,male,Associate,34092.0,0,RENT,8452.0,VENTURE,6.82,0.25,3,629,No,0
28,male,High School,152579.0,4,MORTGAGE,12000.0,HOMEIMPROVEMENT,11.71,0.08,8,564,No,0
24,female,High School,42776.0,4,MORTGAGE,13000.0,PERSONAL,14.74,0.3,3,595,Yes,0
25,male,Associate,39860.0,5,RENT,4000.0,MEDICAL,10.08,0.1,2,582,Yes,0
23,male,Bachelor,55163.0,0,RENT,5275.0,MEDICAL,10.39,0.1,2,652,Yes,0
29,male,Bachelor,83596.0,9,RENT,4800.0,MEDICAL,11.11,0.06,10,615,Yes,0
24,female,High School,30989.0,0,RENT,4537.0,PERSONAL,10.08,0.15,3,520,Yes,0
22,male,High School,55562.0,0,RENT,5000.0,VENTURE,10.3,0.09,5,559,Yes,0
22,male,Associate,42297.0,0,RENT,10000.0,DEBTCONSOLIDATION,13.79,0.24,2,662,Yes,0
32,male,Bachelor,49084.0,9,RENT,9000.0,DEBTCONSOLIDATION,14.35,0.18,6,643,Yes,0
27,female,Bachelor,49022.0,3,RENT,5000.0,EDUCATION,7.29,0.1,5,619,No,0
24,male,Master,63554.0,0,RENT,8000.0,EDUCATION,12.45,0.13,3,669,No,0
23,female,Associate,85649.0,2,MORTGAGE,14713.0,MEDICAL,11.37,0.17,4,654,No,1
22,female,Associate,61117.0,0,RENT,7500.0,VENTURE,8.32,0.12,2,543,Yes,0
23,male,Master,84882.0,0,RENT,12000.0,MEDICAL,11.01,0.14,2,634,Yes,0
27,female,High School,64123.0,5,MORTGAGE,13000.0,VENTURE,11.01,0.2,10,611,No,0
22,male,Bachelor,81178.0,0,RENT,9300.0,DEBTCONSOLIDATION,11.01,0.11,3,622,Yes,0
22,female,Associate,84858.0,0,RENT,12000.0,MEDICAL,12.53,0.14,3,577,No,0
23,male,High School,37145.0,3,MORTGAGE,6000.0,EDUCATION,12.34,0.16,3,609,Yes,0
46,female,Associate,59740.0,23,RENT,2800.0,MEDICAL,10.59,0.05,13,566,Yes,0
24,female,High School,52737.0,4,RENT,10000.0,MEDICAL,13.16,0.19,4,630,No,0
37,female,Associate,39708.0,16,RENT,6081.0,HOMEIMPROVEMENT,10.19,0.15,13,616,No,1
27,female,Associate,22682.0,3,RENT,8000.0,EDUCATION,10.75,0.35,10,639,No,1
30,male,High School,79149.0,8,MORTGAGE,20000.0,HOMEIMPROVEMENT,16.77,0.25,5,564,Yes,0
23,female,Master,156596.0,1,MORTGAGE,30000.0,DEBTCONSOLIDATION,9.92,0.19,4,532,Yes,0
22,female,High School,72838.0,0,MORTGAGE,24250.0,VENTURE,15.31,0.33,2,628,No,0
23,female,High School,33720.0,0,RENT,5800.0,PERSONAL,13.06,0.17,3,683,Yes,0
26,male,Bachelor,150897.0,0,MORTGAGE,20000.0,DEBTCONSOLIDATION,11.66,0.13,5,660,Yes,0
23,female,Associate,46594.0,0,RENT,7300.0,MEDICAL,11.01,0.16,2,579,Yes,0
29,female,Master,42828.0,2,RENT,7000.0,MEDICAL,11.6,0.16,8,686,Yes,0
29,female,Bachelor,46114.0,7,RENT,3300.0,EDUCATION,10.37,0.07,8,681,Yes,0
23,female,Bachelor,78931.0,3,MORTGAGE,7000.0,MEDICAL,7.9,0.09,4,659,No,0
25,male,Master,46571.0,4,RENT,4800.0,MEDICAL,11.71,0.1,4,666,Yes,0
36,female,Doctorate,52548.0,16,RENT,4000.0,DEBTCONSOLIDATION,13.92,0.08,14,620,No,0
29,male,Master,151077.0,9,MORTGAGE,3400.0,VENTURE,9.91,0.02,7,590,Yes,0
44,female,High School,47126.0,20,MORTGAGE,6825.0,HOMEIMPROVEMENT,8.9,0.14,11,626,Yes,0
26,male,Master,109394.0,2,MORTGAGE,5582.0,MEDICAL,9.52,0.05,5,659,Yes,0
24,male,Bachelor,49151.0,2,RENT,10800.0,DEBTCONSOLIDATION,6.92,0.22,4,532,Yes,0
25,male,Bachelor,90416.0,1,MORTGAGE,15000.0,DEBTCONSOLIDATION,9.99,0.17,4,635,Yes,0
23,male,High School,121002.0,3,MORTGAGE,25000.0,VENTURE,11.71,0.21,4,535,Yes,0
28,male,Bachelor,78694.0,5,MORTGAGE,10000.0,VENTURE,7.49,0.13,5,549,Yes,0
27,male,Bachelor,168827.0,6,RENT,5000.0,VENTURE,9.99,0.03,8,670,No,0
25,male,Master,185816.0,1,MORTGAGE,21600.0,EDUCATION,10.37,0.12,3,648,No,0
35,female,Associate,82555.0,15,MORTGAGE,32000.0,PERSONAL,19.03,0.39,7,641,Yes,0
22,female,High School,87472.0,0,RENT,7500.0,EDUCATION,11.41,0.09,3,646,No,0
25,female,Master,58532.0,6,RENT,6000.0,EDUCATION,10.57,0.1,3,608,Yes,0
27,male,Associate,62596.0,6,OWN,3500.0,HOMEIMPROVEMENT,7.88,0.06,5,623,No,0
40,male,High School,108894.0,15,MORTGAGE,2800.0,DEBTCONSOLIDATION,10.65,0.03,14,591,No,0
27,male,Doctorate,29134.0,3,RENT,4000.0,MEDICAL,9.23,0.14,5,696,No,0
30,female,Associate,35958.0,11,RENT,2000.0,MEDICAL,11.48,0.06,10,678,No,0
25,male,Associate,28569.0,2,RENT,6000.0,MEDICAL,11.01,0.21,3,679,Yes,0
24,female,High School,106533.0,1,MORTGAGE,25000.0,HOMEIMPROVEMENT,14.54,0.23,2,518,Yes,0
23,male,Associate,55073.0,0,RENT,13500.0,EDUCATION,7.88,0.25,3,631,Yes,0
28,male,Associate,50186.0,7,RENT,2000.0,VENTURE,13.43,0.04,8,637,No,0
25,male,High School,151125.0,1,MORTGAGE,8000.0,EDUCATION,13.8,0.05,3,483,Yes,0
29,male,Associate,64432.0,7,RENT,5600.0,PERSONAL,11.99,0.09,10,618,No,0
52,male,Bachelor,102892.0,31,RENT,11000.0,DEBTCONSOLIDATION,12.42,0.11,25,685,No,0
29,female,High School,68155.0,8,MORTGAGE,16000.0,VENTURE,14.65,0.23,6,660,Yes,0
22,female,High School,58041.0,0,MORTGAGE,4000.0,MEDICAL,6.62,0.07,2,635,Yes,0
24,male,Master,77788.0,1,OWN,3000.0,EDUCATION,11.01,0.04,4,670,Yes,0
23,female,Master,115033.0,3,MORTGAGE,12000.0,VENTURE,11.99,0.1,3,684,No,0
23,male,Associate,92220.0,1,RENT,10000.0,EDUCATION,15.37,0.11,3,646,No,0
27,male,Associate,54934.0,8,MORTGAGE,3900.0,HOMEIMPROVEMENT,11.36,0.07,6,652,Yes,0
27,female,Associate,46798.0,7,RENT,7000.0,VENTURE,7.66,0.15,6,622,Yes,0
38,male,High School,75177.0,18,RENT,12000.0,DEBTCONSOLIDATION,11.01,0.16,16,585,Yes,0
23,male,High School,91996.0,0,RENT,15000.0,VENTURE,10.74,0.16,4,647,Yes,0
26,male,Associate,106728.0,3,RENT,10000.0,PERSONAL,12.69,0.09,4,677,Yes,0
24,male,Bachelor,84396.0,3,RENT,15000.0,VENTURE,13.24,0.18,4,570,Yes,0
23,female,High School,144100.0,1,MORTGAGE,12000.0,EDUCATION,7.88,0.08,4,592,Yes,0
29,female,Associate,24182.0,6,RENT,2000.0,DEBTCONSOLIDATION,5.99,0.08,7,624,No,1
23,male,Associate,73261.0,0,MORTGAGE,6000.0,PERSONAL,8.9,0.08,4,681,Yes,0
27,female,Bachelor,73287.0,3,RENT,2400.0,MEDICAL,12.69,0.03,8,659,Yes,0
33,male,High School,80182.0,9,RENT,10600.0,PERSONAL,12.99,0.13,7,670,Yes,0
28,male,High School,120843.0,2,MORTGAGE,10000.0,PERSONAL,5.42,0.08,8,566,No,0
29,female,High School,55231.0,7,OWN,6800.0,EDUCATION,10.62,0.12,5,642,Yes,0
26,male,Bachelor,36851.0,4,OWN,12000.0,PERSONAL,11.36,0.33,3,564,Yes,0
22,female,Bachelor,29678.0,0,OWN,5000.0,MEDICAL,12.21,0.17,3,589,Yes,0
27,female,Bachelor,43107.0,6,RENT,8575.0,VENTURE,15.27,0.2,6,708,Yes,0
39,male,High School,143628.0,19,MORTGAGE,5128.0,DEBTCONSOLIDATION,11.05,0.04,11,512,Yes,0
41,male,Associate,66629.0,22,RENT,12000.0,DEBTCONSOLIDATION,12.53,0.18,15,582,No,0
27,male,Associate,61105.0,3,OWN,12000.0,VENTURE,5.42,0.2,7,651,Yes,0
27,male,Bachelor,78924.0,4,MORTGAGE,4500.0,HOMEIMPROVEMENT,13.92,0.06,7,665,No,0
30,male,Master,44297.0,8,MORTGAGE,2400.0,HOMEIMPROVEMENT,10.65,0.05,10,668,No,0
23,female,Bachelor,44453.0,0,RENT,5000.0,MEDICAL,13.22,0.11,4,629,Yes,0
23,male,Bachelor,39997.0,0,RENT,4800.0,VENTURE,11.99,0.12,2,619,Yes,0
37,female,Associate,104324.0,15,RENT,6000.0,PERSONAL,7.14,0.06,17,586,Yes,0
23,female,Bachelor,25808.0,0,RENT,4200.0,EDUCATION,11.01,0.16,3,644,Yes,0
26,female,Bachelor,81197.0,0,MORTGAGE,2500.0,PERSONAL,11.49,0.03,4,680,No,0
26,female,Master,69583.0,4,RENT,10000.0,VENTURE,7.9,0.14,4,698,No,0
30,female,Associate,26236.0,11,OWN,7750.0,EDUCATION,8.87,0.3,9,661,Yes,0
27,female,Bachelor,129916.0,2,MORTGAGE,20000.0,HOMEIMPROVEMENT,12.68,0.15,5,620,Yes,0
29,male,High School,86627.0,9,RENT,9700.0,DEBTCONSOLIDATION,8.94,0.11,5,572,Yes,0
37,female,Associate,67869.0,14,MORTGAGE,17000.0,PERSONAL,8.7,0.25,12,645,Yes,0
22,female,High School,79447.0,3,RENT,12500.0,EDUCATION,6.91,0.16,2,697,Yes,0
29,female,Doctorate,41991.0,4,MORTGAGE,3000.0,VENTURE,13.61,0.07,9,682,Yes,0
30,female,Bachelor,126895.0,10,MORTGAGE,6000.0,VENTURE,12.84,0.05,10,682,Yes,0
21,female,Bachelor,28786.0,0,MORTGAGE,3000.0,DEBTCONSOLIDATION,13.35,0.1,3,638,Yes,0
39,male,High School,85179.0,18,RENT,6000.0,HOMEIMPROVEMENT,8.94,0.07,12,643,Yes,0
34,male,Associate,144901.0,10,RENT,12000.0,PERSONAL,11.49,0.08,6,640,No,0
33,male,High School,62066.0,10,RENT,10000.0,VENTURE,16.4,0.16,10,601,Yes,0
24,male,Associate,58813.0,0,MORTGAGE,10000.0,MEDICAL,7.49,0.17,3,680,No,0
25,male,Bachelor,120850.0,4,MORTGAGE,12000.0,EDUCATION,8.94,0.1,4,622,No,0
24,male,Bachelor,37331.0,0,RENT,10000.0,MEDICAL,14.9,0.27,4,663,No,1
23,female,High School,30032.0,0,OWN,6000.0,MEDICAL,12.67,0.2,4,668,No,0
23,female,High School,82168.0,0,MORTGAGE,20000.0,EDUCATION,16.28,0.24,4,617,Yes,0
28,male,Bachelor,104422.0,6,MORTGAGE,6000.0,DEBTCONSOLIDATION,5.79,0.06,10,628,No,0
24,female,Associate,22084.0,4,RENT,3000.0,EDUCATION,15.27,0.14,2,612,No,1
23,female,Bachelor,33579.0,2,RENT,6000.0,EDUCATION,11.66,0.18,3,616,Yes,0
30,male,Bachelor,116255.0,10,MORTGAGE,7000.0,EDUCATION,6.03,0.06,10,674,Yes,0
28,male,High School,33591.0,7,OWN,2400.0,PERSONAL,10.99,0.07,5,689,No,0
23,male,Associate,44197.0,1,RENT,5000.0,EDUCATION,13.75,0.11,3,474,Yes,0
29,male,Associate,66419.0,11,MORTGAGE,4275.0,PERSONAL,11.01,0.06,5,672,Yes,0
32,male,Bachelor,156937.0,8,RENT,12500.0,PERSONAL,9.99,0.08,6,684,Yes,0
32,female,Bachelor,36968.0,6,RENT,3350.0,PERSONAL,11.82,0.09,9,697,No,0
27,male,Associate,42830.0,4,RENT,7000.0,VENTURE,12.69,0.16,5,643,Yes,0
21,female,Associate,103264.0,0,RENT,15000.0,VENTURE,10.95,0.15,3,530,Yes,0
22,male,Master,48486.0,0,RENT,11000.0,DEBTCONSOLIDATION,12.68,0.23,2,571,No,0
24,female,Master,96551.0,0,OWN,25123.0,PERSONAL,10.38,0.26,3,620,Yes,0
30,male,Bachelor,126994.0,5,RENT,24250.0,HOMEIMPROVEMENT,15.65,0.19,7,627,Yes,0
30,male,Bachelor,108755.0,7,MORTGAGE,7000.0,HOMEIMPROVEMENT,11.71,0.06,10,650,Yes,0
32,female,Bachelor,90928.0,7,MORTGAGE,2000.0,VENTURE,15.65,0.02,10,636,Yes,0
25,male,High School,111676.0,0,MORTGAGE,2500.0,HOMEIMPROVEMENT,15.27,0.02,3,597,No,1
23,female,High School,73078.0,0,RENT,3600.0,EDUCATION,9.99,0.05,2,656,Yes,0
46,male,Associate,73266.0,22,RENT,15000.0,MEDICAL,13.49,0.2,17,609,Yes,0
29,female,Associate,90857.0,7,MORTGAGE,4000.0,MEDICAL,10.75,0.04,9,652,No,0
41,male,Bachelor,43295.0,19,MORTGAGE,1500.0,PERSONAL,10.38,0.03,16,570,No,0
26,male,High School,68561.0,3,MORTGAGE,8400.0,MEDICAL,10.7,0.12,7,579,No,1
28,female,Associate,100416.0,6,MORTGAGE,5000.0,DEBTCONSOLIDATION,11.01,0.05,9,671,Yes,0
25,female,Bachelor,72774.0,5,MORTGAGE,12500.0,MEDICAL,11.49,0.17,2,695,No,0
34,female,High School,126905.0,13,MORTGAGE,12000.0,VENTURE,6.99,0.09,5,620,Yes,0
26,female,Associate,56776.0,1,RENT,2500.0,DEBTCONSOLIDATION,14.72,0.04,3,624,No,0
29,male,Master,73149.0,7,MORTGAGE,4185.0,DEBTCONSOLIDATION,8.92,0.06,10,565,No,0
23,male,Bachelor,101542.0,0,RENT,10000.0,DEBTCONSOLIDATION,5.99,0.1,2,667,No,0
28,male,Bachelor,61022.0,6,RENT,8000.0,MEDICAL,7.14,0.13,7,612,Yes,0
32,female,High School,127061.0,8,RENT,3000.0,EDUCATION,11.01,0.02,7,567,Yes,0
22,male,Bachelor,26762.0,0,RENT,2100.0,MEDICAL,9.99,0.08,4,602,Yes,0
24,female,Master,35629.0,1,MORTGAGE,8583.0,MEDICAL,11.44,0.24,2,705,No,0
23,female,Associate,120893.0,0,MORTGAGE,10000.0,PERSONAL,8.97,0.08,3,627,No,0
23,female,Bachelor,45507.0,0,RENT,2000.0,PERSONAL,11.14,0.04,4,635,Yes,0
36,male,Master,44353.0,13,RENT,2500.0,EDUCATION,9.76,0.06,15,640,Yes,0
26,male,Bachelor,37198.0,6,RENT,3000.0,DEBTCONSOLIDATION,13.49,0.08,4,652,No,0
38,female,Master,34373.0,17,OWN,1442.0,EDUCATION,13.0,0.04,13,652,Yes,0
36,female,Bachelor,87652.0,13,MORTGAGE,8000.0,EDUCATION,6.92,0.09,12,623,Yes,0
22,male,High School,93312.0,0,RENT,6800.0,EDUCATION,13.22,0.07,3,625,Yes,0
27,female,Bachelor,224452.0,5,MORTGAGE,10000.0,VENTURE,11.71,0.04,6,704,No,0
27,female,Bachelor,53841.0,2,RENT,3500.0,MEDICAL,12.98,0.07,10,648,Yes,0
26,male,Bachelor,50946.0,4,RENT,10466.0,DEBTCONSOLIDATION,9.4,0.21,5,583,Yes,0
29,female,High School,92117.0,4,RENT,7200.0,MEDICAL,11.01,0.08,8,677,Yes,0
25,female,High School,205187.0,2,MORTGAGE,25000.0,MEDICAL,10.75,0.12,2,675,Yes,0
27,female,Associate,204903.0,9,RENT,12075.0,VENTURE,12.42,0.06,10,712,No,0
21,male,Bachelor,75284.0,0,MORTGAGE,6000.0,PERSONAL,7.51,0.08,4,658,Yes,0
24,male,Associate,84246.0,1,MORTGAGE,2400.0,MEDICAL,11.01,0.03,4,613,Yes,0
25,male,High School,52217.0,1,RENT,12000.0,DEBTCONSOLIDATION,11.4,0.23,3,515,Yes,0
23,female,Associate,36711.0,0,RENT,14000.0,MEDICAL,11.26,0.38,3,554,No,1
22,male,High School,68489.0,0,RENT,2800.0,VENTURE,15.31,0.04,2,657,Yes,0
28,male,Master,119742.0,7,MORTGAGE,8124.0,EDUCATION,9.9,0.07,6,680,No,0
30,female,High School,102285.0,8,RENT,12000.0,PERSONAL,8.88,0.12,7,640,No,0
26,male,Bachelor,120967.0,3,MORTGAGE,24000.0,EDUCATION,10.99,0.2,4,706,No,0
28,male,Associate,149194.0,2,RENT,6500.0,DEBTCONSOLIDATION,9.4,0.04,8,636,Yes,0
23,male,Bachelor,66992.0,0,MORTGAGE,2000.0,DEBTCONSOLIDATION,11.86,0.03,3,645,No,0
28,male,Associate,180823.0,5,MORTGAGE,10000.0,EDUCATION,10.77,0.06,6,694,No,0
24,male,Associate,88718.0,1,RENT,5500.0,PERSONAL,11.49,0.06,3,573,Yes,0
23,female,Bachelor,29733.0,0,OWN,8000.0,EDUCATION,15.62,0.27,2,639,No,0
24,female,Associate,162889.0,4,MORTGAGE,12000.0,EDUCATION,9.38,0.07,2,609,Yes,0
27,female,Associate,60961.0,3,MORTGAGE,12000.0,PERSONAL,11.71,0.2,10,615,Yes,0
23,female,Associate,51299.0,0,RENT,8000.0,HOMEIMPROVEMENT,15.58,0.16,2,650,No,1
24,female,Bachelor,72232.0,2,MORTGAGE,4200.0,EDUCATION,10.59,0.06,2,627,Yes,0
28,female,High School,42206.0,1,MORTGAGE,6125.0,MEDICAL,16.89,0.15,10,651,No,1
32,female,Master,63679.0,12,RENT,4400.0,PERSONAL,11.01,0.07,5,709,No,0
32,female,Bachelor,39402.0,12,RENT,5000.0,DEBTCONSOLIDATION,18.25,0.13,7,654,No,1
25,male,High School,75581.0,3,MORTGAGE,5400.0,MEDICAL,15.21,0.07,3,653,No,1
24,male,Bachelor,54254.0,0,OTHER,10000.0,MEDICAL,13.22,0.18,4,621,Yes,0
31,male,Master,41862.0,6,RENT,4000.0,PERSONAL,10.17,0.1,10,724,No,0
33,female,Associate,66765.0,14,RENT,10000.0,MEDICAL,9.46,0.15,6,675,Yes,0
33,female,Doctorate,58558.0,12,OWN,14400.0,VENTURE,12.42,0.25,10,723,No,0
25,male,Associate,73094.0,3,RENT,7000.0,VENTURE,15.62,0.1,4,687,Yes,0
28,female,Bachelor,43089.0,6,RENT,4800.0,MEDICAL,13.49,0.11,5,623,Yes,0
22,male,Associate,61055.0,3,RENT,10200.0,EDUCATION,15.21,0.17,4,649,Yes,0
22,male,Associate,57400.0,0,RENT,19200.0,DEBTCONSOLIDATION,12.29,0.33,4,622,No,1
37,male,High School,58328.0,12,RENT,10950.0,VENTURE,5.99,0.19,13,561,Yes,0
37,male,High School,193194.0,13,MORTGAGE,14151.0,VENTURE,7.3,0.07,15,596,Yes,0
28,female,Associate,105338.0,3,RENT,14884.0,HOMEIMPROVEMENT,10.87,0.14,8,538,Yes,0
26,male,Bachelor,79393.0,4,MORTGAGE,8000.0,HOMEIMPROVEMENT,6.99,0.1,3,614,Yes,0
43,male,Bachelor,66705.0,22,RENT,11750.0,DEBTCONSOLIDATION,10.99,0.18,16,692,Yes,0
37,female,High School,54923.0,15,RENT,2000.0,VENTURE,11.49,0.04,12,601,No,0
28,male,Bachelor,45967.0,4,RENT,2400.0,PERSONAL,7.66,0.05,5,549,Yes,0
23,female,Bachelor,36984.0,1,RENT,10300.0,PERSONAL,8.94,0.28,2,649,No,1
28,male,Associate,43171.0,6,RENT,4800.0,MEDICAL,11.62,0.11,4,669,Yes,0
27,female,Master,43231.0,4,RENT,6952.0,MEDICAL,15.01,0.16,8,679,No,1
24,male,Associate,89828.0,4,RENT,8000.0,EDUCATION,15.62,0.09,2,626,Yes,0
33,male,High School,90962.0,10,MORTGAGE,10000.0,MEDICAL,7.88,0.11,9,640,Yes,0
23,female,Master,84827.0,0,RENT,19425.0,PERSONAL,11.11,0.23,3,722,Yes,0
47,male,Associate,151897.0,23,RENT,10000.0,MEDICAL,6.91,0.07,17,662,No,0
28,male,Bachelor,120943.0,5,RENT,12000.0,VENTURE,13.61,0.1,9,656,Yes,0
24,male,Master,54847.0,2,MORTGAGE,6000.0,VENTURE,7.51,0.11,3,698,No,0
38,male,Bachelor,53648.0,16,MORTGAGE,10000.0,PERSONAL,9.63,0.19,17,716,No,0
32,male,Associate,75225.0,11,MORTGAGE,1500.0,MEDICAL,12.63,0.02,7,577,Yes,0
24,male,Bachelor,91125.0,0,MORTGAGE,8000.0,MEDICAL,15.23,0.09,3,676,Yes,0
23,male,High School,66991.0,0,MORTGAGE,5000.0,VENTURE,7.07,0.07,3,668,Yes,0
24,male,Master,29880.0,2,RENT,4750.0,DEBTCONSOLIDATION,10.62,0.16,3,705,No,0
25,female,High School,44060.0,3,MORTGAGE,6000.0,PERSONAL,7.88,0.14,4,601,Yes,0
24,male,Bachelor,151233.0,6,RENT,16800.0,VENTURE,12.42,0.11,4,720,No,0
25,female,Master,103015.0,1,RENT,12000.0,DEBTCONSOLIDATION,12.42,0.12,4,709,No,0
24,female,Master,78850.0,0,OWN,6000.0,PERSONAL,6.99,0.08,2,688,Yes,0
35,female,Bachelor,100954.0,12,MORTGAGE,11192.0,EDUCATION,10.51,0.11,10,647,Yes,0
25,male,Associate,26909.0,0,RENT,4900.0,EDUCATION,13.72,0.18,2,662,Yes,0
25,male,Bachelor,75331.0,5,RENT,8000.0,VENTURE,9.99,0.11,4,675,Yes,0
37,male,Bachelor,51543.0,17,RENT,2000.0,DEBTCONSOLIDATION,14.28,0.04,15,638,Yes,0
22,female,Bachelor,331034.0,0,OWN,12000.0,VENTURE,11.58,0.04,2,602,Yes,0
27,male,High School,181014.0,4,MORTGAGE,20000.0,PERSONAL,12.84,0.11,6,673,Yes,0
28,female,Bachelor,49005.0,6,RENT,5600.0,MEDICAL,13.38,0.11,8,532,Yes,0
27,female,Master,204788.0,5,RENT,12075.0,DEBTCONSOLIDATION,12.42,0.06,9,668,Yes,0
33,male,Associate,42957.0,9,MORTGAGE,10000.0,HOMEIMPROVEMENT,10.99,0.23,5,682,No,0
34,male,Bachelor,111454.0,9,MORTGAGE,16000.0,HOMEIMPROVEMENT,11.11,0.14,7,655,No,0
28,male,High School,30835.0,10,RENT,3000.0,DEBTCONSOLIDATION,5.42,0.1,6,581,Yes,0
26,female,Associate,71727.0,0,MORTGAGE,5000.0,DEBTCONSOLIDATION,6.94,0.07,4,634,No,1
26,female,High School,75800.0,0,RENT,5500.0,PERSONAL,9.76,0.07,4,648,Yes,0
27,female,Associate,121028.0,6,RENT,14000.0,MEDICAL,10.62,0.12,8,592,Yes,0
25,female,Associate,71678.0,5,MORTGAGE,6000.0,HOMEIMPROVEMENT,6.99,0.08,3,652,No,0
26,male,High School,73249.0,4,RENT,15000.0,DEBTCONSOLIDATION,6.03,0.2,3,638,No,0
27,female,High School,78893.0,4,MORTGAGE,6000.0,EDUCATION,11.17,0.08,5,525,Yes,0
31,female,Associate,577145.0,6,MORTGAGE,7878.0,DEBTCONSOLIDATION,5.78,0.01,8,707,Yes,0
21,male,Bachelor,40293.0,0,MORTGAGE,7800.0,PERSONAL,9.88,0.19,2,643,Yes,0
24,female,High School,144954.0,5,MORTGAGE,2464.0,EDUCATION,11.53,0.02,3,552,Yes,0
31,male,High School,45333.0,8,RENT,7500.0,PERSONAL,15.23,0.17,6,668,No,0
22,female,Master,86157.0,3,RENT,1800.0,PERSONAL,11.12,0.02,4,612,Yes,0
28,female,Associate,47561.0,2,RENT,6000.0,PERSONAL,8.63,0.13,7,607,Yes,0
29,female,High School,89446.0,3,MORTGAGE,25000.0,EDUCATION,11.49,0.28,6,574,Yes,0
29,male,Master,116378.0,7,MORTGAGE,10000.0,PERSONAL,9.62,0.09,8,654,Yes,0
34,female,Associate,29524.0,9,RENT,6215.0,EDUCATION,10.04,0.21,14,649,No,0
22,female,Bachelor,51683.0,4,RENT,5000.0,DEBTCONSOLIDATION,12.98,0.1,4,666,No,0
25,male,Bachelor,51308.0,2,RENT,3500.0,VENTURE,5.64,0.07,4,572,Yes,0
22,male,High School,82024.0,0,RENT,7500.0,VENTURE,9.76,0.09,3,566,Yes,0
23,female,High School,19622.0,0,RENT,1200.0,VENTURE,14.91,0.06,4,626,No,1
28,male,Master,119113.0,5,MORTGAGE,1500.0,PERSONAL,5.42,0.01,5,665,No,0
23,male,High School,72178.0,4,RENT,14400.0,PERSONAL,8.9,0.2,3,691,Yes,0
22,male,Associate,90970.0,1,MORTGAGE,5600.0,PERSONAL,8.0,0.06,2,631,No,0
33,female,Bachelor,82942.0,11,RENT,8000.0,HOMEIMPROVEMENT,10.62,0.1,6,582,No,0
37,male,High School,91564.0,14,MORTGAGE,28000.0,DEBTCONSOLIDATION,7.49,0.31,15,565,No,0
28,female,Master,52730.0,8,RENT,6000.0,MEDICAL,10.39,0.11,5,620,No,0
25,female,Associate,65844.0,4,MORTGAGE,6000.0,EDUCATION,6.17,0.09,4,664,No,0
40,female,Associate,87135.0,16,MORTGAGE,14500.0,DEBTCONSOLIDATION,7.88,0.17,12,696,Yes,0
23,male,Associate,41006.0,0,RENT,1800.0,MEDICAL,11.99,0.04,3,647,Yes,0
33,male,High School,156986.0,12,MORTGAGE,2400.0,PERSONAL,5.42,0.02,7,686,Yes,0
23,male,High School,84868.0,3,RENT,10000.0,DEBTCONSOLIDATION,9.63,0.12,3,553,Yes,0
39,female,Associate,103153.0,19,RENT,12000.0,HOMEIMPROVEMENT,7.14,0.12,13,479,Yes,0
21,male,Associate,49189.0,1,OWN,15000.0,MEDICAL,13.16,0.3,4,573,Yes,0
32,male,Associate,32450.0,9,RENT,4000.0,DEBTCONSOLIDATION,8.78,0.12,11,660,No,0
25,female,Master,65759.0,2,RENT,6182.0,HOMEIMPROVEMENT,16.45,0.09,4,607,No,1
25,male,High School,252700.0,2,MORTGAGE,12646.0,PERSONAL,11.5,0.05,4,581,Yes,0
22,male,Associate,82708.0,2,MORTGAGE,13000.0,VENTURE,7.88,0.16,4,617,Yes,0
48,female,Doctorate,114872.0,22,MORTGAGE,7463.0,DEBTCONSOLIDATION,6.73,0.06,15,745,No,0
43,male,High School,147882.0,21,MORTGAGE,9150.0,EDUCATION,6.03,0.06,12,608,Yes,0
37,female,High School,90009.0,15,OWN,7492.0,VENTURE,7.17,0.08,14,695,Yes,0
22,male,Associate,75406.0,0,MORTGAGE,5000.0,VENTURE,8.59,0.07,4,658,Yes,0
30,female,Associate,66619.0,5,RENT,15800.0,DEBTCONSOLIDATION,14.72,0.24,9,546,Yes,0
27,male,Bachelor,80180.0,5,RENT,20000.0,DEBTCONSOLIDATION,10.62,0.25,9,708,No,0
22,male,Bachelor,91015.0,2,MORTGAGE,9000.0,VENTURE,6.99,0.1,3,616,Yes,0
46,male,High School,72899.0,24,RENT,4800.0,MEDICAL,12.12,0.07,16,671,No,0
35,male,Master,117276.0,12,MORTGAGE,25000.0,VENTURE,16.97,0.21,8,680,No,0
27,female,Associate,76571.0,0,RENT,18000.0,EDUCATION,10.39,0.24,8,610,Yes,0
22,male,Associate,103459.0,0,MORTGAGE,20000.0,EDUCATION,13.49,0.19,2,643,No,0
43,male,High School,66875.0,18,OWN,2000.0,PERSONAL,12.53,0.03,11,708,Yes,0
24,female,Associate,109169.0,0,RENT,15000.0,DEBTCONSOLIDATION,7.9,0.14,2,620,No,0
28,male,Master,65140.0,6,RENT,5000.0,VENTURE,12.18,0.08,5,648,Yes,0
23,male,High School,136539.0,0,MORTGAGE,12000.0,DEBTCONSOLIDATION,7.66,0.09,4,531,Yes,0
34,female,High School,166463.0,13,MORTGAGE,25000.0,MEDICAL,11.12,0.15,6,666,No,0
31,female,Associate,106581.0,6,RENT,13225.0,DEBTCONSOLIDATION,12.42,0.12,7,661,No,0
25,male,High School,120802.0,5,MORTGAGE,7500.0,EDUCATION,13.99,0.06,4,568,Yes,0
31,male,Bachelor,36764.0,6,RENT,6000.0,PERSONAL,13.23,0.16,5,581,Yes,0
39,male,High School,50003.0,14,OWN,3500.0,HOMEIMPROVEMENT,8.59,0.07,14,582,Yes,0
32,female,Bachelor,170510.0,6,MORTGAGE,6218.0,MEDICAL,8.84,0.04,12,711,Yes,0
22,female,Master,79125.0,0,MORTGAGE,8429.0,EDUCATION,11.96,0.11,4,594,Yes,0
41,male,Associate,124600.0,20,MORTGAGE,20000.0,DEBTCONSOLIDATION,14.61,0.16,16,652,No,1
22,male,Master,87248.0,0,MORTGAGE,13000.0,EDUCATION,11.01,0.15,3,583,No,0
27,male,High School,97056.0,4,MORTGAGE,20000.0,EDUCATION,11.36,0.21,8,651,No,0
22,female,High School,82279.0,2,MORTGAGE,16000.0,DEBTCONSOLIDATION,7.9,0.19,4,628,No,0
23,male,High School,42828.0,0,RENT,7500.0,PERSONAL,12.61,0.18,4,659,Yes,0
24,male,High School,52599.0,3,MORTGAGE,6000.0,MEDICAL,10.65,0.11,3,620,Yes,0
32,female,High School,102380.0,11,RENT,10000.0,DEBTCONSOLIDATION,9.88,0.1,10,602,Yes,0
21,male,Bachelor,22366.0,0,OWN,6250.0,VENTURE,10.62,0.28,4,637,No,1
30,male,High School,15457.0,6,MORTGAGE,3250.0,HOMEIMPROVEMENT,10.55,0.21,8,657,No,1
30,male,Master,115132.0,5,MORTGAGE,25000.0,PERSONAL,11.12,0.22,6,612,No,0
35,male,High School,95223.0,6,MORTGAGE,30331.0,VENTURE,17.33,0.32,8,566,Yes,0
24,male,High School,102812.0,2,RENT,10000.0,PERSONAL,16.0,0.1,3,601,Yes,0
26,female,Associate,82944.0,2,MORTGAGE,6500.0,VENTURE,12.65,0.08,4,583,Yes,0
27,female,Bachelor,144944.0,7,RENT,11050.0,EDUCATION,12.69,0.08,6,546,Yes,0
33,female,Bachelor,37026.0,14,RENT,2972.0,DEBTCONSOLIDATION,10.71,0.08,8,677,No,0
28,female,Associate,59242.0,3,RENT,12000.0,VENTURE,12.87,0.2,10,622,Yes,0
33,male,Associate,169108.0,11,MORTGAGE,11365.0,HOMEIMPROVEMENT,6.1,0.07,8,634,No,0
22,female,Associate,24872.0,0,OWN,2100.0,EDUCATION,8.38,0.08,4,630,Yes,0
39,male,Bachelor,65457.0,16,RENT,7000.0,HOMEIMPROVEMENT,9.62,0.11,15,686,No,0
26,male,Associate,78831.0,0,RENT,4200.0,DEBTCONSOLIDATION,15.2,0.05,4,618,Yes,0
37,male,Bachelor,32967.0,16,RENT,2000.0,MEDICAL,13.16,0.06,12,694,Yes,0
25,male,High School,175014.0,2,MORTGAGE,12000.0,MEDICAL,5.79,0.07,2,586,No,0
25,male,Bachelor,63706.0,2,MORTGAGE,3900.0,EDUCATION,11.01,0.06,4,580,Yes,0
31,female,High School,313060.0,7,MORTGAGE,25000.0,MEDICAL,13.57,0.08,6,670,No,0
41,female,High School,65041.0,21,MORTGAGE,11000.0,VENTURE,11.01,0.17,14,574,Yes,0
28,male,High School,191586.0,5,RENT,6000.0,PERSONAL,15.95,0.03,10,574,No,1
28,male,Associate,75233.0,9,RENT,9200.0,MEDICAL,10.0,0.12,9,662,Yes,0
27,male,Master,37121.0,3,RENT,5500.0,PERSONAL,10.94,0.15,6,494,Yes,0
45,male,Associate,150821.0,26,MORTGAGE,12000.0,HOMEIMPROVEMENT,6.03,0.08,14,712,No,0
24,female,High School,104602.0,1,RENT,9000.0,HOMEIMPROVEMENT,12.69,0.09,2,657,No,0
31,male,Bachelor,41599.0,7,MORTGAGE,15250.0,MEDICAL,12.53,0.37,8,674,Yes,0
24,male,High School,87453.0,2,RENT,7128.0,EDUCATION,8.42,0.08,3,614,No,0
24,male,Master,30920.0,1,RENT,4000.0,DEBTCONSOLIDATION,11.48,0.13,4,663,Yes,0
25,male,Bachelor,102473.0,2,RENT,4500.0,HOMEIMPROVEMENT,12.18,0.04,2,669,Yes,0
25,female,Associate,116433.0,1,RENT,12000.0,VENTURE,11.99,0.1,3,660,Yes,0
25,male,Associate,63197.0,1,MORTGAGE,6000.0,MEDICAL,7.66,0.09,2,636,Yes,0
24,female,Associate,57242.0,5,RENT,8000.0,EDUCATION,10.49,0.14,4,642,Yes,0
24,female,High School,105683.0,2,MORTGAGE,10000.0,EDUCATION,7.19,0.09,4,636,No,0
23,male,Master,85171.0,0,MORTGAGE,20000.0,EDUCATION,12.21,0.23,4,671,Yes,0
22,male,Master,36652.0,0,RENT,3500.0,MEDICAL,13.92,0.1,4,557,Yes,0
25,female,High School,53032.0,4,RENT,3000.0,EDUCATION,6.15,0.06,5,655,No,0
22,male,Bachelor,84791.0,0,RENT,20000.0,PERSONAL,6.91,0.24,4,592,Yes,0
24,female,High School,64658.0,1,RENT,10000.0,DEBTCONSOLIDATION,7.95,0.15,4,652,No,0
40,female,Bachelor,208554.0,15,RENT,20000.0,DEBTCONSOLIDATION,11.01,0.1,13,706,Yes,0
21,male,Bachelor,49181.0,2,RENT,4200.0,MEDICAL,7.51,0.09,4,619,Yes,0
22,male,Master,50139.0,0,RENT,2000.0,EDUCATION,6.62,0.04,3,687,Yes,0
23,female,Associate,94868.0,2,MORTGAGE,4200.0,DEBTCONSOLIDATION,13.06,0.04,3,640,No,0
21,female,Associate,27576.0,0,RENT,4941.0,EDUCATION,13.36,0.18,3,609,No,0
31,female,Bachelor,66049.0,10,RENT,9730.0,PERSONAL,13.24,0.15,9,697,No,1
28,male,Bachelor,169051.0,6,OWN,17600.0,EDUCATION,12.42,0.1,6,508,Yes,0
23,male,Associate,99637.0,0,MORTGAGE,9000.0,VENTURE,7.49,0.09,3,650,No,0
28,male,High School,123259.0,2,MORTGAGE,15000.0,EDUCATION,13.92,0.12,8,635,No,0
29,male,Bachelor,46726.0,5,RENT,12000.0,PERSONAL,13.48,0.26,10,632,No,1
28,female,Bachelor,116093.0,7,OWN,3000.0,PERSONAL,9.63,0.03,7,622,No,0
37,male,High School,90407.0,11,OWN,7500.0,VENTURE,7.05,0.08,14,690,No,0
23,male,High School,47415.0,1,MORTGAGE,6500.0,MEDICAL,11.01,0.14,4,613,Yes,0
27,female,Master,61027.0,0,MORTGAGE,10000.0,DEBTCONSOLIDATION,12.84,0.16,10,595,No,0
39,female,High School,61025.0,16,RENT,12000.0,PERSONAL,11.71,0.2,15,600,No,0
27,female,Bachelor,33366.0,5,OWN,6000.0,VENTURE,8.0,0.18,6,631,Yes,0
29,male,Associate,102105.0,6,RENT,5928.0,VENTURE,8.71,0.06,9,684,No,0
30,female,Bachelor,85089.0,9,MORTGAGE,5545.0,MEDICAL,6.67,0.07,9,701,Yes,0
28,female,Associate,54226.0,6,MORTGAGE,20000.0,VENTURE,9.45,0.37,10,606,Yes,0
22,male,Associate,47164.0,0,MORTGAGE,10000.0,EDUCATION,14.15,0.21,3,661,Yes,0
23,male,Associate,34523.0,0,RENT,7000.0,DEBTCONSOLIDATION,10.43,0.2,3,620,Yes,0
25,female,Associate,32178.0,4,MORTGAGE,3825.0,EDUCATION,11.71,0.12,2,691,Yes,0
44,male,Associate,123674.0,24,RENT,15000.0,MEDICAL,8.94,0.12,12,623,No,0
40,female,Master,89543.0,14,MORTGAGE,7125.0,EDUCATION,6.62,0.08,14,610,Yes,0
38,female,Associate,126842.0,16,MORTGAGE,14000.0,VENTURE,6.03,0.11,14,644,Yes,0
28,male,High School,87747.0,3,OWN,25000.0,MEDICAL,11.11,0.28,8,651,No,0
26,female,High School,106714.0,3,MORTGAGE,8000.0,MEDICAL,6.91,0.07,3,642,No,0
24,female,Bachelor,64526.0,0,RENT,5100.0,EDUCATION,7.9,0.08,2,678,Yes,0
31,male,Master,30609.0,7,RENT,6623.0,MEDICAL,13.17,0.22,6,648,No,0
41,female,Master,35383.0,23,RENT,6500.0,MEDICAL,12.69,0.18,15,673,No,0
31,male,Bachelor,39881.0,9,MORTGAGE,1800.0,PERSONAL,9.63,0.05,10,699,Yes,0
22,female,Master,41769.0,0,RENT,14900.0,EDUCATION,15.37,0.36,2,665,No,1
24,female,High School,61206.0,1,RENT,10000.0,PERSONAL,7.72,0.16,2,592,Yes,0
39,female,High School,58297.0,18,RENT,8400.0,MEDICAL,12.53,0.14,17,648,No,0
25,female,Associate,115787.0,3,MORTGAGE,35000.0,EDUCATION,7.67,0.3,4,494,Yes,0
33,female,Master,57323.0,11,MORTGAGE,6200.0,EDUCATION,10.99,0.11,8,604,Yes,0
43,female,Master,87161.0,24,MORTGAGE,10000.0,MEDICAL,11.01,0.11,11,743,Yes,0
33,male,Bachelor,70433.0,9,RENT,17500.0,DEBTCONSOLIDATION,13.57,0.25,10,622,Yes,0
25,male,Master,78815.0,1,MORTGAGE,15000.0,MEDICAL,11.86,0.19,3,543,Yes,0
35,male,Associate,58951.0,9,RENT,11500.0,MEDICAL,11.11,0.2,9,605,No,0
26,male,High School,108787.0,5,RENT,12000.0,MEDICAL,9.38,0.11,3,653,No,0
23,male,High School,72742.0,0,RENT,8400.0,VENTURE,7.49,0.12,3,614,Yes,0
26,female,Associate,102675.0,5,MORTGAGE,6000.0,EDUCATION,9.88,0.06,3,654,No,0
24,male,Bachelor,168857.0,0,RENT,20000.0,EDUCATION,6.79,0.12,4,635,No,0
26,male,Bachelor,116407.0,2,MORTGAGE,10000.0,PERSONAL,5.42,0.09,3,691,No,0
22,female,High School,50613.0,0,RENT,5800.0,VENTURE,7.43,0.11,3,676,No,0
29,male,Bachelor,205079.0,6,MORTGAGE,35000.0,PERSONAL,12.99,0.17,5,574,No,0
25,male,Master,61166.0,2,RENT,6000.0,MEDICAL,14.79,0.1,3,587,Yes,0
21,female,High School,67335.0,0,MORTGAGE,3200.0,EDUCATION,6.62,0.05,4,671,Yes,0
23,female,Associate,117129.0,0,MORTGAGE,4000.0,PERSONAL,16.32,0.03,3,610,Yes,0
31,female,Master,68202.0,9,MORTGAGE,8000.0,MEDICAL,8.59,0.12,6,627,Yes,0
25,male,High School,209997.0,3,MORTGAGE,8800.0,DEBTCONSOLIDATION,14.27,0.04,3,616,Yes,0
21,male,High School,63397.0,0,MORTGAGE,18000.0,EDUCATION,8.49,0.28,2,617,Yes,0
26,male,Bachelor,76715.0,1,RENT,8000.0,VENTURE,13.45,0.1,5,680,No,0
21,male,Master,29879.0,0,OWN,7000.0,MEDICAL,11.86,0.23,2,617,No,0
27,female,Master,61283.0,1,RENT,8000.0,EDUCATION,13.98,0.13,9,605,Yes,0
38,female,Master,127055.0,20,MORTGAGE,12350.0,VENTURE,6.62,0.1,11,703,No,0
42,male,High School,55303.0,19,OWN,5000.0,VENTURE,7.43,0.09,12,666,No,0
26,female,High School,91972.0,1,MORTGAGE,15000.0,PERSONAL,14.1,0.16,3,659,Yes,0
29,male,Master,121064.0,6,RENT,10000.0,VENTURE,9.63,0.08,9,733,No,0
25,male,Associate,76913.0,0,MORTGAGE,27250.0,VENTURE,8.9,0.35,4,640,Yes,0
26,female,Bachelor,38225.0,7,RENT,8357.0,VENTURE,13.38,0.22,3,654,No,0
23,female,Bachelor,47769.0,2,MORTGAGE,10000.0,EDUCATION,7.51,0.21,2,692,No,0
24,female,High School,102960.0,0,MORTGAGE,4000.0,EDUCATION,7.31,0.04,4,486,Yes,0
32,female,Bachelor,98179.0,8,RENT,7500.0,HOMEIMPROVEMENT,10.14,0.08,9,711,Yes,0
30,female,Bachelor,157244.0,8,MORTGAGE,10000.0,DEBTCONSOLIDATION,8.49,0.06,10,632,No,0
26,male,Master,55979.0,7,RENT,2000.0,VENTURE,11.01,0.04,3,509,Yes,0
29,male,Associate,319204.0,3,MORTGAGE,25000.0,PERSONAL,11.26,0.08,10,597,Yes,0
27,male,Associate,91135.0,8,RENT,14000.0,VENTURE,9.63,0.15,7,680,Yes,0
34,male,Associate,150838.0,11,MORTGAGE,20000.0,DEBTCONSOLIDATION,9.68,0.13,7,576,Yes,0
37,female,High School,9850.0,15,RENT,1000.0,VENTURE,11.14,0.1,13,473,Yes,0
30,male,Bachelor,77746.0,9,RENT,16000.0,DEBTCONSOLIDATION,15.7,0.21,5,548,No,1
33,male,Bachelor,215103.0,13,MORTGAGE,20000.0,HOMEIMPROVEMENT,6.99,0.09,6,705,Yes,0
23,female,Master,72730.0,0,MORTGAGE,8000.0,EDUCATION,8.11,0.11,3,476,Yes,0
29,male,Bachelor,72049.0,7,MORTGAGE,18000.0,DEBTCONSOLIDATION,15.65,0.25,8,560,No,1
21,female,Bachelor,73062.0,0,RENT,10000.0,EDUCATION,12.18,0.14,2,582,No,0
22,female,Bachelor,79953.0,0,MORTGAGE,16800.0,PERSONAL,13.89,0.21,3,463,Yes,0
23,female,Associate,43298.0,2,RENT,2028.0,EDUCATION,8.14,0.05,2,595,Yes,0
30,male,Associate,173213.0,7,MORTGAGE,20000.0,HOMEIMPROVEMENT,11.89,0.12,8,694,Yes,0
23,male,Associate,108267.0,1,MORTGAGE,18000.0,EDUCATION,7.9,0.17,4,668,Yes,0
23,female,Bachelor,87740.0,0,MORTGAGE,8000.0,MEDICAL,13.61,0.09,2,627,Yes,0
26,male,Master,71926.0,3,MORTGAGE,7000.0,PERSONAL,10.0,0.1,2,585,No,0
24,female,Bachelor,13866.0,0,OWN,1500.0,PERSONAL,7.29,0.11,3,600,Yes,0
27,male,Bachelor,59877.0,5,RENT,3000.0,EDUCATION,11.71,0.05,8,665,No,1
29,female,Bachelor,85101.0,3,RENT,4000.0,PERSONAL,10.99,0.05,5,570,Yes,0
22,male,Associate,76407.0,0,MORTGAGE,4743.0,DEBTCONSOLIDATION,9.94,0.06,4,647,Yes,0
23,male,Associate,73116.0,5,MORTGAGE,22000.0,MEDICAL,13.06,0.3,3,434,Yes,0
36,female,Associate,55396.0,12,RENT,10000.0,MEDICAL,15.99,0.18,14,651,Yes,0
35,male,Master,91085.0,16,MORTGAGE,4000.0,DEBTCONSOLIDATION,14.27,0.04,5,693,Yes,0
32,female,Bachelor,31635.0,13,RENT,5000.0,VENTURE,10.65,0.16,9,608,Yes,0
32,male,Bachelor,44314.0,8,RENT,4800.0,VENTURE,11.86,0.11,12,554,Yes,0
33,female,High School,43181.0,7,MORTGAGE,12000.0,DEBTCONSOLIDATION,12.72,0.28,8,634,No,0
24,female,High School,70014.0,1,MORTGAGE,3300.0,HOMEIMPROVEMENT,5.42,0.05,4,662,No,0
23,male,Master,31064.0,0,RENT,2400.0,DEBTCONSOLIDATION,13.67,0.08,5,691,No,0
31,female,Associate,98283.0,8,RENT,15000.0,PERSONAL,14.42,0.15,6,664,No,1
24,female,Associate,63496.0,5,RENT,3000.0,DEBTCONSOLIDATION,11.49,0.05,4,640,No,0
28,male,High School,68481.0,3,MORTGAGE,2400.0,DEBTCONSOLIDATION,13.99,0.04,6,653,Yes,0
29,male,Bachelor,72891.0,7,RENT,2075.0,PERSONAL,15.23,0.03,7,601,Yes,0
29,male,Bachelor,145388.0,5,MORTGAGE,5000.0,VENTURE,9.91,0.03,7,673,No,0
25,male,Associate,73029.0,0,RENT,12500.0,EDUCATION,11.89,0.17,2,682,Yes,0
27,female,Associate,37042.0,5,RENT,10000.0,HOMEIMPROVEMENT,11.01,0.27,6,585,No,1
25,female,High School,72990.0,2,MORTGAGE,12000.0,EDUCATION,7.9,0.16,3,576,Yes,0
35,male,Bachelor,63092.0,14,RENT,14028.0,DEBTCONSOLIDATION,11.65,0.22,10,581,No,0
28,male,Associate,44235.0,4,RENT,5600.0,PERSONAL,11.11,0.13,5,640,No,0
40,female,High School,53863.0,18,RENT,6200.0,MEDICAL,5.42,0.12,17,722,No,0
21,male,High School,35797.0,0,RENT,11325.0,DEBTCONSOLIDATION,9.91,0.32,3,527,No,1
34,female,Bachelor,145880.0,14,MORTGAGE,9600.0,DEBTCONSOLIDATION,11.01,0.07,7,685,Yes,0
23,male,Bachelor,50829.0,0,RENT,12000.0,EDUCATION,10.65,0.24,4,608,Yes,0
23,male,Bachelor,105254.0,2,MORTGAGE,15000.0,DEBTCONSOLIDATION,14.35,0.14,2,559,Yes,0
40,female,Associate,88312.0,13,RENT,9975.0,PERSONAL,16.29,0.11,17,684,No,1
27,male,High School,61478.0,5,RENT,3200.0,DEBTCONSOLIDATION,11.49,0.05,7,666,Yes,0
29,female,Bachelor,84781.0,6,OWN,13000.0,VENTURE,6.91,0.15,8,675,Yes,0
39,male,Associate,49280.0,14,OWN,1000.0,VENTURE,10.37,0.02,16,521,Yes,0
37,male,Bachelor,88417.0,16,MORTGAGE,23000.0,EDUCATION,11.58,0.26,17,709,Yes,0
24,male,Bachelor,34252.0,2,RENT,10000.0,MEDICAL,7.84,0.29,3,561,No,1
34,male,Associate,72981.0,11,MORTGAGE,10000.0,PERSONAL,11.36,0.14,7,655,No,0
23,male,High School,43273.0,1,RENT,10000.0,VENTURE,7.29,0.23,4,669,No,0
29,female,Associate,105839.0,3,RENT,11200.0,EDUCATION,11.01,0.11,8,665,No,0
26,male,Bachelor,77089.0,0,MORTGAGE,20000.0,EDUCATION,9.67,0.26,3,670,Yes,0
37,male,High School,96958.0,12,RENT,5500.0,EDUCATION,7.88,0.06,11,595,No,0
31,male,Bachelor,58556.0,10,RENT,6000.0,MEDICAL,6.03,0.1,6,685,Yes,0
25,male,Master,58660.0,3,RENT,8000.0,VENTURE,13.04,0.14,4,695,No,0
25,male,Associate,83470.0,0,MORTGAGE,25000.0,MEDICAL,6.99,0.3,2,639,Yes,0
23,female,Associate,331037.0,0,RENT,11924.0,PERSONAL,11.58,0.04,3,549,Yes,0
24,male,Associate,44180.0,0,RENT,7500.0,PERSONAL,12.59,0.17,3,633,No,1
24,male,Master,144915.0,4,RENT,25000.0,EDUCATION,10.65,0.17,4,593,Yes,0
26,female,High School,68341.0,0,MORTGAGE,20000.0,EDUCATION,13.43,0.29,4,657,No,0
25,female,Bachelor,61228.0,4,MORTGAGE,8000.0,HOMEIMPROVEMENT,10.0,0.13,2,677,No,0
24,female,Associate,57284.0,0,MORTGAGE,15000.0,MEDICAL,7.66,0.26,3,582,Yes,0
30,male,Bachelor,59567.0,7,OWN,8500.0,PERSONAL,12.18,0.14,8,664,No,0
29,female,Bachelor,229004.0,7,MORTGAGE,4000.0,PERSONAL,6.62,0.02,5,649,No,0
29,female,High School,82404.0,7,OTHER,16000.0,VENTURE,11.89,0.19,7,659,Yes,0
22,male,High School,108843.0,0,MORTGAGE,20000.0,VENTURE,12.53,0.18,3,580,No,0
23,female,Associate,67676.0,1,MORTGAGE,21825.0,MEDICAL,11.36,0.32,2,599,Yes,0
27,male,Bachelor,60613.0,4,RENT,6000.0,PERSONAL,11.22,0.1,8,706,Yes,0
30,male,High School,87501.0,7,MORTGAGE,10000.0,MEDICAL,10.0,0.11,7,656,No,0
25,male,Associate,60979.0,3,OWN,3000.0,EDUCATION,6.5,0.05,3,573,Yes,0
24,male,Bachelor,54628.0,3,RENT,10000.0,VENTURE,13.11,0.18,4,684,Yes,0
34,male,Master,68557.0,9,MORTGAGE,7000.0,DEBTCONSOLIDATION,7.9,0.1,10,581,Yes,0
21,female,High School,18687.0,0,RENT,5900.0,EDUCATION,12.42,0.32,3,684,No,1
34,female,High School,43400.0,10,RENT,7200.0,MEDICAL,14.84,0.17,10,654,No,1
29,female,High School,55150.0,4,MORTGAGE,5000.0,MEDICAL,14.72,0.09,5,634,No,0
22,female,Bachelor,53840.0,2,RENT,3600.0,HOMEIMPROVEMENT,13.43,0.07,3,662,No,1
24,female,Bachelor,41528.0,5,RENT,12000.0,MEDICAL,11.71,0.29,4,596,No,1
22,male,Associate,83874.0,0,MORTGAGE,7800.0,PERSONAL,12.41,0.09,3,545,Yes,0
21,male,Bachelor,67645.0,1,RENT,5000.0,VENTURE,5.42,0.07,3,632,No,0
24,female,Bachelor,223064.0,0,RENT,22000.0,HOMEIMPROVEMENT,14.46,0.1,4,655,Yes,0
29,male,Bachelor,52287.0,4,RENT,5565.0,PERSONAL,9.07,0.11,6,552,No,0
21,male,Bachelor,36893.0,0,RENT,1000.0,DEBTCONSOLIDATION,11.01,0.03,3,681,No,0
29,female,Associate,103543.0,4,MORTGAGE,9500.0,HOMEIMPROVEMENT,11.01,0.09,9,686,Yes,0
30,male,High School,130695.0,8,MORTGAGE,5000.0,HOMEIMPROVEMENT,10.99,0.04,5,621,No,0
29,female,Associate,138570.0,8,MORTGAGE,15000.0,VENTURE,7.87,0.11,7,670,Yes,0
33,male,High School,87097.0,12,MORTGAGE,2931.0,HOMEIMPROVEMENT,10.35,0.03,12,642,Yes,0
31,female,Associate,120762.0,3,RENT,20000.0,VENTURE,12.42,0.17,9,621,Yes,0
27,male,Bachelor,57307.0,7,MORTGAGE,6000.0,EDUCATION,9.99,0.1,6,714,Yes,0
30,male,Bachelor,117465.0,7,MORTGAGE,25000.0,VENTURE,16.32,0.21,5,665,No,0
22,male,High School,86016.0,0,RENT,7000.0,MEDICAL,15.88,0.08,3,600,No,1
22,male,Bachelor,40642.0,0,MORTGAGE,12375.0,DEBTCONSOLIDATION,7.29,0.3,2,673,No,0
23,female,Associate,34563.0,2,RENT,6000.0,EDUCATION,9.63,0.17,4,662,Yes,0
26,male,Associate,43996.0,4,RENT,5000.0,VENTURE,10.37,0.11,4,675,No,0
26,male,Bachelor,117355.0,4,MORTGAGE,4000.0,DEBTCONSOLIDATION,6.62,0.03,4,579,Yes,0
26,male,Associate,96798.0,2,RENT,12000.0,EDUCATION,14.8,0.12,5,616,Yes,0
21,female,Associate,36994.0,0,MORTGAGE,14000.0,DEBTCONSOLIDATION,9.38,0.38,4,567,Yes,0
54,female,Doctorate,58468.0,28,OWN,6000.0,PERSONAL,8.0,0.1,20,730,No,0
26,male,Bachelor,120871.0,5,OWN,10000.0,MEDICAL,10.59,0.08,2,699,No,0
40,female,High School,58477.0,20,RENT,6000.0,MEDICAL,11.06,0.1,16,665,No,0
24,female,Associate,54640.0,1,MORTGAGE,1275.0,EDUCATION,11.36,0.02,4,478,Yes,0
25,male,Associate,143494.0,4,RENT,16000.0,EDUCATION,11.01,0.11,2,629,Yes,0
34,female,High School,43011.0,14,OWN,3000.0,VENTURE,10.62,0.07,8,636,No,0
24,female,Bachelor,63883.0,0,RENT,3500.0,DEBTCONSOLIDATION,7.68,0.05,2,645,No,0
24,male,Associate,49126.0,4,RENT,8000.0,VENTURE,10.25,0.16,4,651,No,0
25,male,Master,66028.0,5,MORTGAGE,12000.0,EDUCATION,17.49,0.18,4,519,No,1
29,female,Associate,72837.0,9,OWN,10000.0,PERSONAL,10.99,0.14,10,574,Yes,0
22,female,Bachelor,52883.0,0,MORTGAGE,9000.0,EDUCATION,11.71,0.17,4,617,Yes,0
26,male,High School,271215.0,5,MORTGAGE,25000.0,VENTURE,10.89,0.09,3,656,Yes,0
30,male,High School,54840.0,6,MORTGAGE,7500.0,HOMEIMPROVEMENT,7.9,0.14,5,566,Yes,0
28,female,High School,49089.0,6,RENT,9000.0,MEDICAL,12.53,0.18,5,581,Yes,0
29,male,Bachelor,80366.0,7,RENT,25000.0,EDUCATION,11.48,0.31,10,669,No,1
26,male,Bachelor,84544.0,4,MORTGAGE,7500.0,MEDICAL,11.01,0.09,3,654,Yes,0
25,female,Master,54583.0,7,MORTGAGE,2700.0,HOMEIMPROVEMENT,11.01,0.05,4,621,Yes,0
24,male,High School,156618.0,2,OWN,22800.0,VENTURE,11.01,0.15,3,619,No,0
30,male,Bachelor,144932.0,8,MORTGAGE,15000.0,PERSONAL,7.92,0.1,8,671,Yes,0
28,female,Master,44427.0,5,RENT,4000.0,DEBTCONSOLIDATION,12.42,0.09,10,642,Yes,0
22,female,High School,79076.0,0,RENT,13000.0,EDUCATION,11.01,0.16,4,663,Yes,0
28,female,High School,48883.0,0,RENT,1719.0,MEDICAL,11.31,0.04,8,613,Yes,0
40,male,High School,77785.0,18,MORTGAGE,12000.0,EDUCATION,10.25,0.15,17,627,Yes,0
22,male,High School,104910.0,0,MORTGAGE,24000.0,PERSONAL,13.85,0.23,2,632,No,0
40,male,High School,116182.0,20,RENT,11000.0,MEDICAL,16.77,0.09,16,621,No,1
31,male,Master,42715.0,6,RENT,4000.0,DEBTCONSOLIDATION,8.87,0.09,8,701,No,0
23,female,High School,47198.0,2,RENT,3600.0,DEBTCONSOLIDATION,13.61,0.08,3,606,No,0
37,male,Master,79248.0,16,RENT,12000.0,HOMEIMPROVEMENT,13.98,0.15,12,667,No,0
22,male,High School,15407.0,0,RENT,6700.0,MEDICAL,7.66,0.43,4,521,No,1
33,female,Master,18166.0,7,OWN,2000.0,VENTURE,14.79,0.11,8,648,No,0
27,female,Master,48299.0,5,MORTGAGE,7200.0,EDUCATION,13.79,0.15,8,660,Yes,0
24,female,Bachelor,87222.0,0,RENT,5500.0,EDUCATION,9.91,0.06,3,644,Yes,0
21,male,Master,39517.0,0,RENT,15000.0,VENTURE,11.09,0.38,3,653,No,1
35,male,Bachelor,103188.0,12,MORTGAGE,8400.0,VENTURE,11.99,0.08,8,670,Yes,0
27,male,High School,65776.0,7,RENT,5400.0,HOMEIMPROVEMENT,14.27,0.08,6,629,No,0
29,female,Bachelor,19055.0,4,RENT,2200.0,PERSONAL,13.48,0.12,10,704,No,1
33,male,Bachelor,270827.0,11,MORTGAGE,8000.0,PERSONAL,9.99,0.03,10,597,Yes,0
32,male,Associate,169198.0,14,MORTGAGE,20000.0,HOMEIMPROVEMENT,11.12,0.12,9,620,Yes,0
30,female,Bachelor,61291.0,8,MORTGAGE,3984.0,DEBTCONSOLIDATION,10.86,0.06,9,687,No,0
25,male,Bachelor,144676.0,3,MORTGAGE,10000.0,MEDICAL,6.62,0.07,3,629,Yes,0
24,female,Master,121094.0,0,RENT,15000.0,MEDICAL,7.49,0.12,2,673,Yes,0
24,male,Bachelor,37030.0,1,RENT,4600.0,MEDICAL,11.01,0.12,2,657,Yes,0
26,female,Bachelor,38438.0,1,RENT,5000.0,EDUCATION,8.63,0.13,2,684,Yes,0
26,female,Associate,29762.0,1,RENT,3600.0,MEDICAL,14.96,0.12,4,664,No,1
22,male,High School,72654.0,3,MORTGAGE,5200.0,PERSONAL,5.99,0.07,4,659,Yes,0
34,male,Bachelor,56114.0,13,RENT,10000.0,MEDICAL,7.63,0.18,10,665,No,0
29,male,High School,126871.0,6,MORTGAGE,12000.0,MEDICAL,7.88,0.09,10,552,No,0
26,male,Associate,120531.0,6,RENT,20000.0,HOMEIMPROVEMENT,12.95,0.17,4,508,Yes,0
23,female,Bachelor,88970.0,3,MORTGAGE,1000.0,VENTURE,10.36,0.01,2,593,No,0
25,female,High School,51540.0,3,RENT,6000.0,MEDICAL,11.01,0.12,4,599,Yes,0
23,male,Bachelor,51352.0,0,MORTGAGE,1800.0,DEBTCONSOLIDATION,12.99,0.04,3,527,No,1
44,female,Associate,70702.0,20,RENT,15000.0,HOMEIMPROVEMENT,13.48,0.21,15,660,No,0
26,male,Master,128434.0,0,MORTGAGE,5000.0,MEDICAL,12.98,0.04,4,724,Yes,0
34,female,High School,10665.0,12,RENT,1852.0,MEDICAL,10.95,0.17,7,655,No,1
22,female,Associate,36981.0,1,RENT,2800.0,DEBTCONSOLIDATION,6.54,0.08,3,661,Yes,0
23,female,Bachelor,15553.0,3,RENT,1000.0,DEBTCONSOLIDATION,14.65,0.06,3,602,Yes,0
25,female,Associate,49236.0,2,MORTGAGE,4750.0,DEBTCONSOLIDATION,11.01,0.1,3,682,No,0
27,male,Associate,62153.0,7,RENT,1300.0,VENTURE,7.68,0.02,7,687,No,0
46,male,High School,68112.0,23,MORTGAGE,6000.0,EDUCATION,11.01,0.09,16,672,No,0
29,male,Bachelor,24972.0,7,RENT,5500.0,EDUCATION,12.69,0.22,6,684,No,0
33,male,Bachelor,30849.0,12,MORTGAGE,1600.0,EDUCATION,11.36,0.05,7,653,Yes,0
25,female,Associate,52247.0,0,RENT,12600.0,MEDICAL,11.26,0.24,3,663,No,0
29,male,High School,54954.0,8,MORTGAGE,4000.0,PERSONAL,6.17,0.07,9,645,Yes,0
24,male,Associate,87327.0,0,RENT,6000.0,EDUCATION,7.66,0.07,3,627,Yes,0
27,male,Bachelor,25500.0,2,RENT,5500.0,MEDICAL,6.91,0.22,7,674,Yes,0
24,male,Bachelor,34248.0,6,MORTGAGE,6000.0,MEDICAL,15.62,0.18,2,617,No,1
22,male,Master,61303.0,1,MORTGAGE,15000.0,EDUCATION,10.25,0.24,3,590,Yes,0
29,male,High School,56347.0,8,MORTGAGE,4000.0,PERSONAL,6.76,0.07,9,562,Yes,0
34,male,Associate,69105.0,10,RENT,10000.0,EDUCATION,11.14,0.14,8,573,Yes,0
21,female,High School,118564.0,0,MORTGAGE,6000.0,PERSONAL,10.59,0.05,4,628,Yes,0
28,female,High School,139195.0,2,RENT,2934.0,HOMEIMPROVEMENT,8.85,0.02,6,655,No,0
24,male,High School,139117.0,0,RENT,3000.0,DEBTCONSOLIDATION,14.27,0.02,2,562,Yes,0
28,female,Bachelor,144630.0,4,MORTGAGE,20000.0,EDUCATION,11.32,0.14,8,687,No,0
24,male,High School,97289.0,4,OWN,25000.0,HOMEIMPROVEMENT,10.36,0.26,3,622,Yes,0
23,male,High School,37085.0,0,RENT,5000.0,EDUCATION,11.01,0.13,3,568,Yes,0
32,male,Master,95044.0,10,RENT,13000.0,VENTURE,12.87,0.14,10,685,No,0
23,female,Master,84953.0,1,RENT,11500.0,VENTURE,11.86,0.14,3,674,Yes,0
25,male,Master,72992.0,0,MORTGAGE,17000.0,PERSONAL,7.63,0.23,3,647,Yes,0
24,male,Master,144985.0,4,MORTGAGE,6000.0,EDUCATION,9.94,0.04,3,638,Yes,0
30,male,Bachelor,97947.0,10,MORTGAGE,20000.0,HOMEIMPROVEMENT,9.8,0.2,8,630,No,0
23,male,Bachelor,34772.0,2,RENT,8700.0,EDUCATION,6.03,0.25,2,615,No,1
27,female,Bachelor,56201.0,3,MORTGAGE,18000.0,MEDICAL,7.9,0.32,8,596,Yes,0
24,female,Associate,94887.0,3,MORTGAGE,4566.0,EDUCATION,9.42,0.05,3,684,Yes,0
21,male,Associate,75542.0,0,RENT,6500.0,MEDICAL,11.01,0.09,4,521,Yes,0
35,female,Bachelor,45511.0,12,RENT,2000.0,DEBTCONSOLIDATION,11.26,0.04,10,623,Yes,0
27,female,Master,74851.0,7,MORTGAGE,10000.0,PERSONAL,11.01,0.13,9,676,Yes,0
21,female,Bachelor,57792.0,0,RENT,3000.0,PERSONAL,13.92,0.05,2,661,No,0
37,male,High School,78737.0,9,RENT,9000.0,EDUCATION,9.88,0.11,14,580,No,0
38,male,High School,15693.0,16,OWN,4800.0,DEBTCONSOLIDATION,7.29,0.31,12,587,No,1
22,female,Master,73175.0,0,RENT,18000.0,EDUCATION,16.32,0.25,4,667,No,0
32,male,Master,75063.0,9,MORTGAGE,17000.0,HOMEIMPROVEMENT,11.2,0.23,9,589,No,0
21,male,High School,23298.0,0,RENT,5000.0,EDUCATION,12.92,0.21,3,661,No,1
23,male,Master,40547.0,2,RENT,9000.0,MEDICAL,10.46,0.22,3,646,No,0
22,male,High School,77859.0,1,RENT,7000.0,EDUCATION,9.03,0.09,4,646,Yes,0
24,male,High School,49244.0,1,MORTGAGE,3000.0,DEBTCONSOLIDATION,11.99,0.06,4,690,No,0
23,female,Bachelor,48936.0,3,OWN,5000.0,MEDICAL,8.49,0.1,4,676,No,0
33,male,Bachelor,124084.0,12,MORTGAGE,11000.0,HOMEIMPROVEMENT,11.14,0.09,8,589,Yes,0
32,female,Associate,58696.0,10,OWN,2500.0,EDUCATION,7.85,0.04,9,643,No,0
30,female,Associate,60879.0,10,OWN,10000.0,DEBTCONSOLIDATION,15.95,0.16,7,673,Yes,0
27,male,Master,93378.0,5,MORTGAGE,23737.0,EDUCATION,6.76,0.25,10,683,Yes,0
25,male,High School,62835.0,1,MORTGAGE,4000.0,EDUCATION,9.06,0.06,6,625,Yes,0
32,female,Master,79157.0,11,MORTGAGE,12000.0,VENTURE,7.54,0.15,6,668,No,0
21,female,Associate,61736.0,0,RENT,7950.0,VENTURE,10.99,0.13,3,576,No,0
25,male,High School,72748.0,3,MORTGAGE,10000.0,DEBTCONSOLIDATION,10.84,0.14,4,604,No,0
26,male,Master,188159.0,1,MORTGAGE,15000.0,EDUCATION,12.81,0.08,4,668,Yes,0
23,female,Master,27118.0,0,OWN,4400.0,PERSONAL,12.53,0.16,3,678,Yes,0
29,female,Doctorate,135474.0,11,MORTGAGE,25000.0,PERSONAL,14.61,0.18,5,669,No,0
23,female,High School,34597.0,0,OWN,7000.0,VENTURE,9.99,0.2,4,570,Yes,0
23,male,High School,58682.0,0,RENT,15000.0,DEBTCONSOLIDATION,10.75,0.26,3,625,No,1
25,male,High School,24430.0,0,RENT,1943.0,MEDICAL,10.83,0.08,4,625,Yes,0
31,male,Bachelor,229397.0,13,MORTGAGE,9000.0,DEBTCONSOLIDATION,6.03,0.04,7,650,No,0
24,female,Associate,31429.0,1,RENT,4400.0,DEBTCONSOLIDATION,6.76,0.14,3,639,Yes,0
22,male,Bachelor,26036.0,4,RENT,7200.0,DEBTCONSOLIDATION,6.91,0.28,4,539,No,1
24,female,Associate,40881.0,0,RENT,20000.0,DEBTCONSOLIDATION,10.99,0.49,3,600,No,1
33,female,Bachelor,65328.0,12,MORTGAGE,26528.0,PERSONAL,10.5,0.41,6,586,Yes,0
28,male,Bachelor,70007.0,4,MORTGAGE,23000.0,PERSONAL,11.01,0.33,8,647,Yes,0
25,male,Master,38997.0,2,RENT,1500.0,EDUCATION,7.41,0.04,4,684,Yes,0
23,female,High School,15110.0,1,RENT,1000.0,DEBTCONSOLIDATION,14.5,0.07,4,632,Yes,0
25,female,High School,57196.0,2,OWN,7000.0,PERSONAL,7.51,0.12,4,655,Yes,0
36,female,High School,164394.0,17,MORTGAGE,4800.0,VENTURE,14.72,0.03,15,670,Yes,0
45,male,Associate,51711.0,27,MORTGAGE,7475.0,VENTURE,13.49,0.14,15,672,Yes,0
31,male,Master,121077.0,6,RENT,10000.0,VENTURE,8.49,0.08,5,672,No,0
29,female,Bachelor,75128.0,6,MORTGAGE,10000.0,EDUCATION,12.69,0.13,4,682,No,0
30,male,Associate,82692.0,7,RENT,3000.0,VENTURE,5.42,0.04,9,489,Yes,0
25,female,High School,60927.0,5,MORTGAGE,6400.0,VENTURE,8.32,0.11,4,655,No,0
26,male,Associate,89100.0,6,MORTGAGE,25000.0,VENTURE,15.57,0.28,4,620,No,0
25,male,Bachelor,195718.0,0,RENT,35000.0,VENTURE,7.49,0.18,4,684,Yes,0
28,male,Associate,66941.0,5,RENT,3500.0,DEBTCONSOLIDATION,9.5,0.05,5,567,No,0
35,female,High School,24927.0,16,RENT,5500.0,MEDICAL,12.69,0.22,9,675,No,0
33,female,Bachelor,126836.0,11,MORTGAGE,7000.0,HOMEIMPROVEMENT,7.74,0.06,10,627,No,0
29,female,Bachelor,33474.0,7,RENT,3500.0,DEBTCONSOLIDATION,11.99,0.1,7,673,No,0
29,male,Bachelor,100795.0,10,MORTGAGE,7500.0,MEDICAL,10.67,0.07,10,582,No,0
36,female,Bachelor,46623.0,12,RENT,6000.0,EDUCATION,12.61,0.13,17,655,No,0
30,female,High School,91126.0,8,MORTGAGE,7000.0,HOMEIMPROVEMENT,7.43,0.08,11,679,No,0
30,male,Master,72766.0,5,MORTGAGE,12250.0,VENTURE,7.51,0.17,6,686,Yes,0
34,female,Bachelor,45357.0,9,OWN,5000.0,EDUCATION,7.9,0.11,10,643,Yes,0
24,male,Bachelor,46943.0,0,RENT,4000.0,EDUCATION,8.39,0.09,3,676,Yes,0
24,male,Master,174844.0,4,MORTGAGE,7000.0,PERSONAL,10.99,0.04,2,648,Yes,0
23,male,Bachelor,122452.0,4,MORTGAGE,20500.0,EDUCATION,13.48,0.17,4,646,Yes,0
34,male,Bachelor,16288.0,12,RENT,1500.0,MEDICAL,9.25,0.09,7,619,Yes,0
25,male,Associate,156327.0,2,MORTGAGE,3000.0,PERSONAL,11.12,0.02,3,651,Yes,0
23,male,High School,50595.0,3,RENT,5000.0,EDUCATION,7.51,0.1,2,652,Yes,0
28,female,Master,49116.0,3,RENT,9000.0,MEDICAL,12.53,0.18,8,708,Yes,0
25,male,Associate,43221.0,0,RENT,7500.0,DEBTCONSOLIDATION,10.99,0.17,2,599,Yes,0
23,female,Bachelor,78596.0,0,MORTGAGE,5500.0,DEBTCONSOLIDATION,6.39,0.07,2,638,Yes,0
22,male,Master,73198.0,2,RENT,12000.0,EDUCATION,13.47,0.16,3,651,Yes,0
22,female,High School,139162.0,1,MORTGAGE,12000.0,EDUCATION,5.99,0.09,3,589,Yes,0
26,male,Associate,61489.0,5,MORTGAGE,12375.0,HOMEIMPROVEMENT,10.99,0.2,3,573,Yes,0
24,male,Associate,114885.0,5,MORTGAGE,16000.0,VENTURE,15.33,0.14,3,591,No,0
23,male,Associate,137340.0,3,MORTGAGE,8000.0,EDUCATION,9.61,0.06,4,604,Yes,0
26,male,Associate,50272.0,4,RENT,1300.0,MEDICAL,7.9,0.03,4,629,Yes,0
22,male,Associate,24576.0,0,RENT,4800.0,DEBTCONSOLIDATION,10.99,0.2,2,681,No,1
25,male,Master,58515.0,0,MORTGAGE,4000.0,VENTURE,6.11,0.07,4,632,Yes,0
25,male,Associate,54828.0,3,MORTGAGE,5950.0,MEDICAL,7.74,0.11,2,693,No,0
30,female,Doctorate,34664.0,7,RENT,9250.0,MEDICAL,11.48,0.27,9,727,No,1
23,female,High School,82434.0,0,RENT,7000.0,EDUCATION,6.62,0.08,4,622,No,0
24,male,High School,44169.0,1,MORTGAGE,4000.0,MEDICAL,6.07,0.09,3,628,Yes,0
25,male,Master,90923.0,3,MORTGAGE,10000.0,PERSONAL,11.34,0.11,2,668,No,0
33,female,Bachelor,45330.0,9,MORTGAGE,13000.0,MEDICAL,10.36,0.29,9,601,No,0
25,male,Associate,94842.0,4,MORTGAGE,16000.0,DEBTCONSOLIDATION,7.88,0.17,2,648,No,0
36,female,High School,330102.0,12,MORTGAGE,22313.0,VENTURE,9.44,0.07,10,661,Yes,0
29,male,Associate,73112.0,6,RENT,4000.0,VENTURE,7.88,0.05,5,594,Yes,0
24,male,Associate,91198.0,2,MORTGAGE,12000.0,EDUCATION,6.92,0.13,4,643,Yes,0
25,male,Associate,107421.0,1,RENT,2000.0,VENTURE,13.49,0.02,3,676,Yes,0
24,male,Master,36920.0,3,RENT,8000.0,PERSONAL,9.25,0.22,2,692,No,0
27,female,Associate,49165.0,4,RENT,4800.0,DEBTCONSOLIDATION,11.01,0.1,8,635,Yes,0
29,female,Associate,54924.0,8,RENT,12000.0,MEDICAL,12.99,0.22,8,672,No,0
22,female,Bachelor,24151.0,0,OWN,2282.0,MEDICAL,10.11,0.09,3,668,Yes,0
25,female,High School,92611.0,1,MORTGAGE,5000.0,EDUCATION,10.07,0.05,3,609,No,0
28,male,Bachelor,139345.0,5,MORTGAGE,5000.0,HOMEIMPROVEMENT,7.51,0.04,8,674,No,0
34,female,Bachelor,97098.0,13,RENT,5000.0,EDUCATION,6.17,0.05,8,671,No,0
24,female,Bachelor,132954.0,3,RENT,20000.0,VENTURE,10.72,0.15,3,610,No,0
28,male,Master,102859.0,4,RENT,11200.0,DEBTCONSOLIDATION,9.91,0.11,10,670,Yes,0
30,female,High School,37131.0,5,RENT,2800.0,MEDICAL,12.68,0.08,7,698,No,0
33,male,Bachelor,75365.0,9,RENT,8000.0,EDUCATION,11.48,0.11,5,702,Yes,0
24,male,Associate,228482.0,0,MORTGAGE,5000.0,HOMEIMPROVEMENT,7.13,0.02,2,567,Yes,0
23,male,Associate,64784.0,0,RENT,3000.0,MEDICAL,11.96,0.05,4,593,No,0
28,female,Bachelor,105267.0,8,MORTGAGE,6428.0,VENTURE,10.57,0.06,6,638,Yes,0
32,female,Associate,48757.0,8,RENT,6000.0,MEDICAL,12.69,0.12,8,679,Yes,0
22,male,Associate,51496.0,0,MORTGAGE,14750.0,VENTURE,12.99,0.29,3,598,Yes,0
21,male,High School,47858.0,0,RENT,9250.0,PERSONAL,9.91,0.19,4,555,Yes,0
22,male,Master,85118.0,1,RENT,8000.0,EDUCATION,7.66,0.09,4,656,No,0
24,male,High School,57698.0,0,RENT,10995.0,PERSONAL,10.64,0.19,4,560,Yes,0
28,male,High School,78754.0,3,MORTGAGE,8000.0,VENTURE,7.5,0.1,9,647,No,0
31,male,Associate,79099.0,13,RENT,6000.0,EDUCATION,11.49,0.08,6,565,Yes,0
31,female,Associate,237155.0,6,MORTGAGE,3415.0,VENTURE,8.94,0.01,7,602,Yes,0
24,male,Master,60710.0,2,RENT,5000.0,EDUCATION,11.03,0.08,2,610,Yes,0
46,female,Bachelor,37057.0,25,MORTGAGE,3050.0,VENTURE,7.88,0.08,14,650,No,0
32,male,Associate,127084.0,11,MORTGAGE,20000.0,MEDICAL,6.54,0.16,9,611,Yes,0
23,female,Associate,43664.0,1,RENT,8000.0,EDUCATION,6.52,0.18,3,568,Yes,0
39,female,Master,99642.0,18,MORTGAGE,8000.0,HOMEIMPROVEMENT,19.42,0.08,17,690,Yes,0
42,male,High School,2448661.0,16,RENT,8450.0,VENTURE,12.29,0.0,15,635,Yes,0
27,female,High School,80735.0,3,MORTGAGE,16000.0,HOMEIMPROVEMENT,10.99,0.2,5,569,Yes,0
26,male,Bachelor,152217.0,4,MORTGAGE,7500.0,HOMEIMPROVEMENT,13.92,0.05,3,673,No,0
25,female,High School,74253.0,3,RENT,5110.0,MEDICAL,10.03,0.07,3,619,No,0
28,male,High School,72931.0,8,OWN,10000.0,VENTURE,11.01,0.14,7,697,Yes,0
49,male,Doctorate,115237.0,28,MORTGAGE,7500.0,DEBTCONSOLIDATION,6.03,0.07,13,581,No,0
26,female,High School,120818.0,5,MORTGAGE,15000.0,PERSONAL,13.99,0.12,4,600,Yes,0
34,female,Bachelor,166629.0,8,MORTGAGE,25000.0,MEDICAL,11.12,0.15,6,675,Yes,0
21,male,Bachelor,73312.0,0,OWN,16000.0,VENTURE,11.01,0.22,2,704,Yes,0
33,male,Master,32178.0,11,RENT,5000.0,PERSONAL,10.75,0.16,6,590,Yes,0
28,male,Associate,77892.0,4,MORTGAGE,20000.0,PERSONAL,12.69,0.26,8,608,Yes,0
31,female,Associate,148505.0,8,MORTGAGE,15000.0,MEDICAL,6.91,0.1,7,607,Yes,0
29,male,High School,58581.0,4,OWN,6000.0,VENTURE,14.27,0.1,7,591,Yes,0
23,male,Associate,44053.0,1,RENT,5000.0,EDUCATION,7.49,0.11,4,628,Yes,0
27,male,Master,123320.0,5,MORTGAGE,15000.0,HOMEIMPROVEMENT,12.84,0.12,7,669,Yes,0
26,male,Bachelor,58585.0,6,RENT,9000.0,PERSONAL,8.94,0.15,3,626,Yes,0
28,female,Bachelor,101722.0,2,OWN,25000.0,VENTURE,7.94,0.25,7,596,Yes,0
23,female,High School,109046.0,0,MORTGAGE,12000.0,EDUCATION,12.44,0.11,4,586,Yes,0
27,male,Master,192877.0,3,MORTGAGE,7000.0,DEBTCONSOLIDATION,12.23,0.04,6,670,Yes,0
30,male,Bachelor,54102.0,6,RENT,12000.0,MEDICAL,16.1,0.22,7,675,No,1
24,female,High School,75186.0,3,MORTGAGE,17800.0,EDUCATION,10.25,0.24,3,517,Yes,0
42,female,High School,67597.0,22,RENT,10000.0,EDUCATION,13.79,0.15,13,688,Yes,0
21,male,High School,69344.0,2,MORTGAGE,14400.0,VENTURE,11.01,0.21,2,559,Yes,0
30,male,Master,151295.0,8,MORTGAGE,25000.0,PERSONAL,10.81,0.17,4,636,Yes,0
31,male,Associate,76364.0,8,MORTGAGE,6000.0,MEDICAL,11.8,0.08,8,667,No,0
23,male,Master,44092.0,0,MORTGAGE,12000.0,MEDICAL,8.53,0.27,3,604,Yes,0
30,male,Master,62201.0,11,RENT,4800.0,PERSONAL,12.69,0.08,10,692,Yes,0
27,male,Bachelor,70925.0,3,RENT,12991.0,DEBTCONSOLIDATION,11.48,0.18,7,592,No,0
24,female,Bachelor,60944.0,0,RENT,5000.0,PERSONAL,7.14,0.08,3,654,Yes,0
23,male,Bachelor,62100.0,0,RENT,14400.0,DEBTCONSOLIDATION,7.51,0.23,4,665,Yes,0
30,male,Associate,85141.0,7,RENT,13053.0,EDUCATION,8.65,0.15,8,575,Yes,0
21,male,Associate,70565.0,0,MORTGAGE,4500.0,EDUCATION,6.92,0.06,4,638,No,0
24,female,Bachelor,42973.0,2,OWN,7000.0,HOMEIMPROVEMENT,16.29,0.16,4,659,Yes,0
26,male,Bachelor,70412.0,5,MORTGAGE,1800.0,MEDICAL,12.42,0.03,3,660,Yes,0
23,male,Bachelor,61669.0,1,RENT,1800.0,VENTURE,16.02,0.03,2,653,Yes,0
27,male,Doctorate,51430.0,4,RENT,5000.0,MEDICAL,5.42,0.1,5,566,Yes,0
23,female,Bachelor,156995.0,3,RENT,25000.0,EDUCATION,16.02,0.16,2,656,Yes,0
37,male,Associate,31090.0,11,RENT,10000.0,MEDICAL,16.29,0.32,11,595,No,1
24,female,Master,61117.0,0,RENT,18000.0,MEDICAL,12.42,0.29,4,674,No,1
25,female,Associate,44556.0,2,RENT,5500.0,PERSONAL,10.88,0.12,3,656,Yes,0
31,female,High School,56519.0,8,MORTGAGE,7500.0,PERSONAL,7.88,0.13,6,652,Yes,0
27,female,High School,75030.0,3,RENT,15000.0,VENTURE,15.21,0.2,6,675,No,0
27,male,High School,47103.0,4,MORTGAGE,15000.0,DEBTCONSOLIDATION,12.68,0.32,5,685,Yes,0
24,male,Associate,76088.0,4,RENT,10625.0,HOMEIMPROVEMENT,8.49,0.14,2,612,No,0
27,male,Master,39147.0,2,MORTGAGE,9850.0,VENTURE,8.94,0.25,5,690,Yes,0
23,male,Bachelor,51415.0,0,RENT,10000.0,MEDICAL,11.01,0.19,4,598,No,0
23,male,Bachelor,76889.0,3,MORTGAGE,7300.0,EDUCATION,7.49,0.09,2,722,Yes,0
29,female,Associate,73132.0,4,MORTGAGE,5600.0,VENTURE,12.42,0.08,10,676,Yes,0
25,male,Bachelor,71991.0,0,RENT,7800.0,VENTURE,12.21,0.11,2,561,Yes,0
32,female,Associate,57682.0,7,RENT,3369.0,EDUCATION,9.82,0.06,9,692,Yes,0
27,male,Associate,61222.0,4,RENT,5000.0,DEBTCONSOLIDATION,13.61,0.08,8,644,Yes,0
31,female,Master,62451.0,7,RENT,9000.0,PERSONAL,10.99,0.14,7,650,Yes,0
23,male,High School,39480.0,0,RENT,8500.0,MEDICAL,13.16,0.22,4,650,Yes,0
33,male,Master,132094.0,10,MORTGAGE,6000.0,EDUCATION,12.2,0.05,9,703,No,0
28,male,Master,104215.0,6,MORTGAGE,15600.0,PERSONAL,5.99,0.15,7,622,Yes,0
27,female,Bachelor,76621.0,5,OWN,9500.0,EDUCATION,8.07,0.12,8,678,Yes,0
23,female,Master,130733.0,0,RENT,4300.0,VENTURE,11.83,0.03,4,687,Yes,0
35,female,Associate,96996.0,15,RENT,25000.0,VENTURE,14.09,0.26,10,596,No,1
39,female,High School,205213.0,13,RENT,17000.0,DEBTCONSOLIDATION,12.99,0.08,14,640,No,0
39,male,Bachelor,173423.0,17,MORTGAGE,25000.0,PERSONAL,11.52,0.14,11,626,Yes,0
29,male,Bachelor,85171.0,9,RENT,8000.0,MEDICAL,9.63,0.09,9,688,Yes,0
41,female,Associate,111144.0,21,MORTGAGE,12000.0,HOMEIMPROVEMENT,7.66,0.11,14,626,No,0
35,female,High School,66836.0,13,RENT,6000.0,PERSONAL,11.99,0.09,11,693,No,0
23,male,Associate,35815.0,0,RENT,6000.0,MEDICAL,13.39,0.17,4,671,No,0
31,female,High School,104382.0,10,MORTGAGE,10274.0,VENTURE,11.49,0.1,9,674,No,0
29,male,Associate,91322.0,9,MORTGAGE,12000.0,HOMEIMPROVEMENT,8.09,0.13,6,606,Yes,0
25,female,Associate,46345.0,2,RENT,10000.0,EDUCATION,7.49,0.22,4,573,Yes,0
33,male,Master,53207.0,9,MORTGAGE,5000.0,DEBTCONSOLIDATION,7.51,0.09,8,601,Yes,0
28,male,High School,61458.0,4,RENT,8825.0,HOMEIMPROVEMENT,11.49,0.14,7,634,No,0
29,male,Bachelor,44529.0,6,MORTGAGE,2500.0,PERSONAL,6.62,0.06,7,643,Yes,0
30,female,High School,31902.0,8,MORTGAGE,6599.0,EDUCATION,10.48,0.21,7,647,No,0
29,male,High School,35867.0,6,RENT,2423.0,MEDICAL,16.76,0.07,7,624,No,1
23,female,High School,127789.0,0,MORTGAGE,15000.0,DEBTCONSOLIDATION,7.51,0.12,3,548,Yes,0
27,male,Associate,35525.0,8,RENT,5000.0,EDUCATION,14.96,0.14,5,615,No,0
22,female,Associate,44435.0,0,RENT,10000.0,EDUCATION,13.78,0.23,4,634,Yes,0
24,male,Associate,39361.0,3,MORTGAGE,6000.0,HOMEIMPROVEMENT,5.42,0.15,4,574,Yes,0
23,male,Bachelor,47677.0,0,RENT,2500.0,EDUCATION,7.74,0.05,3,670,Yes,0
24,female,Bachelor,61011.0,3,RENT,4000.0,PERSONAL,11.01,0.07,4,692,No,0
24,male,High School,97163.0,4,MORTGAGE,12000.0,PERSONAL,13.48,0.12,4,663,No,0
31,male,Bachelor,115139.0,10,RENT,2500.0,EDUCATION,13.72,0.02,10,611,Yes,0
32,male,High School,36116.0,9,RENT,5000.0,EDUCATION,10.49,0.14,7,651,Yes,0
31,male,Bachelor,147442.0,8,MORTGAGE,6000.0,HOMEIMPROVEMENT,9.38,0.04,9,651,Yes,0
35,male,Bachelor,50017.0,12,RENT,2600.0,VENTURE,12.53,0.05,9,714,No,0
32,female,Bachelor,104068.0,8,MORTGAGE,8400.0,MEDICAL,6.62,0.08,8,612,Yes,0
32,female,Bachelor,72892.0,13,RENT,1925.0,MEDICAL,12.29,0.03,9,667,No,0
36,male,Associate,35318.0,15,RENT,6000.0,EDUCATION,15.96,0.17,12,606,No,0
22,male,Bachelor,73120.0,1,RENT,7500.0,VENTURE,11.01,0.1,4,635,Yes,0
29,male,High School,75830.0,9,RENT,9000.0,PERSONAL,13.49,0.12,9,595,No,0
25,female,High School,103194.0,4,RENT,5750.0,EDUCATION,7.29,0.06,4,583,Yes,0
29,female,Bachelor,36877.0,5,RENT,6000.0,VENTURE,8.57,0.16,10,669,Yes,0
25,female,Bachelor,105831.0,1,MORTGAGE,9809.0,MEDICAL,6.48,0.09,4,653,No,0
24,male,High School,41663.0,0,RENT,10000.0,HOMEIMPROVEMENT,12.69,0.24,2,662,No,1
33,female,Associate,25240.0,8,OWN,5000.0,VENTURE,11.62,0.2,9,666,Yes,0
26,male,Doctorate,165429.0,5,MORTGAGE,3500.0,EDUCATION,12.18,0.02,2,642,Yes,0
29,male,Master,129398.0,4,MORTGAGE,25000.0,PERSONAL,10.99,0.19,5,638,Yes,0
24,male,Associate,49086.0,2,MORTGAGE,15250.0,VENTURE,13.98,0.31,2,543,Yes,0
23,male,Bachelor,40207.0,0,RENT,8000.0,EDUCATION,11.01,0.2,3,535,Yes,0
26,female,High School,56698.0,6,RENT,12000.0,MEDICAL,11.97,0.21,6,643,Yes,0
23,female,Bachelor,111360.0,2,MORTGAGE,2279.0,EDUCATION,12.49,0.02,3,684,Yes,0
25,male,High School,166754.0,5,RENT,4500.0,EDUCATION,13.43,0.03,3,668,Yes,0
23,female,Master,36812.0,3,RENT,7925.0,DEBTCONSOLIDATION,15.27,0.22,4,660,No,0
22,male,High School,36989.0,0,RENT,15000.0,DEBTCONSOLIDATION,15.27,0.41,4,675,No,1
25,female,Master,103152.0,3,RENT,10000.0,MEDICAL,11.4,0.1,6,646,Yes,0
22,female,Associate,55158.0,0,OWN,4750.0,EDUCATION,6.39,0.09,4,628,Yes,0
25,male,High School,78924.0,2,MORTGAGE,2000.0,DEBTCONSOLIDATION,7.37,0.03,2,608,No,0
24,male,Master,108402.0,3,RENT,3000.0,PERSONAL,10.25,0.03,3,626,Yes,0
22,female,Bachelor,26902.0,4,MORTGAGE,1400.0,VENTURE,11.01,0.05,2,653,Yes,0
24,female,Master,43339.0,0,RENT,7000.0,PERSONAL,5.99,0.16,2,624,Yes,0
28,female,Associate,173747.0,6,MORTGAGE,30000.0,PERSONAL,11.01,0.17,5,627,Yes,0
26,male,Associate,85101.0,5,RENT,15000.0,VENTURE,16.35,0.18,3,502,Yes,0
24,female,High School,84984.0,3,OWN,24250.0,PERSONAL,12.18,0.29,2,622,Yes,0
29,male,Master,73165.0,5,RENT,10000.0,DEBTCONSOLIDATION,8.59,0.14,5,600,No,0
27,female,Associate,41579.0,5,RENT,5000.0,MEDICAL,10.25,0.12,10,602,No,1
24,female,Associate,62508.0,0,RENT,20000.0,VENTURE,12.21,0.32,4,571,No,1
22,female,Bachelor,44365.0,0,OWN,14500.0,EDUCATION,10.99,0.33,3,678,Yes,0
26,female,Associate,216540.0,1,MORTGAGE,25000.0,HOMEIMPROVEMENT,10.99,0.12,4,633,No,0
33,female,Associate,42821.0,11,RENT,10000.0,DEBTCONSOLIDATION,13.48,0.23,10,723,Yes,0
25,male,Associate,36594.0,0,RENT,7000.0,MEDICAL,9.59,0.19,3,632,Yes,0
25,male,Bachelor,90769.0,0,RENT,9600.0,PERSONAL,12.69,0.11,3,649,Yes,0
24,female,Associate,87439.0,4,RENT,8000.0,HOMEIMPROVEMENT,10.0,0.09,2,591,No,0
22,female,Associate,53935.0,0,MORTGAGE,18900.0,DEBTCONSOLIDATION,10.14,0.35,2,535,Yes,0
25,female,High School,64114.0,0,MORTGAGE,1750.0,HOMEIMPROVEMENT,11.89,0.03,2,626,Yes,0
28,female,Associate,99498.0,2,MORTGAGE,15000.0,MEDICAL,12.98,0.15,8,683,Yes,0
24,male,Master,29643.0,3,OWN,3000.0,EDUCATION,13.98,0.1,2,597,No,0
26,female,High School,103839.0,6,MORTGAGE,20000.0,EDUCATION,11.01,0.19,4,679,Yes,0
30,male,Bachelor,127350.0,9,RENT,24000.0,VENTURE,12.66,0.19,6,637,No,0
22,male,Associate,90782.0,2,MORTGAGE,25000.0,VENTURE,11.04,0.28,2,612,Yes,0
25,female,Associate,267671.0,0,MORTGAGE,25000.0,MEDICAL,15.7,0.09,2,582,No,1
24,male,High School,97157.0,0,RENT,20000.0,VENTURE,13.06,0.21,4,545,Yes,0
27,female,Associate,72880.0,6,MORTGAGE,8000.0,VENTURE,7.88,0.11,8,586,No,0
42,male,High School,49130.0,23,RENT,2800.0,VENTURE,11.01,0.06,12,632,Yes,0
24,female,Associate,16971.0,3,RENT,3841.0,PERSONAL,9.89,0.23,3,594,No,1
39,female,Associate,133027.0,18,RENT,21000.0,MEDICAL,11.11,0.16,16,695,No,0
24,male,Master,18083.0,0,RENT,1200.0,MEDICAL,7.29,0.07,4,566,Yes,0
36,male,Bachelor,55072.0,13,RENT,7000.0,MEDICAL,9.91,0.13,12,665,Yes,0
24,female,Associate,65759.0,2,RENT,4850.0,HOMEIMPROVEMENT,8.49,0.07,2,616,Yes,0
22,male,Bachelor,71748.0,0,MORTGAGE,10000.0,EDUCATION,10.99,0.14,4,670,Yes,0
28,female,Doctorate,74191.0,3,MORTGAGE,24250.0,PERSONAL,16.4,0.33,8,682,No,0
44,male,Master,58638.0,21,MORTGAGE,17500.0,DEBTCONSOLIDATION,12.18,0.3,15,605,Yes,0
24,male,High School,55643.0,1,MORTGAGE,7200.0,EDUCATION,6.91,0.13,2,616,Yes,0
25,female,Bachelor,108842.0,3,MORTGAGE,25000.0,VENTURE,10.39,0.23,3,662,No,0
22,male,Associate,44217.0,0,RENT,6500.0,PERSONAL,11.01,0.15,3,565,No,0
24,male,Associate,55257.0,0,RENT,10000.0,EDUCATION,6.54,0.18,3,613,Yes,0
26,female,Bachelor,26379.0,5,OWN,8000.0,EDUCATION,13.79,0.3,3,670,Yes,0
31,female,Associate,68217.0,8,RENT,6453.0,PERSONAL,7.01,0.09,8,652,Yes,0
33,female,Bachelor,83408.0,12,MORTGAGE,7200.0,EDUCATION,10.74,0.09,7,633,No,0
22,female,Bachelor,35384.0,0,RENT,5000.0,EDUCATION,6.91,0.14,2,558,Yes,0
23,female,Bachelor,106613.0,0,MORTGAGE,10000.0,MEDICAL,8.94,0.09,2,598,Yes,0
28,female,Bachelor,75698.0,4,RENT,12000.0,EDUCATION,11.01,0.16,10,629,Yes,0
22,male,Bachelor,126885.0,0,RENT,6000.0,VENTURE,9.99,0.05,2,675,No,0
29,female,Master,141463.0,7,RENT,21000.0,PERSONAL,10.65,0.15,9,594,Yes,0
25,female,Bachelor,75329.0,2,RENT,1600.0,MEDICAL,13.46,0.02,4,681,Yes,0
23,female,Bachelor,216891.0,0,MORTGAGE,28000.0,PERSONAL,7.51,0.13,3,633,Yes,0
26,female,High School,18402.0,5,RENT,1500.0,PERSONAL,9.25,0.08,4,683,No,0
26,male,Bachelor,63424.0,4,RENT,1500.0,VENTURE,13.85,0.02,4,591,No,0
29,female,Bachelor,140149.0,8,RENT,7014.0,DEBTCONSOLIDATION,6.65,0.05,8,657,Yes,0
22,male,Bachelor,94809.0,1,OTHER,5600.0,PERSONAL,11.01,0.06,2,668,Yes,0
42,female,Master,193109.0,19,OWN,24000.0,VENTURE,7.3,0.12,17,721,Yes,0
29,female,Associate,109104.0,5,RENT,23475.0,VENTURE,11.58,0.22,6,707,No,0
23,male,Bachelor,69330.0,0,MORTGAGE,20000.0,EDUCATION,11.99,0.29,3,439,Yes,0
25,male,Associate,48695.0,5,RENT,1438.0,VENTURE,9.4,0.03,4,606,Yes,0
42,male,High School,118105.0,15,RENT,7000.0,EDUCATION,8.9,0.06,13,658,Yes,0
23,male,High School,36814.0,3,RENT,10000.0,MEDICAL,12.18,0.27,3,656,No,1
22,male,High School,44148.0,2,RENT,10000.0,EDUCATION,13.48,0.23,4,618,Yes,0
24,female,Master,81138.0,1,MORTGAGE,1120.0,MEDICAL,9.84,0.01,4,707,Yes,0
23,female,Bachelor,54596.0,1,MORTGAGE,15000.0,VENTURE,12.26,0.27,3,714,Yes,0
36,male,Bachelor,48269.0,14,OWN,5000.0,VENTURE,5.79,0.1,16,691,No,0
31,male,Associate,361327.0,7,MORTGAGE,25000.0,VENTURE,14.83,0.07,9,619,Yes,0
23,male,High School,85200.0,0,MORTGAGE,14400.0,MEDICAL,17.21,0.17,2,658,No,1
28,male,Associate,81379.0,5,RENT,5000.0,MEDICAL,14.26,0.06,6,623,No,0
24,female,High School,75282.0,2,OWN,3200.0,PERSONAL,7.68,0.04,4,599,No,0
26,female,Bachelor,180416.0,4,MORTGAGE,7000.0,MEDICAL,6.62,0.04,3,651,Yes,0
29,female,Bachelor,58642.0,8,MORTGAGE,9000.0,EDUCATION,11.99,0.15,5,576,No,0
33,female,High School,30917.0,9,RENT,2800.0,PERSONAL,9.32,0.09,7,644,Yes,0
25,female,Bachelor,46214.0,3,RENT,2500.0,DEBTCONSOLIDATION,12.53,0.05,2,684,No,0
26,female,Associate,51430.0,2,RENT,12798.0,PERSONAL,10.57,0.25,2,515,Yes,0
26,female,Bachelor,101870.0,5,RENT,15000.0,DEBTCONSOLIDATION,10.14,0.15,4,551,Yes,0
25,female,Master,47016.0,2,RENT,15000.0,DEBTCONSOLIDATION,10.65,0.32,2,670,No,1
30,male,Master,74287.0,8,MORTGAGE,15000.0,DEBTCONSOLIDATION,13.63,0.2,8,642,Yes,0
37,male,High School,38495.0,10,OWN,6600.0,VENTURE,5.42,0.17,12,614,No,0
26,male,Master,53703.0,0,MORTGAGE,3500.0,DEBTCONSOLIDATION,16.29,0.07,3,559,No,1
28,female,Associate,121347.0,0,MORTGAGE,11156.0,DEBTCONSOLIDATION,12.53,0.09,3,639,Yes,0
38,male,High School,79007.0,16,RENT,7500.0,PERSONAL,12.29,0.09,13,638,Yes,0
37,male,Associate,57341.0,14,MORTGAGE,7000.0,PERSONAL,11.01,0.12,11,662,Yes,0
25,male,Bachelor,121153.0,2,MORTGAGE,25000.0,VENTURE,12.05,0.21,5,581,Yes,0
27,female,Associate,82402.0,1,RENT,6500.0,DEBTCONSOLIDATION,7.51,0.08,7,527,Yes,0
22,female,Bachelor,38543.0,0,MORTGAGE,3200.0,VENTURE,10.99,0.08,2,587,Yes,0
23,male,High School,67176.0,1,RENT,8200.0,PERSONAL,13.11,0.12,3,607,Yes,0
23,male,Master,55066.0,3,RENT,9437.0,EDUCATION,13.17,0.17,3,705,No,0
25,male,Associate,73133.0,2,MORTGAGE,10425.0,PERSONAL,8.49,0.14,4,688,Yes,0
65,male,High School,112569.0,45,MORTGAGE,25000.0,PERSONAL,9.99,0.22,27,689,Yes,0
43,female,High School,117691.0,19,MORTGAGE,14000.0,MEDICAL,11.71,0.12,13,608,Yes,0
21,female,High School,27289.0,0,MORTGAGE,1500.0,PERSONAL,11.86,0.05,3,659,Yes,0
35,male,Bachelor,78987.0,14,MORTGAGE,20000.0,DEBTCONSOLIDATION,10.25,0.25,5,722,No,0
24,male,Associate,99773.0,5,RENT,9985.0,EDUCATION,5.92,0.1,4,605,No,0
28,male,Bachelor,72913.0,10,RENT,12000.0,PERSONAL,6.17,0.16,6,575,Yes,0
25,male,Associate,67208.0,3,RENT,4200.0,HOMEIMPROVEMENT,14.8,0.06,4,652,Yes,0
26,male,Associate,144659.0,5,MORTGAGE,23000.0,DEBTCONSOLIDATION,6.62,0.16,3,651,No,0
25,female,High School,73085.0,2,MORTGAGE,10000.0,DEBTCONSOLIDATION,11.49,0.14,2,601,Yes,0
23,male,Bachelor,57308.0,1,RENT,5000.0,EDUCATION,9.99,0.09,3,599,Yes,0
21,female,High School,37306.0,0,RENT,3000.0,EDUCATION,16.32,0.08,3,636,Yes,0
23,male,Associate,29928.0,1,RENT,4500.0,MEDICAL,12.0,0.15,4,622,No,0
25,male,High School,72949.0,3,RENT,12000.0,EDUCATION,7.9,0.16,2,597,No,0
30,male,Master,79058.0,9,MORTGAGE,5250.0,DEBTCONSOLIDATION,9.63,0.07,8,640,No,0
23,male,High School,76727.0,0,RENT,5600.0,DEBTCONSOLIDATION,8.49,0.07,4,619,No,0
25,female,Master,60985.0,2,MORTGAGE,6400.0,EDUCATION,8.32,0.1,3,639,Yes,0
25,female,High School,46764.0,0,MORTGAGE,15808.0,MEDICAL,11.38,0.34,3,576,Yes,0
37,female,High School,28699.0,14,OWN,7000.0,EDUCATION,6.03,0.24,12,605,Yes,0
27,female,High School,48934.0,7,RENT,9590.0,VENTURE,13.94,0.2,5,553,Yes,0
29,male,Master,74488.0,8,MORTGAGE,7000.0,VENTURE,11.01,0.09,7,682,No,0
24,female,Master,54737.0,5,RENT,2000.0,PERSONAL,12.29,0.04,3,656,Yes,0
31,male,Associate,137027.0,7,MORTGAGE,2613.0,EDUCATION,8.8,0.02,8,681,Yes,0
24,female,Master,63788.0,1,MORTGAGE,1200.0,EDUCATION,13.98,0.02,2,705,No,0
39,male,High School,150790.0,16,MORTGAGE,8877.0,EDUCATION,7.4,0.06,12,617,No,0
31,female,Associate,68073.0,8,RENT,3000.0,DEBTCONSOLIDATION,14.27,0.04,6,546,Yes,0
31,male,Associate,56487.0,9,RENT,8875.0,MEDICAL,10.77,0.16,9,599,Yes,0
48,male,Bachelor,61156.0,26,RENT,10000.0,HOMEIMPROVEMENT,9.63,0.16,14,679,No,0
24,male,Bachelor,116242.0,0,MORTGAGE,4800.0,HOMEIMPROVEMENT,11.99,0.04,3,630,No,0
36,male,High School,315488.0,7,MORTGAGE,23035.0,MEDICAL,10.65,0.07,16,690,No,1
23,female,Master,39839.0,1,MORTGAGE,1000.0,EDUCATION,10.95,0.03,2,713,No,0
25,female,Associate,92527.0,1,MORTGAGE,9000.0,MEDICAL,7.74,0.1,3,591,Yes,0
22,female,Associate,132678.0,1,MORTGAGE,28000.0,DEBTCONSOLIDATION,7.49,0.21,4,538,Yes,0
44,female,Associate,58481.0,22,RENT,10000.0,VENTURE,11.88,0.17,16,714,No,0
23,male,Bachelor,72817.0,0,MORTGAGE,4000.0,DEBTCONSOLIDATION,7.14,0.05,3,676,Yes,0
26,male,Associate,55949.0,6,RENT,7000.0,MEDICAL,9.99,0.13,3,628,No,0
24,male,High School,37061.0,0,MORTGAGE,5000.0,PERSONAL,10.71,0.13,2,586,Yes,0
22,male,Associate,63583.0,0,MORTGAGE,10000.0,EDUCATION,7.88,0.16,3,651,Yes,0
24,male,Bachelor,59592.0,0,MORTGAGE,8000.0,EDUCATION,17.58,0.13,2,609,Yes,0
24,male,Associate,17440.0,2,RENT,7724.0,HOMEIMPROVEMENT,16.89,0.44,5,635,No,1
36,male,High School,63904.0,11,RENT,2250.0,HOMEIMPROVEMENT,5.42,0.04,14,628,Yes,0
31,female,Associate,85065.0,5,RENT,5500.0,EDUCATION,7.68,0.06,10,703,Yes,0
28,male,Doctorate,37160.0,4,MORTGAGE,3000.0,EDUCATION,6.76,0.08,9,691,Yes,0
33,male,Bachelor,91127.0,9,OWN,6000.0,PERSONAL,7.68,0.07,7,673,Yes,0
31,male,Associate,79179.0,4,RENT,7500.0,MEDICAL,10.95,0.09,10,587,Yes,0
45,male,High School,28432.0,25,OWN,7000.0,PERSONAL,7.29,0.25,15,714,No,0
29,male,Master,121499.0,11,OWN,15800.0,VENTURE,11.14,0.13,6,602,Yes,0
26,male,High School,63227.0,5,MORTGAGE,3583.0,VENTURE,10.02,0.06,3,583,Yes,0
25,female,Associate,78839.0,4,RENT,5200.0,PERSONAL,9.99,0.07,3,591,Yes,0
30,female,Bachelor,64598.0,2,RENT,9000.0,VENTURE,6.27,0.14,6,601,No,0
38,male,High School,133310.0,18,MORTGAGE,16000.0,EDUCATION,11.99,0.12,16,683,Yes,0
22,male,Associate,89923.0,0,MORTGAGE,2500.0,MEDICAL,6.62,0.03,3,584,Yes,0
27,male,Associate,111203.0,6,MORTGAGE,25000.0,MEDICAL,16.23,0.22,8,667,No,1
22,female,Associate,75133.0,0,MORTGAGE,1500.0,EDUCATION,6.91,0.02,2,640,Yes,0
29,female,High School,46577.0,7,RENT,5000.0,MEDICAL,11.36,0.11,5,654,No,0
23,male,Bachelor,79971.0,0,RENT,12000.0,VENTURE,11.01,0.15,4,671,No,0
30,female,Bachelor,75587.0,7,RENT,7000.0,MEDICAL,14.27,0.09,5,632,Yes,0
36,male,Master,175029.0,13,MORTGAGE,5000.0,DEBTCONSOLIDATION,9.62,0.03,12,688,No,0
38,male,High School,89945.0,17,RENT,9000.0,EDUCATION,12.84,0.1,12,656,No,0
24,female,Bachelor,137851.0,3,MORTGAGE,15000.0,DEBTCONSOLIDATION,9.76,0.11,3,645,No,0
28,male,Bachelor,139600.0,7,RENT,2850.0,VENTURE,6.54,0.02,9,718,No,0
22,male,High School,51319.0,2,MORTGAGE,14848.0,EDUCATION,13.18,0.29,4,667,No,0
23,female,Associate,13872.0,2,OWN,1249.0,MEDICAL,10.71,0.09,4,651,Yes,0
24,male,Bachelor,69858.0,0,MORTGAGE,4000.0,PERSONAL,6.76,0.06,3,631,No,0
32,male,Bachelor,45575.0,8,RENT,4000.0,DEBTCONSOLIDATION,10.38,0.09,7,671,Yes,0
22,male,Bachelor,44367.0,0,RENT,13000.0,DEBTCONSOLIDATION,11.14,0.29,4,684,No,1
23,male,High School,72729.0,0,MORTGAGE,7000.0,DEBTCONSOLIDATION,7.33,0.1,4,694,Yes,0
26,female,Associate,91074.0,4,MORTGAGE,16000.0,VENTURE,16.35,0.18,4,667,No,0
36,female,Associate,156905.0,16,RENT,20000.0,EDUCATION,11.01,0.13,14,679,No,0
36,female,High School,45545.0,13,MORTGAGE,7000.0,PERSONAL,6.91,0.15,13,636,Yes,0
30,female,Master,48982.0,9,MORTGAGE,10000.0,PERSONAL,10.75,0.2,8,579,Yes,0
23,female,High School,78500.0,0,MORTGAGE,2400.0,DEBTCONSOLIDATION,13.23,0.03,2,652,Yes,0
25,male,Associate,94917.0,2,MORTGAGE,25000.0,MEDICAL,9.64,0.26,4,628,Yes,0
22,male,Associate,76575.0,0,RENT,4000.0,HOMEIMPROVEMENT,11.12,0.05,2,622,No,1
23,male,Master,42889.0,0,OWN,10000.0,MEDICAL,10.25,0.23,2,671,Yes,0
22,female,Bachelor,31158.0,3,RENT,4000.0,VENTURE,12.69,0.13,3,684,Yes,0
27,male,Bachelor,145060.0,4,MORTGAGE,18000.0,HOMEIMPROVEMENT,10.74,0.12,6,623,Yes,0
28,male,Associate,38864.0,7,RENT,8500.0,MEDICAL,16.07,0.22,10,670,No,1
37,female,Associate,117228.0,16,MORTGAGE,10000.0,DEBTCONSOLIDATION,11.01,0.09,15,628,No,0
40,female,Associate,45690.0,16,RENT,10750.0,EDUCATION,15.76,0.24,9,612,Yes,0
25,male,High School,156909.0,1,MORTGAGE,3000.0,HOMEIMPROVEMENT,6.59,0.02,3,651,Yes,0
22,male,Bachelor,78829.0,1,MORTGAGE,2500.0,VENTURE,14.61,0.03,2,699,No,0
30,female,Associate,80169.0,8,RENT,10000.0,MEDICAL,15.74,0.12,6,690,No,1
25,female,Associate,55214.0,3,RENT,7000.0,EDUCATION,5.82,0.13,4,677,Yes,0
23,male,Associate,32210.0,4,RENT,6250.0,MEDICAL,9.84,0.19,3,617,No,0
25,male,Bachelor,66584.0,2,RENT,3000.0,VENTURE,8.81,0.05,5,661,Yes,0
44,male,High School,35697.0,22,RENT,6849.0,EDUCATION,8.26,0.19,18,655,No,0
30,female,Doctorate,69462.0,9,MORTGAGE,4000.0,PERSONAL,8.0,0.06,7,717,No,0
25,male,Associate,80851.0,6,MORTGAGE,5000.0,DEBTCONSOLIDATION,9.63,0.06,3,692,Yes,0
25,male,Associate,72486.0,0,MORTGAGE,7500.0,DEBTCONSOLIDATION,6.76,0.1,3,631,Yes,0
22,male,Associate,102945.0,2,MORTGAGE,25000.0,MEDICAL,12.53,0.24,4,649,Yes,0
22,male,Bachelor,68219.0,0,MORTGAGE,6000.0,MEDICAL,11.86,0.09,3,591,Yes,0
26,female,Doctorate,51722.0,4,MORTGAGE,4500.0,VENTURE,11.48,0.09,3,582,Yes,0
39,male,Master,116570.0,14,RENT,14400.0,DEBTCONSOLIDATION,15.2,0.12,11,685,No,1
22,male,Associate,28257.0,0,MORTGAGE,10625.0,DEBTCONSOLIDATION,7.51,0.38,4,524,Yes,0
32,male,Master,133102.0,6,MORTGAGE,23000.0,VENTURE,11.48,0.17,9,668,Yes,0
38,female,Associate,61250.0,15,MORTGAGE,3000.0,DEBTCONSOLIDATION,11.01,0.05,17,653,Yes,0
33,female,Master,45647.0,12,MORTGAGE,13000.0,PERSONAL,10.36,0.28,8,640,No,0
25,male,Associate,60930.0,3,RENT,15000.0,VENTURE,10.01,0.25,5,582,Yes,0
25,female,High School,54230.0,2,MORTGAGE,4000.0,HOMEIMPROVEMENT,7.51,0.07,3,669,No,0
23,female,Master,47501.0,0,MORTGAGE,5000.0,EDUCATION,12.98,0.11,4,676,Yes,0
21,male,Bachelor,97049.0,0,RENT,15000.0,VENTURE,11.01,0.15,2,678,Yes,0
22,male,Associate,63872.0,0,RENT,7500.0,HOMEIMPROVEMENT,11.01,0.12,4,664,No,1
23,female,High School,44198.0,0,RENT,7000.0,EDUCATION,9.99,0.16,3,624,Yes,0
28,male,Associate,88991.0,7,RENT,12000.0,PERSONAL,8.9,0.13,10,643,Yes,0
28,male,Bachelor,58669.0,5,MORTGAGE,10000.0,EDUCATION,6.92,0.17,8,583,Yes,0
27,female,Associate,63178.0,5,RENT,5100.0,HOMEIMPROVEMENT,10.37,0.08,9,647,Yes,0
27,male,Bachelor,125699.0,0,RENT,12800.0,PERSONAL,7.29,0.1,7,673,Yes,0
23,male,Bachelor,37169.0,1,RENT,3600.0,EDUCATION,9.7,0.1,3,693,Yes,0
24,male,High School,84919.0,2,RENT,14400.0,VENTURE,12.68,0.17,4,601,No,0
32,male,Bachelor,24981.0,10,RENT,3500.0,PERSONAL,6.39,0.14,5,607,Yes,0
25,male,Master,49953.0,2,RENT,3000.0,VENTURE,11.01,0.06,3,586,Yes,0
23,female,Bachelor,57482.0,0,RENT,5000.0,DEBTCONSOLIDATION,11.36,0.09,4,570,Yes,0
21,male,Bachelor,67281.0,0,RENT,4800.0,EDUCATION,11.12,0.07,4,694,Yes,0
27,male,High School,121185.0,4,MORTGAGE,5000.0,HOMEIMPROVEMENT,8.07,0.04,10,618,Yes,0
22,female,High School,33478.0,0,RENT,2800.0,MEDICAL,7.51,0.08,3,600,No,1
23,female,High School,34235.0,0,RENT,7000.0,EDUCATION,10.62,0.2,2,620,Yes,0
30,male,Master,60975.0,2,RENT,10000.0,PERSONAL,13.22,0.16,7,591,Yes,0
26,male,Master,130995.0,4,MORTGAGE,9000.0,VENTURE,10.38,0.07,4,646,Yes,0
35,male,High School,36524.0,14,MORTGAGE,3300.0,EDUCATION,5.99,0.09,6,635,Yes,0
27,male,Master,87537.0,2,RENT,7000.0,EDUCATION,10.04,0.08,4,668,Yes,0
30,female,Doctorate,73176.0,9,RENT,5000.0,DEBTCONSOLIDATION,11.01,0.07,7,666,No,0
29,male,Bachelor,37117.0,6,RENT,6000.0,PERSONAL,8.9,0.16,10,561,No,0
29,male,Associate,92345.0,9,RENT,13000.0,VENTURE,10.25,0.14,8,587,Yes,0
24,female,Associate,63897.0,0,RENT,20000.0,HOMEIMPROVEMENT,11.01,0.31,3,614,No,1
25,female,Bachelor,64813.0,1,MORTGAGE,8000.0,VENTURE,6.35,0.12,3,626,No,0
29,male,High School,37865.0,4,RENT,5000.0,MEDICAL,14.96,0.13,8,589,No,0
24,female,High School,59882.0,3,MORTGAGE,2391.0,DEBTCONSOLIDATION,11.23,0.04,2,604,No,1
28,male,Associate,26777.0,6,RENT,4195.0,PERSONAL,7.51,0.16,7,573,Yes,0
39,female,Bachelor,65727.0,15,MORTGAGE,9000.0,HOMEIMPROVEMENT,11.71,0.14,12,643,No,0
26,female,Master,53682.0,0,MORTGAGE,10000.0,PERSONAL,17.14,0.19,4,602,Yes,0
30,male,Bachelor,55554.0,6,MORTGAGE,5000.0,HOMEIMPROVEMENT,7.29,0.09,8,652,Yes,0
32,male,Associate,116116.0,10,RENT,5000.0,PERSONAL,11.99,0.04,9,596,Yes,0
28,male,Associate,125550.0,4,MORTGAGE,35000.0,EDUCATION,13.33,0.28,7,616,Yes,0
22,female,Bachelor,79259.0,2,OWN,3000.0,MEDICAL,13.92,0.04,4,643,Yes,0
25,female,Bachelor,39541.0,0,RENT,8000.0,DEBTCONSOLIDATION,10.62,0.2,3,652,Yes,0
22,female,Master,72956.0,0,MORTGAGE,3950.0,EDUCATION,10.65,0.05,2,622,No,0
26,female,Bachelor,126951.0,0,MORTGAGE,5000.0,HOMEIMPROVEMENT,8.1,0.04,4,648,Yes,0
40,male,High School,96783.0,19,MORTGAGE,9500.0,EDUCATION,7.51,0.1,12,646,No,0
27,male,High School,144965.0,7,MORTGAGE,6000.0,PERSONAL,13.72,0.04,10,630,Yes,0
28,female,Bachelor,150992.0,5,MORTGAGE,9975.0,VENTURE,7.4,0.07,8,673,Yes,0
31,male,Bachelor,37046.0,11,MORTGAGE,10683.0,HOMEIMPROVEMENT,9.56,0.29,9,700,Yes,0
40,female,Doctorate,150893.0,17,MORTGAGE,10200.0,PERSONAL,7.49,0.07,13,711,Yes,0
25,female,Bachelor,100778.0,3,RENT,12000.0,DEBTCONSOLIDATION,13.19,0.12,3,604,Yes,0
23,male,Master,54860.0,0,MORTGAGE,1450.0,DEBTCONSOLIDATION,11.01,0.03,2,673,No,0
35,female,High School,167901.0,17,MORTGAGE,35000.0,DEBTCONSOLIDATION,12.69,0.21,6,665,Yes,0
29,female,Associate,41622.0,5,RENT,6000.0,VENTURE,13.01,0.14,8,588,Yes,0
27,male,Bachelor,31240.0,3,RENT,5600.0,EDUCATION,7.9,0.18,8,578,Yes,0
29,female,Bachelor,241158.0,7,MORTGAGE,6000.0,MEDICAL,11.01,0.02,8,668,Yes,0
39,female,Bachelor,43873.0,17,MORTGAGE,7125.0,PERSONAL,7.9,0.16,12,699,Yes,0
22,male,Associate,30654.0,0,OWN,1800.0,VENTURE,11.89,0.06,4,634,Yes,0
26,male,Bachelor,24143.0,6,RENT,1900.0,DEBTCONSOLIDATION,11.01,0.08,3,588,No,0
24,male,Bachelor,90861.0,3,RENT,10000.0,PERSONAL,9.91,0.11,3,630,No,0
23,male,Associate,85205.0,0,RENT,6000.0,EDUCATION,11.49,0.07,4,702,Yes,0
23,female,High School,92710.0,4,MORTGAGE,6000.0,DEBTCONSOLIDATION,6.91,0.06,4,697,No,0
39,male,Bachelor,55172.0,12,MORTGAGE,8625.0,VENTURE,11.01,0.16,13,650,No,0
25,female,High School,75146.0,4,RENT,5000.0,EDUCATION,7.49,0.07,3,665,No,0
32,female,Associate,50028.0,8,MORTGAGE,8000.0,PERSONAL,15.05,0.16,9,553,Yes,0
26,male,Bachelor,66245.0,2,RENT,5000.0,EDUCATION,10.0,0.08,2,631,No,0
23,male,Master,112743.0,5,OWN,25000.0,VENTURE,12.73,0.22,3,735,Yes,0
25,male,High School,51740.0,0,RENT,5000.0,MEDICAL,5.63,0.1,3,618,Yes,0
22,male,Associate,60871.0,0,MORTGAGE,6250.0,PERSONAL,7.88,0.1,2,615,Yes,0
24,female,Bachelor,79421.0,0,MORTGAGE,3000.0,DEBTCONSOLIDATION,12.73,0.04,3,662,Yes,0
29,male,Master,112670.0,5,MORTGAGE,5554.0,MEDICAL,10.91,0.05,7,600,Yes,0
50,female,High School,123368.0,27,MORTGAGE,12000.0,HOMEIMPROVEMENT,14.96,0.1,11,670,No,0
23,female,Bachelor,24353.0,1,RENT,2000.0,MEDICAL,11.79,0.08,4,691,Yes,0
23,male,Associate,67212.0,2,RENT,25000.0,EDUCATION,15.65,0.37,3,598,No,1
25,male,High School,121138.0,1,OWN,15000.0,MEDICAL,11.28,0.12,4,626,Yes,0
26,female,High School,99424.0,3,MORTGAGE,5000.0,VENTURE,13.47,0.05,2,562,Yes,0
26,female,Bachelor,46692.0,2,RENT,10000.0,PERSONAL,13.18,0.21,4,656,Yes,0
27,female,Bachelor,88811.0,2,MORTGAGE,15000.0,EDUCATION,13.22,0.17,5,707,Yes,0
25,male,Associate,62682.0,0,RENT,1325.0,VENTURE,14.79,0.02,3,669,Yes,0
29,female,Master,360479.0,8,RENT,16000.0,HOMEIMPROVEMENT,11.58,0.04,8,682,Yes,0
28,female,Master,77969.0,6,RENT,10000.0,DEBTCONSOLIDATION,10.65,0.13,7,699,Yes,0
26,female,Associate,102798.0,3,MORTGAGE,15000.0,VENTURE,7.66,0.15,4,621,Yes,0
31,male,High School,40120.0,8,RENT,5000.0,MEDICAL,11.01,0.12,6,621,No,0
39,female,Associate,146696.0,16,MORTGAGE,1450.0,VENTURE,6.76,0.01,17,669,No,0
31,male,Associate,186970.0,6,MORTGAGE,7000.0,HOMEIMPROVEMENT,5.42,0.04,5,642,Yes,0
22,female,Master,99790.0,4,MORTGAGE,20000.0,MEDICAL,10.52,0.2,3,556,Yes,0
23,male,Bachelor,49026.0,0,MORTGAGE,7500.0,VENTURE,9.02,0.15,3,554,Yes,0
38,male,Associate,181044.0,16,MORTGAGE,12000.0,HOMEIMPROVEMENT,10.46,0.07,13,639,No,0
22,female,Associate,28529.0,1,MORTGAGE,2000.0,PERSONAL,7.51,0.07,3,521,Yes,0
26,female,Bachelor,75669.0,6,RENT,2000.0,PERSONAL,12.53,0.03,2,596,Yes,0
27,male,Master,132625.0,0,MORTGAGE,25000.0,PERSONAL,12.73,0.19,6,660,No,0
32,female,Bachelor,103101.0,9,MORTGAGE,10000.0,PERSONAL,7.74,0.1,8,669,No,0
37,male,High School,50952.0,17,RENT,9600.0,VENTURE,12.62,0.19,12,683,Yes,0
34,male,Master,68220.0,13,RENT,6400.0,PERSONAL,11.01,0.09,5,548,Yes,0
24,male,Master,86232.0,0,RENT,13100.0,VENTURE,7.49,0.15,2,682,No,0
38,male,Master,240894.0,15,RENT,21000.0,HOMEIMPROVEMENT,10.37,0.09,11,566,No,0
23,male,Bachelor,34684.0,0,OWN,4200.0,EDUCATION,14.72,0.12,4,632,Yes,0
24,male,Associate,37180.0,1,RENT,1500.0,DEBTCONSOLIDATION,14.22,0.04,4,526,Yes,0
31,male,High School,128264.0,11,MORTGAGE,2400.0,DEBTCONSOLIDATION,9.63,0.02,5,650,No,0
26,female,Bachelor,90940.0,1,MORTGAGE,8000.0,MEDICAL,10.85,0.09,6,609,No,0
29,male,High School,149415.0,7,MORTGAGE,8100.0,MEDICAL,7.51,0.05,7,543,No,0
29,female,Bachelor,60823.0,6,MORTGAGE,5000.0,EDUCATION,10.05,0.08,6,655,Yes,0
37,male,Associate,67051.0,14,OWN,24375.0,VENTURE,10.37,0.36,13,632,Yes,0
26,male,Associate,97163.0,2,RENT,20000.0,EDUCATION,10.05,0.21,6,643,No,0
29,male,High School,65905.0,5,MORTGAGE,12000.0,MEDICAL,11.99,0.18,8,531,Yes,0
27,male,Bachelor,156813.0,6,RENT,10000.0,EDUCATION,7.74,0.06,5,663,Yes,0
22,female,Associate,72774.0,0,RENT,7500.0,EDUCATION,11.34,0.1,4,574,Yes,0
26,female,High School,49037.0,3,RENT,5000.0,PERSONAL,9.91,0.1,3,640,Yes,0
26,male,Bachelor,29774.0,5,MORTGAGE,8000.0,PERSONAL,9.76,0.27,3,626,No,0
29,female,Associate,52785.0,8,RENT,1600.0,EDUCATION,13.49,0.03,10,708,No,0
32,male,Associate,32852.0,10,RENT,8000.0,EDUCATION,7.51,0.24,10,720,No,0
27,male,Bachelor,317610.0,5,MORTGAGE,35000.0,MEDICAL,11.01,0.11,5,585,Yes,0
31,female,High School,61232.0,8,RENT,13000.0,VENTURE,11.01,0.21,9,624,Yes,0
42,male,Associate,61093.0,22,RENT,12000.0,PERSONAL,11.45,0.2,18,647,Yes,0
26,female,Master,169055.0,4,RENT,8400.0,VENTURE,12.53,0.05,2,703,No,0
32,male,Associate,77793.0,12,RENT,4875.0,HOMEIMPROVEMENT,10.74,0.06,9,633,Yes,0
30,female,High School,72818.0,8,MORTGAGE,15000.0,EDUCATION,13.55,0.21,9,630,No,0
29,female,Bachelor,55039.0,3,MORTGAGE,9227.0,MEDICAL,10.12,0.17,5,631,Yes,0
43,male,Doctorate,97048.0,19,RENT,10000.0,HOMEIMPROVEMENT,11.49,0.1,12,707,Yes,0
34,male,Associate,55966.0,12,RENT,5709.0,PERSONAL,13.47,0.1,9,455,Yes,0
26,female,Bachelor,80460.0,5,MORTGAGE,15000.0,VENTURE,10.27,0.19,4,674,Yes,0
24,male,High School,85436.0,1,MORTGAGE,25000.0,PERSONAL,10.77,0.29,2,674,Yes,0
38,male,Bachelor,63590.0,17,RENT,7000.0,EDUCATION,5.99,0.11,11,703,Yes,0
22,male,High School,84952.0,0,MORTGAGE,10000.0,DEBTCONSOLIDATION,7.29,0.12,3,659,Yes,0
29,female,Bachelor,120810.0,7,MORTGAGE,20000.0,MEDICAL,6.54,0.17,5,667,Yes,0
22,male,Master,60945.0,1,MORTGAGE,7000.0,DEBTCONSOLIDATION,13.11,0.11,4,725,No,0
24,male,Associate,48964.0,2,RENT,10000.0,PERSONAL,7.88,0.2,3,595,Yes,0
24,male,Bachelor,151085.0,1,OWN,28000.0,HOMEIMPROVEMENT,9.91,0.19,3,683,Yes,0
21,male,Bachelor,56871.0,0,RENT,12000.0,PERSONAL,15.21,0.21,3,647,No,0
30,female,Associate,123216.0,8,RENT,18000.0,MEDICAL,10.6,0.15,7,564,Yes,0
22,female,Associate,85079.0,0,RENT,12000.0,EDUCATION,7.29,0.14,4,639,No,0
25,female,Bachelor,77959.0,4,RENT,3835.0,DEBTCONSOLIDATION,9.55,0.05,4,633,No,1
22,male,Master,100640.0,1,MORTGAGE,5500.0,DEBTCONSOLIDATION,11.99,0.05,4,685,No,0
27,male,Bachelor,78754.0,6,MORTGAGE,3000.0,VENTURE,11.13,0.04,5,557,Yes,0
24,male,Bachelor,60341.0,3,RENT,4400.0,DEBTCONSOLIDATION,16.77,0.07,3,636,No,1
28,male,Associate,86532.0,7,RENT,20000.0,HOMEIMPROVEMENT,14.0,0.23,4,687,No,1
22,male,High School,49026.0,0,RENT,7000.0,EDUCATION,11.14,0.14,4,498,Yes,0
26,female,Master,67044.0,2,RENT,6000.0,HOMEIMPROVEMENT,7.14,0.09,4,547,Yes,0
25,female,Associate,40623.0,2,RENT,2500.0,DEBTCONSOLIDATION,10.59,0.06,2,558,Yes,0
25,male,High School,211017.0,5,MORTGAGE,10000.0,HOMEIMPROVEMENT,15.05,0.05,4,631,Yes,0
30,female,Bachelor,109217.0,5,MORTGAGE,18000.0,PERSONAL,8.49,0.16,7,565,Yes,0
25,female,Bachelor,31166.0,1,OWN,6000.0,VENTURE,7.51,0.19,2,579,No,0
22,male,Master,33467.0,0,RENT,11000.0,MEDICAL,11.48,0.33,4,646,No,1
25,male,Associate,57736.0,0,RENT,6000.0,DEBTCONSOLIDATION,10.63,0.1,2,645,Yes,0
33,female,High School,133111.0,7,MORTGAGE,5000.0,MEDICAL,7.51,0.04,7,594,Yes,0
24,female,High School,60864.0,2,RENT,2966.0,DEBTCONSOLIDATION,7.29,0.05,3,596,Yes,0
23,male,Associate,180968.0,2,MORTGAGE,10000.0,VENTURE,7.14,0.06,4,626,Yes,0
23,male,Bachelor,116092.0,3,RENT,10000.0,PERSONAL,10.65,0.09,3,645,Yes,0
22,female,Master,46183.0,0,RENT,10000.0,EDUCATION,10.75,0.22,2,643,Yes,0
34,male,Associate,37295.0,14,RENT,3350.0,VENTURE,10.99,0.09,10,658,Yes,0
23,female,Bachelor,104761.0,1,MORTGAGE,14000.0,PERSONAL,7.29,0.13,3,478,Yes,0
28,female,Bachelor,87104.0,5,RENT,12000.0,VENTURE,13.49,0.14,6,687,Yes,0
26,female,Bachelor,60970.0,5,MORTGAGE,10000.0,EDUCATION,8.39,0.16,4,674,Yes,0
31,female,High School,67161.0,5,RENT,10200.0,PERSONAL,13.07,0.15,6,700,Yes,0
25,male,Master,145354.0,4,RENT,12000.0,HOMEIMPROVEMENT,11.01,0.08,3,641,Yes,0
36,male,Master,53700.0,14,MORTGAGE,1800.0,MEDICAL,10.0,0.03,13,515,No,1
24,male,Bachelor,40727.0,0,OWN,12250.0,VENTURE,13.11,0.3,4,527,Yes,0
24,male,Master,48410.0,5,RENT,6400.0,PERSONAL,10.36,0.13,2,619,Yes,0
21,male,High School,26833.0,0,RENT,2000.0,MEDICAL,11.71,0.07,4,673,No,1
28,female,Associate,63633.0,2,RENT,8400.0,VENTURE,9.12,0.13,5,536,Yes,0
26,male,High School,102794.0,1,MORTGAGE,10000.0,EDUCATION,11.66,0.1,2,617,Yes,0
26,male,Bachelor,85184.0,7,RENT,10000.0,HOMEIMPROVEMENT,10.93,0.12,3,687,No,0
41,male,Associate,37774.0,23,RENT,6500.0,DEBTCONSOLIDATION,10.65,0.17,12,569,No,0
25,male,Master,72878.0,6,RENT,13500.0,DEBTCONSOLIDATION,7.49,0.19,2,700,Yes,0
24,male,High School,114880.0,3,MORTGAGE,20000.0,VENTURE,10.62,0.17,4,538,Yes,0
23,female,Bachelor,54919.0,0,RENT,6225.0,VENTURE,11.54,0.11,4,706,Yes,0
29,male,High School,71001.0,6,OTHER,14000.0,HOMEIMPROVEMENT,11.83,0.2,8,665,Yes,0
22,female,Bachelor,36918.0,0,OWN,7000.0,VENTURE,13.98,0.19,2,662,No,0
25,male,Associate,37382.0,4,MORTGAGE,8000.0,VENTURE,10.65,0.21,4,636,Yes,0
25,male,Master,46640.0,2,RENT,9000.0,MEDICAL,7.03,0.19,4,693,No,0
31,male,Bachelor,21602.0,6,RENT,2112.0,PERSONAL,10.23,0.1,8,600,Yes,0
41,male,Associate,69596.0,18,RENT,1200.0,PERSONAL,15.99,0.02,12,708,Yes,0
37,male,Master,54047.0,13,RENT,1717.0,MEDICAL,10.49,0.03,17,739,No,1
30,female,Master,145275.0,6,RENT,12000.0,VENTURE,11.0,0.08,6,558,Yes,0
23,female,Associate,90945.0,1,MORTGAGE,5000.0,EDUCATION,6.03,0.05,4,648,Yes,0
24,male,High School,130835.0,0,MORTGAGE,10000.0,DEBTCONSOLIDATION,8.49,0.08,2,613,Yes,0
26,female,Bachelor,44224.0,6,RENT,2000.0,MEDICAL,16.49,0.05,3,697,Yes,0
32,male,Bachelor,87679.0,10,MORTGAGE,6566.0,DEBTCONSOLIDATION,10.4,0.07,8,601,Yes,0
33,male,Associate,23529.0,8,OWN,3500.0,DEBTCONSOLIDATION,13.16,0.15,6,607,No,1
26,female,Associate,74273.0,1,MORTGAGE,21000.0,MEDICAL,11.01,0.28,2,659,No,0
27,female,Associate,70269.0,3,RENT,7500.0,EDUCATION,12.21,0.11,10,599,No,0
26,female,Master,60450.0,7,RENT,10000.0,VENTURE,13.11,0.17,3,591,Yes,0
26,male,Associate,62151.0,4,MORTGAGE,12000.0,DEBTCONSOLIDATION,7.29,0.19,4,607,No,0
25,female,High School,130576.0,0,MORTGAGE,10000.0,VENTURE,7.88,0.08,3,675,Yes,0
29,female,Doctorate,78876.0,4,MORTGAGE,15000.0,VENTURE,11.37,0.19,8,732,Yes,0
24,male,High School,47564.0,5,RENT,1500.0,MEDICAL,15.62,0.03,3,560,Yes,0
26,male,Associate,46563.0,2,RENT,1000.0,PERSONAL,15.27,0.02,3,639,Yes,0
22,male,Bachelor,58530.0,0,RENT,11000.0,EDUCATION,10.75,0.19,4,662,Yes,0
28,female,High School,48763.0,4,RENT,4553.0,VENTURE,11.59,0.09,4,615,No,0
28,male,Bachelor,144931.0,6,RENT,9600.0,MEDICAL,8.0,0.07,7,683,No,0
22,male,High School,73098.0,3,RENT,12500.0,PERSONAL,10.59,0.17,4,536,Yes,0
26,male,Master,132859.0,4,MORTGAGE,16000.0,VENTURE,9.79,0.12,5,477,Yes,0
34,male,Associate,108996.0,12,RENT,3000.0,VENTURE,13.99,0.03,9,611,Yes,0
22,male,Master,91005.0,2,RENT,19200.0,VENTURE,11.01,0.21,2,559,Yes,0
36,female,High School,84936.0,10,MORTGAGE,10000.0,VENTURE,9.88,0.12,14,623,Yes,0
30,male,Associate,75455.0,9,RENT,12800.0,VENTURE,10.93,0.17,7,709,Yes,0
28,female,Bachelor,170283.0,7,MORTGAGE,9000.0,HOMEIMPROVEMENT,7.14,0.05,8,656,Yes,0
27,male,Associate,78986.0,3,RENT,12000.0,PERSONAL,11.01,0.15,5,584,Yes,0
38,male,Bachelor,63903.0,16,RENT,6532.0,HOMEIMPROVEMENT,14.14,0.1,16,754,No,1
26,male,Master,71811.0,0,MORTGAGE,6400.0,PERSONAL,8.63,0.09,3,677,Yes,0
31,female,Bachelor,104257.0,9,RENT,5000.0,DEBTCONSOLIDATION,11.01,0.05,8,660,Yes,0
26,female,Bachelor,74350.0,2,RENT,6000.0,EDUCATION,10.94,0.08,4,641,No,0
25,female,Associate,75937.0,1,RENT,7250.0,MEDICAL,10.65,0.1,4,521,No,0
23,female,High School,63196.0,2,RENT,4800.0,PERSONAL,9.48,0.08,2,667,Yes,0
31,male,Associate,50344.0,10,RENT,5000.0,PERSONAL,15.28,0.1,5,617,No,0
25,female,Associate,61521.0,0,MORTGAGE,20000.0,HOMEIMPROVEMENT,11.51,0.33,4,529,Yes,0
27,male,Bachelor,87619.0,6,MORTGAGE,6150.0,MEDICAL,11.01,0.07,5,658,Yes,0
27,male,Bachelor,61086.0,1,MORTGAGE,12000.0,VENTURE,9.32,0.2,8,665,Yes,0
45,male,Bachelor,47061.0,22,RENT,1000.0,DEBTCONSOLIDATION,14.72,0.02,12,706,No,0
26,female,Bachelor,30911.0,5,OWN,5400.0,DEBTCONSOLIDATION,16.49,0.17,2,609,No,0
28,female,Bachelor,93789.0,4,RENT,10000.0,PERSONAL,9.2,0.11,7,673,Yes,0
27,male,Master,146222.0,4,MORTGAGE,16800.0,HOMEIMPROVEMENT,6.91,0.11,8,731,No,0
27,female,Bachelor,106563.0,4,RENT,9000.0,DEBTCONSOLIDATION,6.91,0.08,10,580,Yes,0
43,female,Associate,119326.0,22,RENT,5000.0,VENTURE,14.84,0.04,14,651,No,0
23,female,Bachelor,56062.0,1,OWN,10000.0,EDUCATION,13.16,0.18,3,692,Yes,0
41,male,Associate,73224.0,20,MORTGAGE,16800.0,PERSONAL,17.99,0.23,16,694,Yes,0
43,female,Associate,82558.0,20,MORTGAGE,7000.0,PERSONAL,12.61,0.08,11,701,Yes,0
24,male,Bachelor,118802.0,4,MORTGAGE,25000.0,VENTURE,11.66,0.21,3,622,No,0
28,male,High School,108908.0,5,MORTGAGE,21000.0,MEDICAL,10.74,0.19,7,637,No,0
28,female,High School,73085.0,7,RENT,3500.0,HOMEIMPROVEMENT,11.01,0.05,10,593,No,0
25,male,High School,18701.0,3,RENT,1124.0,VENTURE,8.48,0.06,6,582,Yes,0
30,male,Master,50744.0,8,MORTGAGE,14935.0,VENTURE,10.11,0.29,9,642,Yes,0
29,male,Associate,190644.0,5,OWN,11000.0,EDUCATION,8.49,0.06,6,577,Yes,0
31,male,Associate,90801.0,10,RENT,10000.0,PERSONAL,13.47,0.11,5,715,No,0
27,female,Bachelor,73016.0,5,MORTGAGE,2000.0,EDUCATION,7.29,0.03,7,653,Yes,0
35,female,Associate,71342.0,11,MORTGAGE,11000.0,HOMEIMPROVEMENT,7.88,0.15,9,635,Yes,0
37,male,High School,89816.0,14,RENT,19200.0,HOMEIMPROVEMENT,12.87,0.21,12,617,No,1
36,male,Master,58763.0,15,RENT,6000.0,PERSONAL,9.4,0.1,14,611,Yes,0
25,female,Bachelor,60739.0,5,RENT,9000.0,DEBTCONSOLIDATION,12.69,0.15,3,675,No,0
34,female,Bachelor,96830.0,12,MORTGAGE,3600.0,VENTURE,5.99,0.04,9,721,No,0
23,female,Master,83349.0,3,MORTGAGE,4200.0,VENTURE,11.66,0.05,3,659,Yes,0
24,male,High School,54777.0,0,MORTGAGE,5000.0,MEDICAL,5.79,0.09,3,705,Yes,0
23,female,High School,102828.0,2,RENT,10000.0,DEBTCONSOLIDATION,6.16,0.1,4,628,Yes,0
23,male,Bachelor,157003.0,2,MORTGAGE,6000.0,DEBTCONSOLIDATION,5.75,0.04,3,710,No,0
33,female,Master,38526.0,11,RENT,5000.0,EDUCATION,12.32,0.13,8,694,No,1
24,female,Associate,98108.0,4,OWN,12000.0,PERSONAL,11.76,0.12,4,656,Yes,0
24,female,Associate,55082.0,2,MORTGAGE,15000.0,VENTURE,13.06,0.27,3,676,Yes,0
30,male,High School,26261.0,9,RENT,5000.0,EDUCATION,13.49,0.19,7,625,Yes,0
30,male,Bachelor,31109.0,6,RENT,5475.0,PERSONAL,12.68,0.18,6,574,No,0
26,male,Associate,41874.0,6,MORTGAGE,4000.0,MEDICAL,17.58,0.1,3,649,No,1
23,female,Bachelor,66831.0,0,MORTGAGE,7200.0,VENTURE,11.71,0.11,3,706,No,0
30,female,Master,70412.0,5,MORTGAGE,6000.0,PERSONAL,11.01,0.09,10,607,Yes,0
33,female,Bachelor,87174.0,12,RENT,9000.0,PERSONAL,11.14,0.1,5,626,Yes,0
40,female,Associate,179191.0,20,MORTGAGE,5000.0,VENTURE,6.03,0.03,11,708,Yes,0
25,female,Bachelor,109309.0,3,MORTGAGE,6000.0,PERSONAL,7.74,0.05,4,671,No,0
25,male,Master,132830.0,3,OWN,28000.0,PERSONAL,9.91,0.21,2,592,Yes,0
26,male,Associate,36913.0,3,RENT,8000.0,EDUCATION,12.61,0.22,4,614,Yes,0
29,female,Bachelor,74324.0,4,MORTGAGE,17000.0,HOMEIMPROVEMENT,6.03,0.23,10,687,No,0
32,male,High School,61304.0,9,RENT,11100.0,HOMEIMPROVEMENT,10.59,0.18,10,631,Yes,0
23,male,Associate,35885.0,0,RENT,6000.0,VENTURE,5.99,0.17,3,524,Yes,0
24,male,Bachelor,42689.0,0,RENT,6000.0,VENTURE,13.98,0.14,4,642,No,0
21,male,Bachelor,33082.0,0,RENT,2600.0,PERSONAL,13.22,0.08,2,671,Yes,0
24,female,Master,31233.0,2,RENT,2400.0,VENTURE,13.8,0.08,4,664,Yes,0
24,male,High School,85401.0,0,OTHER,9000.0,PERSONAL,9.9,0.11,2,622,No,0
35,male,Bachelor,28953.0,12,RENT,4991.0,VENTURE,15.17,0.17,9,640,Yes,0
23,female,High School,81467.0,5,MORTGAGE,5525.0,EDUCATION,6.99,0.07,4,690,Yes,0
25,male,High School,48823.0,4,RENT,10400.0,EDUCATION,9.91,0.21,4,574,Yes,0
30,female,Bachelor,77694.0,5,MORTGAGE,15000.0,HOMEIMPROVEMENT,17.99,0.19,5,659,No,0
49,male,High School,54883.0,27,RENT,10000.0,PERSONAL,14.22,0.18,12,716,No,0
30,female,Bachelor,121025.0,10,MORTGAGE,3600.0,HOMEIMPROVEMENT,11.01,0.03,10,651,No,0
21,male,High School,43345.0,0,RENT,2200.0,EDUCATION,7.49,0.05,2,539,Yes,0
26,male,High School,157041.0,3,RENT,12000.0,EDUCATION,14.22,0.08,2,515,Yes,0
26,female,High School,187161.0,7,RENT,24000.0,DEBTCONSOLIDATION,10.99,0.13,4,633,Yes,0
28,male,High School,37122.0,8,MORTGAGE,3000.0,DEBTCONSOLIDATION,7.29,0.08,5,567,No,0
22,male,High School,61435.0,3,RENT,12000.0,EDUCATION,12.73,0.2,4,609,Yes,0
30,male,Bachelor,138693.0,7,MORTGAGE,19000.0,DEBTCONSOLIDATION,12.34,0.14,7,654,Yes,0
26,female,Associate,120166.0,4,MORTGAGE,15000.0,MEDICAL,6.99,0.12,3,621,Yes,0
26,male,Associate,39351.0,7,RENT,8575.0,MEDICAL,15.91,0.22,3,611,No,1
22,female,Bachelor,51430.0,0,RENT,7500.0,DEBTCONSOLIDATION,17.04,0.15,2,678,No,1
54,male,Doctorate,61146.0,31,RENT,20000.0,DEBTCONSOLIDATION,7.9,0.33,20,714,No,1
30,female,High School,45581.0,8,RENT,8000.0,EDUCATION,9.58,0.18,9,525,No,0
23,male,Associate,91016.0,1,RENT,5000.0,VENTURE,11.01,0.05,3,650,Yes,0
23,male,Associate,65674.0,0,MORTGAGE,2000.0,EDUCATION,10.74,0.03,3,637,Yes,0
27,male,Bachelor,144947.0,6,MORTGAGE,6000.0,PERSONAL,13.79,0.04,10,717,No,0
23,female,Bachelor,50131.0,3,RENT,3000.0,DEBTCONSOLIDATION,11.03,0.06,4,678,Yes,0
24,male,High School,39646.0,4,MORTGAGE,3000.0,VENTURE,10.75,0.08,4,633,Yes,0
22,female,Associate,35244.0,2,OWN,10000.0,DEBTCONSOLIDATION,16.49,0.28,4,594,No,0
24,female,High School,96160.0,0,RENT,16000.0,HOMEIMPROVEMENT,11.14,0.17,4,508,Yes,0
25,male,Master,166588.0,2,MORTGAGE,20000.0,DEBTCONSOLIDATION,15.94,0.12,4,659,No,1
26,male,High School,337133.0,7,RENT,10000.0,PERSONAL,15.96,0.03,3,623,Yes,0
22,male,Associate,68594.0,1,RENT,9500.0,DEBTCONSOLIDATION,8.9,0.14,4,593,Yes,0
23,male,Bachelor,177406.0,1,MORTGAGE,24216.0,DEBTCONSOLIDATION,10.83,0.14,3,616,Yes,0
26,male,Master,84970.0,5,MORTGAGE,7000.0,EDUCATION,7.88,0.08,4,691,No,0
35,female,Bachelor,56963.0,16,MORTGAGE,17000.0,EDUCATION,11.83,0.3,10,709,No,0
25,female,High School,62972.0,1,RENT,10000.0,HOMEIMPROVEMENT,6.91,0.16,2,588,Yes,0
22,male,Bachelor,65941.0,0,MORTGAGE,10000.0,PERSONAL,10.72,0.15,4,583,Yes,0
26,male,Bachelor,72997.0,3,RENT,7200.0,EDUCATION,11.37,0.1,4,603,Yes,0
37,female,Doctorate,28420.0,14,RENT,10000.0,EDUCATION,13.21,0.35,15,691,No,1
31,female,Master,44145.0,9,RENT,11873.0,DEBTCONSOLIDATION,11.61,0.27,8,623,No,1
25,male,Bachelor,52048.0,1,RENT,3000.0,DEBTCONSOLIDATION,10.71,0.06,2,712,Yes,0
24,male,Associate,72969.0,1,MORTGAGE,10000.0,PERSONAL,9.63,0.14,2,506,Yes,0
24,female,Master,106097.0,2,RENT,20000.0,DEBTCONSOLIDATION,13.25,0.19,5,585,Yes,0
27,male,Bachelor,72808.0,2,MORTGAGE,6000.0,MEDICAL,8.94,0.08,10,602,Yes,0
24,male,High School,88707.0,5,RENT,5000.0,DEBTCONSOLIDATION,9.01,0.06,2,656,No,0
27,male,High School,64284.0,5,RENT,9688.0,HOMEIMPROVEMENT,10.44,0.15,5,592,Yes,0
26,male,Master,105578.0,3,MORTGAGE,15000.0,HOMEIMPROVEMENT,14.74,0.14,3,699,No,0
33,male,Master,169142.0,10,MORTGAGE,9600.0,MEDICAL,6.91,0.06,10,675,No,0
30,male,Master,106537.0,6,MORTGAGE,13339.0,VENTURE,12.06,0.13,7,625,Yes,0
27,female,Bachelor,121131.0,5,RENT,18000.0,VENTURE,7.88,0.15,5,686,Yes,0
36,male,Bachelor,64572.0,14,RENT,3514.0,DEBTCONSOLIDATION,9.31,0.05,16,668,Yes,0
22,female,High School,65761.0,0,RENT,16075.0,DEBTCONSOLIDATION,10.37,0.24,3,572,Yes,0
30,female,Associate,44061.0,8,OWN,10000.0,MEDICAL,12.69,0.23,10,642,No,0
24,male,Bachelor,58456.0,4,RENT,7500.0,VENTURE,11.84,0.13,3,630,No,0
32,female,High School,127187.0,6,RENT,3000.0,DEBTCONSOLIDATION,11.01,0.02,5,641,No,0
33,female,Master,163000.0,10,MORTGAGE,22250.0,MEDICAL,11.01,0.14,9,688,Yes,0
28,female,Associate,275769.0,4,MORTGAGE,35000.0,HOMEIMPROVEMENT,14.28,0.13,6,530,Yes,0
29,male,Bachelor,175767.0,7,MORTGAGE,2271.0,MEDICAL,9.96,0.01,6,583,Yes,0
24,female,Master,151029.0,2,MORTGAGE,15000.0,VENTURE,12.16,0.1,4,544,Yes,0
26,male,Associate,122142.0,1,MORTGAGE,16493.0,DEBTCONSOLIDATION,9.77,0.14,3,567,No,0
43,male,Doctorate,58727.0,23,RENT,5500.0,MEDICAL,12.61,0.09,17,756,No,0
24,male,Master,69553.0,1,MORTGAGE,5572.0,MEDICAL,10.15,0.08,3,715,No,0
30,female,Bachelor,59713.0,7,MORTGAGE,8500.0,MEDICAL,12.79,0.14,10,682,Yes,0
26,female,Associate,51088.0,6,RENT,10000.0,MEDICAL,6.54,0.2,4,693,No,0
21,male,Bachelor,39347.0,0,RENT,7000.0,VENTURE,11.49,0.18,2,652,Yes,0
29,female,Master,41837.0,2,RENT,8994.0,HOMEIMPROVEMENT,10.99,0.21,9,666,No,1
22,male,High School,30090.0,2,RENT,8000.0,EDUCATION,11.01,0.27,2,524,No,1
27,female,Associate,56039.0,3,MORTGAGE,1450.0,HOMEIMPROVEMENT,8.49,0.03,8,610,No,0
32,male,Master,90929.0,13,MORTGAGE,14000.0,MEDICAL,6.03,0.15,10,629,No,0
31,female,Bachelor,29281.0,9,RENT,1800.0,MEDICAL,13.06,0.06,7,564,Yes,0
37,female,Master,48337.0,12,OWN,8000.0,VENTURE,8.49,0.17,13,617,Yes,0
25,female,Associate,127756.0,3,MORTGAGE,25000.0,EDUCATION,7.51,0.2,6,674,Yes,0
24,male,Associate,86139.0,5,RENT,4899.0,MEDICAL,12.27,0.06,3,636,Yes,0
29,female,Associate,70914.0,6,RENT,9600.0,VENTURE,11.48,0.14,5,574,Yes,0
35,female,Bachelor,192882.0,13,MORTGAGE,7500.0,EDUCATION,9.57,0.04,10,644,No,0
26,female,Bachelor,65379.0,4,RENT,8000.0,MEDICAL,5.63,0.12,4,662,No,0
26,male,Associate,67376.0,3,RENT,10000.0,MEDICAL,11.01,0.15,4,680,Yes,0
24,female,Master,81639.0,4,RENT,20000.0,HOMEIMPROVEMENT,13.48,0.24,2,681,No,0
29,male,Associate,181267.0,8,MORTGAGE,12000.0,HOMEIMPROVEMENT,10.62,0.07,9,719,Yes,0
27,male,Master,38032.0,4,RENT,4000.0,MEDICAL,10.44,0.11,6,639,Yes,0
23,female,Master,60675.0,2,RENT,12000.0,DEBTCONSOLIDATION,6.54,0.2,3,641,Yes,0
26,female,High School,20991.0,1,RENT,1052.0,VENTURE,13.37,0.05,7,632,Yes,0
31,male,Associate,41407.0,8,RENT,5000.0,VENTURE,8.87,0.12,7,703,No,0
26,female,Master,121008.0,2,RENT,11200.0,EDUCATION,13.98,0.09,2,696,No,0
23,male,High School,67070.0,2,RENT,11000.0,MEDICAL,11.01,0.16,2,681,Yes,0
26,male,Bachelor,34484.0,3,RENT,5187.0,MEDICAL,12.03,0.15,4,698,No,0
26,male,Master,41807.0,2,RENT,6000.0,DEBTCONSOLIDATION,12.69,0.14,4,648,No,0
26,female,Bachelor,80625.0,2,MORTGAGE,10000.0,VENTURE,7.88,0.12,4,630,Yes,0
26,male,Associate,42965.0,4,RENT,6600.0,MEDICAL,8.59,0.15,3,677,No,0
22,female,Bachelor,60953.0,0,RENT,4000.0,EDUCATION,6.92,0.07,4,662,Yes,0
25,female,Bachelor,36979.0,2,RENT,3200.0,MEDICAL,13.99,0.09,2,701,No,0
28,female,Bachelor,65467.0,5,RENT,10000.0,EDUCATION,16.49,0.15,7,717,No,1
24,female,Bachelor,75557.0,2,MORTGAGE,4000.0,PERSONAL,8.9,0.05,4,713,No,0
30,male,High School,172345.0,7,MORTGAGE,18000.0,PERSONAL,8.49,0.1,7,574,Yes,0
24,female,Master,54738.0,0,MORTGAGE,10000.0,PERSONAL,5.79,0.18,4,658,Yes,0
22,male,High School,102851.0,0,MORTGAGE,12000.0,VENTURE,11.01,0.12,3,680,Yes,0
21,female,High School,51370.0,0,MORTGAGE,7000.0,EDUCATION,15.23,0.14,4,598,Yes,0
27,female,Master,84776.0,7,MORTGAGE,6000.0,HOMEIMPROVEMENT,10.75,0.07,10,634,Yes,0
24,female,High School,85089.0,2,MORTGAGE,12000.0,VENTURE,11.01,0.14,2,581,Yes,0
28,male,Master,81388.0,9,MORTGAGE,14400.0,VENTURE,9.88,0.18,10,657,Yes,0
25,male,Master,30182.0,3,OWN,6000.0,MEDICAL,11.79,0.2,6,650,Yes,0
32,female,Bachelor,144964.0,8,MORTGAGE,5600.0,VENTURE,10.75,0.04,8,661,Yes,0
29,female,High School,79030.0,4,MORTGAGE,12000.0,PERSONAL,9.62,0.15,5,597,No,0
26,male,Doctorate,174997.0,1,MORTGAGE,20000.0,HOMEIMPROVEMENT,10.25,0.11,2,694,No,1
23,female,High School,42717.0,0,RENT,2000.0,EDUCATION,6.92,0.05,2,654,No,0
23,male,Master,37104.0,0,RENT,10625.0,EDUCATION,6.92,0.29,2,643,No,1
30,male,Bachelor,51623.0,5,OWN,1200.0,EDUCATION,6.62,0.02,8,717,Yes,0
24,male,Associate,163088.0,2,MORTGAGE,8800.0,HOMEIMPROVEMENT,6.03,0.05,2,614,No,0
23,male,Bachelor,16845.0,0,RENT,1559.0,MEDICAL,8.49,0.09,4,586,Yes,0
35,female,Bachelor,62125.0,13,MORTGAGE,12000.0,DEBTCONSOLIDATION,9.69,0.19,13,714,Yes,0
25,female,Bachelor,67884.0,1,MORTGAGE,10000.0,MEDICAL,7.2,0.15,4,627,Yes,0
22,female,Associate,49006.0,0,RENT,7000.0,DEBTCONSOLIDATION,10.43,0.14,4,607,No,0
43,male,Associate,151037.0,19,MORTGAGE,8825.0,EDUCATION,7.88,0.06,13,639,Yes,0
26,male,Associate,115025.0,2,RENT,12000.0,VENTURE,10.65,0.1,3,567,Yes,0
32,female,Master,187017.0,11,RENT,7500.0,PERSONAL,11.59,0.04,5,686,No,0
27,male,Bachelor,98721.0,3,MORTGAGE,6000.0,HOMEIMPROVEMENT,8.36,0.06,5,710,Yes,0
33,female,Master,108844.0,11,RENT,18000.0,PERSONAL,11.58,0.17,10,637,No,1
22,female,Associate,41719.0,0,RENT,10000.0,MEDICAL,8.32,0.24,2,531,No,1
25,female,High School,29736.0,6,RENT,2000.0,EDUCATION,11.2,0.07,3,612,Yes,0
29,female,High School,121232.0,5,MORTGAGE,12000.0,DEBTCONSOLIDATION,6.91,0.1,10,577,Yes,0
23,male,Master,62148.0,0,RENT,13500.0,DEBTCONSOLIDATION,12.23,0.22,2,692,Yes,0
26,male,Associate,52721.0,2,OWN,17000.0,EDUCATION,13.49,0.32,2,628,No,0
33,female,High School,82417.0,10,RENT,18000.0,HOMEIMPROVEMENT,10.08,0.22,6,528,Yes,0
27,female,Bachelor,69043.0,3,MORTGAGE,14278.0,MEDICAL,14.57,0.21,7,669,No,1
27,male,Associate,115426.0,0,RENT,12000.0,EDUCATION,11.11,0.1,6,612,No,0
22,male,Bachelor,60831.0,0,RENT,10000.0,MEDICAL,7.88,0.16,3,614,Yes,0
22,female,High School,36745.0,0,RENT,5500.0,PERSONAL,12.53,0.15,4,596,Yes,0
25,female,Master,57272.0,1,RENT,19000.0,MEDICAL,11.99,0.33,2,648,No,1
30,male,Associate,53807.0,8,MORTGAGE,11000.0,HOMEIMPROVEMENT,8.0,0.2,5,634,No,0
24,male,Associate,59388.0,1,RENT,10000.0,EDUCATION,13.85,0.17,3,576,Yes,0
25,male,Bachelor,28947.0,0,MORTGAGE,7000.0,DEBTCONSOLIDATION,10.71,0.24,3,577,Yes,0
25,male,Associate,88362.0,1,MORTGAGE,3500.0,DEBTCONSOLIDATION,13.23,0.04,2,615,No,0
35,female,Master,73237.0,14,RENT,15000.0,HOMEIMPROVEMENT,13.43,0.2,5,712,Yes,0
28,female,High School,88008.0,3,RENT,5000.0,MEDICAL,8.88,0.06,7,677,Yes,0
29,female,Associate,30888.0,4,OWN,6500.0,MEDICAL,13.49,0.21,9,542,Yes,0
30,male,High School,168049.0,5,MORTGAGE,15000.0,VENTURE,13.47,0.09,9,518,Yes,0
24,female,Master,44371.0,3,RENT,6000.0,MEDICAL,14.96,0.14,2,635,Yes,0
29,male,Master,133125.0,6,MORTGAGE,5000.0,MEDICAL,10.01,0.04,9,705,Yes,0
29,male,Associate,88601.0,5,RENT,2500.0,DEBTCONSOLIDATION,14.35,0.03,8,637,No,0
27,male,Master,56206.0,5,RENT,10000.0,VENTURE,11.01,0.18,5,596,No,0
30,male,High School,65750.0,9,MORTGAGE,5000.0,MEDICAL,7.71,0.08,7,502,Yes,0
24,male,Associate,39320.0,0,RENT,12800.0,HOMEIMPROVEMENT,12.42,0.33,3,684,No,1
22,female,Associate,67823.0,0,OWN,12000.0,EDUCATION,13.98,0.18,3,579,No,0
28,female,High School,75361.0,8,RENT,10411.0,EDUCATION,13.25,0.14,10,498,Yes,0
28,male,Master,41940.0,5,RENT,5500.0,PERSONAL,11.7,0.13,5,573,Yes,0
28,female,Bachelor,51898.0,5,RENT,6000.0,MEDICAL,8.5,0.12,8,649,No,0
24,female,Master,61018.0,0,MORTGAGE,6000.0,HOMEIMPROVEMENT,13.99,0.1,4,662,No,0
23,male,Associate,147360.0,2,MORTGAGE,11200.0,EDUCATION,10.99,0.08,3,668,Yes,0
22,female,High School,31521.0,0,RENT,4000.0,EDUCATION,5.42,0.13,4,494,Yes,0
27,female,Associate,39511.0,4,RENT,4200.0,MEDICAL,8.0,0.11,10,620,Yes,0
24,male,Bachelor,46131.0,0,MORTGAGE,5600.0,DEBTCONSOLIDATION,8.94,0.12,4,585,Yes,0
27,female,High School,73040.0,2,RENT,4500.0,DEBTCONSOLIDATION,12.69,0.06,7,689,Yes,0
22,female,Master,38588.0,2,RENT,4800.0,VENTURE,10.37,0.12,4,614,Yes,0
23,female,Master,70798.0,1,MORTGAGE,4000.0,MEDICAL,8.0,0.06,3,656,Yes,0
34,female,Master,60825.0,14,RENT,3600.0,PERSONAL,11.99,0.06,7,684,No,0
42,male,High School,62353.0,21,MORTGAGE,20000.0,DEBTCONSOLIDATION,8.49,0.32,14,671,No,0
40,male,Bachelor,63601.0,16,RENT,1500.0,PERSONAL,10.46,0.02,11,681,No,0
25,male,Associate,89741.0,2,MORTGAGE,12000.0,VENTURE,6.03,0.13,3,639,Yes,0
24,female,Bachelor,47380.0,1,RENT,5000.0,DEBTCONSOLIDATION,11.14,0.11,3,636,Yes,0
22,female,Bachelor,36851.0,0,OWN,6000.0,VENTURE,7.49,0.16,4,590,No,0
31,male,High School,129359.0,5,MORTGAGE,12000.0,EDUCATION,13.65,0.09,10,583,Yes,0
35,female,High School,69398.0,12,MORTGAGE,5500.0,MEDICAL,7.49,0.08,5,599,Yes,0
23,male,High School,65679.0,0,RENT,2500.0,EDUCATION,16.32,0.04,2,518,Yes,0
21,female,High School,51200.0,3,OWN,12250.0,VENTURE,8.88,0.24,4,616,Yes,0
31,male,Associate,62641.0,8,RENT,19000.0,HOMEIMPROVEMENT,14.83,0.3,10,652,No,1
24,male,High School,49209.0,3,MORTGAGE,4000.0,DEBTCONSOLIDATION,7.14,0.08,4,543,Yes,0
26,male,Bachelor,183595.0,3,OWN,15000.0,PERSONAL,11.36,0.08,2,602,Yes,0
27,female,Master,168741.0,3,MORTGAGE,6000.0,HOMEIMPROVEMENT,13.57,0.04,5,634,Yes,0
23,male,High School,44470.0,2,RENT,10000.0,EDUCATION,8.59,0.22,2,643,Yes,0
22,male,Associate,136672.0,0,MORTGAGE,12075.0,MEDICAL,11.01,0.09,2,611,Yes,0
29,male,Bachelor,139867.0,6,MORTGAGE,7000.0,PERSONAL,6.62,0.05,8,648,Yes,0
29,female,Associate,73158.0,9,MORTGAGE,5000.0,VENTURE,7.66,0.07,10,654,No,0
25,female,High School,130715.0,3,MORTGAGE,24250.0,HOMEIMPROVEMENT,10.75,0.19,2,654,No,0
23,male,High School,101575.0,1,RENT,22000.0,DEBTCONSOLIDATION,11.71,0.22,4,586,No,0
30,male,Bachelor,121134.0,5,MORTGAGE,10000.0,PERSONAL,6.17,0.08,9,627,Yes,0
33,male,Bachelor,91308.0,10,MORTGAGE,4000.0,MEDICAL,13.62,0.04,5,669,No,0
35,female,Bachelor,117539.0,11,MORTGAGE,16000.0,DEBTCONSOLIDATION,8.88,0.14,10,663,Yes,0
26,female,Associate,127142.0,4,MORTGAGE,5000.0,PERSONAL,8.49,0.04,3,632,Yes,0
25,male,Associate,50192.0,3,RENT,10421.0,PERSONAL,11.35,0.21,6,581,Yes,0
31,male,Associate,36944.0,11,RENT,12000.0,DEBTCONSOLIDATION,10.39,0.32,9,637,No,1
44,female,Associate,89271.0,26,OWN,20000.0,VENTURE,12.18,0.22,17,738,No,0
39,male,High School,58418.0,16,RENT,10000.0,VENTURE,13.22,0.17,16,510,Yes,0
24,female,High School,144839.0,0,OWN,21000.0,HOMEIMPROVEMENT,14.26,0.14,2,598,Yes,0
31,male,Bachelor,54826.0,10,RENT,8000.0,MEDICAL,10.92,0.15,10,628,Yes,0
22,male,Master,29754.0,0,RENT,4800.0,EDUCATION,7.49,0.16,2,598,No,0
22,female,Associate,63659.0,0,OWN,8400.0,VENTURE,12.98,0.13,4,611,Yes,0
23,female,Bachelor,61462.0,1,RENT,2000.0,EDUCATION,13.92,0.03,3,681,No,0
26,female,Bachelor,177261.0,3,MORTGAGE,4100.0,HOMEIMPROVEMENT,6.92,0.02,3,616,Yes,0
25,male,High School,72914.0,3,MORTGAGE,2013.0,PERSONAL,14.42,0.03,4,517,Yes,0
40,male,Doctorate,115106.0,18,MORTGAGE,21548.0,HOMEIMPROVEMENT,13.98,0.19,12,768,No,0
23,male,Master,29951.0,0,RENT,4750.0,MEDICAL,10.81,0.16,4,640,No,0
30,female,High School,87194.0,6,RENT,10000.0,DEBTCONSOLIDATION,9.99,0.11,7,619,Yes,0
28,male,Doctorate,29760.0,5,MORTGAGE,9600.0,HOMEIMPROVEMENT,11.99,0.32,8,635,Yes,0
22,male,Bachelor,76943.0,0,MORTGAGE,8400.0,MEDICAL,12.73,0.11,4,574,Yes,0
31,male,Bachelor,163002.0,5,MORTGAGE,15000.0,MEDICAL,13.85,0.09,10,563,Yes,0
23,male,Master,67983.0,2,RENT,10000.0,PERSONAL,11.83,0.15,3,679,Yes,0
29,female,Bachelor,42847.0,3,OWN,4200.0,MEDICAL,12.99,0.1,8,563,Yes,0
24,female,Master,75276.0,3,RENT,2000.0,HOMEIMPROVEMENT,13.49,0.03,3,670,Yes,0
22,male,Bachelor,96754.0,0,MORTGAGE,2000.0,MEDICAL,14.72,0.02,3,694,Yes,0
23,male,High School,48041.0,2,RENT,8000.0,HOMEIMPROVEMENT,11.36,0.17,3,512,No,1
23,male,Bachelor,61517.0,2,MORTGAGE,9000.0,PERSONAL,12.76,0.15,4,631,Yes,0
37,male,Doctorate,50008.0,15,OWN,4000.0,VENTURE,13.49,0.08,14,725,Yes,0
24,female,Associate,44185.0,3,MORTGAGE,5600.0,VENTURE,7.9,0.13,2,661,Yes,0
25,male,High School,96851.0,1,MORTGAGE,25000.0,MEDICAL,13.49,0.26,2,665,No,0
25,male,Associate,72448.0,0,MORTGAGE,3000.0,DEBTCONSOLIDATION,5.99,0.04,4,681,Yes,0
26,male,High School,94429.0,4,MORTGAGE,12000.0,PERSONAL,13.43,0.13,4,616,Yes,0
22,male,Bachelor,72936.0,1,RENT,10900.0,PERSONAL,15.65,0.15,2,655,No,0
39,male,Associate,29475.0,18,OWN,3000.0,HOMEIMPROVEMENT,7.74,0.1,11,659,Yes,0
50,female,Associate,23698.0,27,RENT,4000.0,EDUCATION,11.01,0.17,12,721,No,1
34,female,High School,58816.0,8,MORTGAGE,3600.0,VENTURE,10.37,0.06,5,686,No,0
23,male,Bachelor,147594.0,0,MORTGAGE,6000.0,EDUCATION,7.05,0.04,2,605,Yes,0
22,female,High School,46642.0,0,MORTGAGE,4200.0,EDUCATION,9.25,0.09,2,643,Yes,0
24,female,High School,102878.0,0,MORTGAGE,20000.0,EDUCATION,11.11,0.19,4,663,Yes,0
28,male,Associate,44686.0,3,RENT,10000.0,MEDICAL,11.11,0.22,8,588,Yes,0
25,female,Bachelor,42818.0,3,RENT,4000.0,VENTURE,16.29,0.09,2,680,Yes,0
21,female,Associate,54968.0,1,RENT,12000.0,EDUCATION,11.97,0.22,3,657,No,0
30,male,Master,49239.0,7,RENT,9600.0,VENTURE,13.38,0.19,6,672,No,0
31,male,Associate,54861.0,9,MORTGAGE,2500.0,DEBTCONSOLIDATION,7.88,0.05,8,673,No,0
26,male,Master,245761.0,3,MORTGAGE,15250.0,MEDICAL,14.35,0.06,3,680,No,0
26,male,Bachelor,84827.0,6,OWN,10000.0,PERSONAL,12.42,0.12,4,659,Yes,0
39,male,High School,36996.0,18,MORTGAGE,10256.0,HOMEIMPROVEMENT,9.64,0.28,15,645,Yes,0
23,male,High School,229027.0,2,OWN,24000.0,PERSONAL,11.83,0.1,3,536,Yes,0
24,female,Bachelor,103011.0,3,MORTGAGE,4000.0,EDUCATION,7.13,0.04,4,662,Yes,0
31,male,Associate,37316.0,7,RENT,5600.0,DEBTCONSOLIDATION,7.74,0.15,7,444,Yes,0
24,female,High School,63154.0,3,OWN,13000.0,EDUCATION,12.01,0.21,2,589,Yes,0
32,female,Bachelor,81278.0,8,MORTGAGE,10000.0,HOMEIMPROVEMENT,9.45,0.12,9,670,No,0
25,male,Master,31191.0,0,OWN,1525.0,MEDICAL,10.95,0.05,2,628,Yes,0
22,male,Bachelor,51517.0,0,RENT,6000.0,DEBTCONSOLIDATION,10.67,0.12,2,689,Yes,0
27,male,Bachelor,71863.0,5,MORTGAGE,16000.0,HOMEIMPROVEMENT,13.98,0.22,10,655,Yes,0
34,male,Bachelor,53599.0,13,OWN,10000.0,EDUCATION,13.43,0.19,9,642,Yes,0
36,male,Associate,40992.0,9,RENT,5000.0,VENTURE,12.49,0.12,11,667,No,0
28,female,Doctorate,149183.0,6,MORTGAGE,18000.0,VENTURE,11.01,0.12,7,709,Yes,0
28,male,Bachelor,289093.0,8,RENT,6000.0,MEDICAL,11.46,0.02,6,640,Yes,0
45,male,Associate,33267.0,26,RENT,6000.0,MEDICAL,6.49,0.18,13,574,No,1
23,male,High School,60908.0,1,RENT,6000.0,DEBTCONSOLIDATION,11.48,0.1,4,690,No,1
24,male,Bachelor,37002.0,0,RENT,8850.0,MEDICAL,11.01,0.24,4,601,Yes,0
25,female,Associate,49210.0,4,RENT,5000.0,DEBTCONSOLIDATION,12.86,0.1,3,676,No,0
26,male,Associate,174833.0,3,RENT,10000.0,HOMEIMPROVEMENT,10.99,0.06,3,679,Yes,0
22,male,Master,57342.0,0,MORTGAGE,3600.0,MEDICAL,7.14,0.06,3,681,Yes,0
31,female,Master,115192.0,7,MORTGAGE,18000.0,VENTURE,11.71,0.16,9,708,No,0
25,female,Master,86225.0,5,MORTGAGE,7200.0,DEBTCONSOLIDATION,6.62,0.08,4,709,Yes,0
29,male,Master,87259.0,7,MORTGAGE,10000.0,DEBTCONSOLIDATION,6.48,0.11,10,663,Yes,0
25,male,Bachelor,131772.0,4,MORTGAGE,16000.0,DEBTCONSOLIDATION,6.03,0.12,2,679,Yes,0
21,male,Associate,19769.0,0,RENT,1600.0,DEBTCONSOLIDATION,12.69,0.08,3,646,Yes,0
22,male,Bachelor,65690.0,0,RENT,9000.0,DEBTCONSOLIDATION,15.96,0.14,3,643,No,0
28,female,Bachelor,36958.0,7,MORTGAGE,6000.0,VENTURE,6.03,0.16,8,530,Yes,0
31,male,Master,91129.0,6,RENT,4000.0,MEDICAL,13.49,0.04,8,701,No,0
25,female,Bachelor,181131.0,3,MORTGAGE,10000.0,DEBTCONSOLIDATION,5.42,0.06,4,489,Yes,0
23,male,High School,53031.0,0,RENT,9100.0,EDUCATION,13.24,0.17,3,543,No,1
24,male,High School,66807.0,0,MORTGAGE,15000.0,PERSONAL,11.82,0.22,3,601,Yes,0
22,female,High School,9364.0,0,RENT,2485.0,MEDICAL,12.94,0.27,4,631,No,1
31,male,Bachelor,97575.0,9,RENT,12000.0,DEBTCONSOLIDATION,7.29,0.12,10,638,No,0
29,male,High School,51335.0,8,RENT,2000.0,DEBTCONSOLIDATION,11.89,0.04,7,613,Yes,0
40,male,High School,36865.0,14,RENT,8904.0,MEDICAL,6.94,0.24,17,605,Yes,0
24,female,High School,117305.0,0,MORTGAGE,6800.0,HOMEIMPROVEMENT,13.61,0.06,4,632,No,0
38,female,Associate,133293.0,14,OWN,12000.0,PERSONAL,12.99,0.09,11,568,Yes,0
38,male,High School,121157.0,17,OWN,25000.0,HOMEIMPROVEMENT,14.96,0.21,13,594,Yes,0
29,female,Associate,66885.0,3,RENT,7450.0,HOMEIMPROVEMENT,15.62,0.11,8,574,Yes,0
21,male,Bachelor,27228.0,0,RENT,5000.0,PERSONAL,15.7,0.18,3,640,No,0
27,female,High School,274383.0,4,MORTGAGE,6079.0,VENTURE,7.19,0.02,6,660,No,0
30,female,High School,169125.0,6,MORTGAGE,5000.0,PERSONAL,8.9,0.03,6,614,Yes,0
28,male,High School,122267.0,5,MORTGAGE,15000.0,HOMEIMPROVEMENT,9.33,0.12,9,523,Yes,0
24,female,Bachelor,97093.0,3,MORTGAGE,18000.0,VENTURE,10.17,0.19,2,657,Yes,0
33,female,Bachelor,79217.0,11,RENT,7000.0,DEBTCONSOLIDATION,14.26,0.09,10,515,Yes,0
24,male,Associate,97154.0,0,RENT,6499.0,MEDICAL,7.52,0.07,4,644,Yes,0
33,male,Associate,78921.0,11,MORTGAGE,12000.0,PERSONAL,7.54,0.15,7,585,Yes,0
39,female,Doctorate,72918.0,19,RENT,5000.0,EDUCATION,14.3,0.07,11,670,No,0
36,female,High School,63242.0,11,RENT,3000.0,MEDICAL,11.14,0.05,8,602,No,0
28,male,Bachelor,193451.0,6,MORTGAGE,34000.0,DEBTCONSOLIDATION,9.91,0.18,7,632,Yes,0
22,female,Bachelor,90694.0,0,RENT,21000.0,DEBTCONSOLIDATION,10.0,0.23,4,677,Yes,0
24,male,High School,59471.0,2,RENT,9500.0,MEDICAL,12.73,0.16,4,632,Yes,0
29,male,Master,108521.0,7,MORTGAGE,6000.0,EDUCATION,13.98,0.06,5,738,No,0
26,male,Associate,41845.0,3,RENT,6957.0,DEBTCONSOLIDATION,15.18,0.17,3,637,No,1
28,female,Master,108608.0,7,MORTGAGE,12000.0,HOMEIMPROVEMENT,13.92,0.11,6,679,Yes,0
29,male,Associate,63407.0,5,RENT,8400.0,VENTURE,5.79,0.13,6,652,No,0
34,female,High School,119073.0,11,MORTGAGE,2500.0,DEBTCONSOLIDATION,15.96,0.02,10,643,Yes,0
28,female,Doctorate,125536.0,6,MORTGAGE,10000.0,PERSONAL,14.24,0.08,9,683,Yes,0
22,male,Bachelor,49075.0,0,MORTGAGE,5000.0,MEDICAL,6.03,0.1,2,610,Yes,0
36,female,High School,21016.0,11,RENT,1200.0,PERSONAL,13.06,0.06,15,617,Yes,0
25,female,High School,74703.0,4,MORTGAGE,13000.0,VENTURE,9.96,0.17,4,598,Yes,0
26,female,Associate,130484.0,5,MORTGAGE,8925.0,EDUCATION,7.74,0.07,3,530,Yes,0
29,female,Bachelor,41793.0,7,RENT,6400.0,DEBTCONSOLIDATION,6.0,0.15,8,653,Yes,0
27,female,Master,121022.0,6,MORTGAGE,7600.0,DEBTCONSOLIDATION,6.03,0.06,9,629,Yes,0
23,female,Bachelor,114961.0,1,RENT,20000.0,DEBTCONSOLIDATION,14.59,0.17,2,654,No,1
24,female,High School,62430.0,1,MORTGAGE,6000.0,PERSONAL,8.4,0.1,2,593,No,0
21,male,High School,51200.0,0,RENT,12500.0,EDUCATION,8.94,0.24,2,642,Yes,0
24,female,High School,77633.0,1,MORTGAGE,1200.0,VENTURE,10.74,0.02,4,603,Yes,0
46,male,High School,73371.0,25,RENT,11000.0,DEBTCONSOLIDATION,9.91,0.15,13,595,No,0
35,female,Bachelor,70596.0,10,RENT,16500.0,DEBTCONSOLIDATION,11.01,0.23,6,654,No,0
26,male,Bachelor,87230.0,2,RENT,9000.0,DEBTCONSOLIDATION,10.74,0.1,2,639,Yes,0
33,female,High School,48996.0,12,MORTGAGE,6000.0,PERSONAL,12.68,0.12,9,577,Yes,0
25,female,Bachelor,75124.0,1,RENT,7000.0,DEBTCONSOLIDATION,7.49,0.09,4,600,Yes,0
35,female,Bachelor,60714.0,13,MORTGAGE,6000.0,PERSONAL,10.37,0.1,6,693,Yes,0
33,female,High School,60996.0,10,OWN,1200.0,PERSONAL,14.26,0.02,6,648,No,0
31,female,Master,366794.0,8,MORTGAGE,35000.0,HOMEIMPROVEMENT,17.58,0.1,10,657,Yes,0
25,male,High School,96968.0,1,MORTGAGE,6000.0,MEDICAL,7.74,0.06,4,653,Yes,0
31,male,Associate,241145.0,8,MORTGAGE,24000.0,DEBTCONSOLIDATION,8.9,0.1,9,658,Yes,0
24,female,Bachelor,66983.0,2,MORTGAGE,10000.0,HOMEIMPROVEMENT,5.79,0.15,2,652,No,0
22,female,Associate,60835.0,1,RENT,3000.0,PERSONAL,10.99,0.05,3,588,No,0
23,male,Bachelor,79217.0,0,MORTGAGE,16800.0,PERSONAL,11.01,0.21,2,670,Yes,0
25,male,Associate,132827.0,6,RENT,12000.0,HOMEIMPROVEMENT,12.23,0.09,2,624,No,0
21,male,Master,62258.0,0,MORTGAGE,13000.0,EDUCATION,11.01,0.21,3,573,Yes,0
28,male,Associate,96382.0,6,MORTGAGE,16425.0,PERSONAL,7.9,0.17,10,535,Yes,0
30,female,Associate,73270.0,10,MORTGAGE,9600.0,DEBTCONSOLIDATION,9.99,0.13,10,645,No,0
25,male,Associate,240717.0,1,MORTGAGE,12000.0,EDUCATION,101.0,0.05,3,640,No,0
25,female,Associate,90792.0,7,MORTGAGE,4000.0,DEBTCONSOLIDATION,10.62,0.04,2,654,Yes,0
28,female,Bachelor,151062.0,3,OWN,10000.0,PERSONAL,7.51,0.07,8,669,Yes,0
25,male,Bachelor,48905.0,2,RENT,5000.0,MEDICAL,6.92,0.1,3,563,Yes,0
24,male,Associate,163397.0,0,RENT,14400.0,MEDICAL,12.69,0.09,4,592,Yes,0
28,female,Bachelor,40452.0,4,RENT,8500.0,MEDICAL,13.99,0.21,9,670,No,0
24,female,Master,121067.0,4,RENT,8400.0,MEDICAL,13.06,0.07,4,583,No,0
21,female,Master,32546.0,0,RENT,7500.0,DEBTCONSOLIDATION,7.12,0.23,4,661,Yes,0
26,male,Associate,52405.0,2,RENT,2125.0,PERSONAL,8.9,0.04,3,669,No,0
36,male,High School,164453.0,16,MORTGAGE,4800.0,EDUCATION,14.72,0.03,12,595,Yes,0
23,male,Master,114950.0,0,RENT,15000.0,EDUCATION,9.88,0.13,4,511,Yes,0
30,male,Master,141911.0,10,MORTGAGE,13500.0,EDUCATION,8.49,0.1,7,642,Yes,0
23,female,Master,47206.0,3,RENT,2000.0,VENTURE,7.66,0.04,3,541,Yes,0
31,female,Master,127097.0,8,MORTGAGE,12067.0,VENTURE,6.2,0.09,7,723,Yes,0
30,female,Bachelor,126967.0,9,MORTGAGE,10000.0,EDUCATION,5.99,0.08,8,604,Yes,0
44,male,Associate,92194.0,20,MORTGAGE,3600.0,HOMEIMPROVEMENT,14.79,0.04,12,635,No,0
24,female,Master,72865.0,0,RENT,12000.0,PERSONAL,12.21,0.16,2,586,Yes,0
22,male,Associate,87666.0,0,MORTGAGE,25000.0,VENTURE,9.83,0.29,3,669,No,0
25,male,Master,16671.0,2,RENT,6351.0,VENTURE,13.04,0.38,3,730,No,1
24,male,Master,87339.0,2,MORTGAGE,12000.0,VENTURE,5.42,0.14,4,662,No,0
30,male,Bachelor,192986.0,7,MORTGAGE,14668.0,VENTURE,13.11,0.08,6,577,Yes,0
24,female,Bachelor,144910.0,2,MORTGAGE,16000.0,PERSONAL,11.01,0.11,3,595,Yes,0
24,female,Associate,120885.0,3,MORTGAGE,15000.0,EDUCATION,12.21,0.12,2,524,Yes,0
22,female,Bachelor,109923.0,0,RENT,8000.0,PERSONAL,11.86,0.07,3,624,Yes,0
35,female,Associate,84832.0,12,MORTGAGE,17000.0,PERSONAL,9.8,0.2,6,609,No,0
27,female,Bachelor,111329.0,4,MORTGAGE,18000.0,EDUCATION,11.48,0.16,8,643,No,0
23,male,Master,102832.0,1,MORTGAGE,16750.0,EDUCATION,14.35,0.16,2,683,Yes,0
36,male,Bachelor,63560.0,15,MORTGAGE,8325.0,VENTURE,11.01,0.13,17,656,Yes,0
26,female,Master,51195.0,0,RENT,11253.0,DEBTCONSOLIDATION,13.24,0.22,5,618,Yes,0
25,male,Associate,107466.0,1,MORTGAGE,3000.0,MEDICAL,6.62,0.03,2,636,Yes,0
24,male,Bachelor,136392.0,2,RENT,12000.0,DEBTCONSOLIDATION,7.49,0.09,2,589,No,0
23,female,Master,57177.0,2,RENT,8800.0,EDUCATION,7.69,0.15,4,691,Yes,0
24,female,Bachelor,20559.0,0,RENT,2292.0,VENTURE,12.95,0.11,4,605,Yes,0
24,male,High School,110275.0,4,MORTGAGE,20000.0,HOMEIMPROVEMENT,16.32,0.18,4,488,Yes,0
26,female,Bachelor,60965.0,3,MORTGAGE,18591.0,EDUCATION,8.41,0.3,5,680,No,0
37,female,High School,131726.0,15,RENT,16000.0,EDUCATION,13.11,0.12,13,591,Yes,0
23,male,High School,63366.0,0,RENT,3000.0,DEBTCONSOLIDATION,6.11,0.05,2,641,No,0
51,male,High School,97320.0,28,RENT,18000.0,HOMEIMPROVEMENT,18.78,0.18,20,634,Yes,0
39,male,High School,48769.0,21,RENT,12000.0,VENTURE,10.74,0.25,16,638,No,0
26,female,High School,49366.0,2,RENT,4500.0,EDUCATION,10.17,0.09,3,604,Yes,0
33,female,High School,83752.0,9,MORTGAGE,20000.0,DEBTCONSOLIDATION,6.54,0.24,6,593,Yes,0
36,male,Associate,68871.0,16,MORTGAGE,12000.0,VENTURE,7.49,0.17,17,696,No,0
22,male,Master,42767.0,0,RENT,3600.0,PERSONAL,11.83,0.08,3,592,No,0
28,male,Bachelor,90998.0,8,RENT,8400.0,DEBTCONSOLIDATION,11.14,0.09,5,615,No,1
25,male,High School,86325.0,2,RENT,20000.0,PERSONAL,14.09,0.23,2,566,Yes,0
26,male,Associate,132876.0,3,MORTGAGE,4500.0,VENTURE,14.84,0.03,4,493,Yes,0
25,male,Associate,97003.0,3,RENT,20000.0,VENTURE,15.15,0.21,4,642,No,0
30,female,Bachelor,103333.0,8,RENT,14000.0,VENTURE,14.22,0.14,7,649,Yes,0
25,female,Bachelor,85830.0,5,RENT,18000.0,EDUCATION,16.45,0.21,2,625,Yes,0
37,male,Associate,73065.0,18,OWN,5000.0,HOMEIMPROVEMENT,9.32,0.07,12,654,Yes,0
26,female,Associate,54253.0,1,MORTGAGE,6500.0,VENTURE,14.35,0.12,2,652,No,0
26,female,Associate,50250.0,4,RENT,6600.0,DEBTCONSOLIDATION,8.0,0.13,2,605,Yes,0
25,male,Associate,60845.0,2,RENT,6000.0,HOMEIMPROVEMENT,14.17,0.1,3,607,Yes,0
32,male,Bachelor,96963.0,10,MORTGAGE,15000.0,MEDICAL,9.65,0.15,10,695,No,0
25,male,Associate,72868.0,2,RENT,7000.0,MEDICAL,10.36,0.1,4,656,Yes,0
33,male,Bachelor,31089.0,13,RENT,5000.0,DEBTCONSOLIDATION,7.49,0.16,5,686,No,0
37,male,High School,60245.0,13,RENT,10000.0,MEDICAL,7.66,0.17,14,682,No,0
23,female,Master,26008.0,0,RENT,4550.0,EDUCATION,13.72,0.17,3,579,Yes,0
24,male,Bachelor,9732.0,0,RENT,1000.0,MEDICAL,11.01,0.1,2,684,No,0
24,male,Bachelor,44228.0,2,RENT,3600.0,DEBTCONSOLIDATION,7.29,0.08,2,578,Yes,0
22,male,High School,25644.0,2,OWN,3800.0,DEBTCONSOLIDATION,11.01,0.15,3,645,No,0
23,male,High School,84847.0,0,RENT,10000.0,MEDICAL,9.99,0.12,4,642,No,0
26,male,Bachelor,67234.0,4,RENT,10000.0,VENTURE,12.54,0.15,3,646,Yes,0
25,female,High School,53658.0,3,RENT,7500.0,MEDICAL,13.92,0.14,3,599,No,1
29,female,Master,46578.0,6,MORTGAGE,3600.0,EDUCATION,7.14,0.08,9,518,Yes,0
22,male,Associate,80342.0,2,RENT,7000.0,EDUCATION,9.99,0.09,4,612,No,0
24,female,High School,41384.0,0,MORTGAGE,2500.0,PERSONAL,6.76,0.06,3,464,Yes,0
30,male,High School,48901.0,7,RENT,3000.0,MEDICAL,7.14,0.06,5,540,Yes,0
26,male,Associate,44903.0,2,RENT,6825.0,VENTURE,7.49,0.15,2,609,No,0
23,female,Bachelor,115361.0,0,MORTGAGE,8000.0,EDUCATION,13.22,0.07,2,485,Yes,0
23,female,Associate,31646.0,1,RENT,6000.0,DEBTCONSOLIDATION,11.01,0.19,4,611,Yes,0
27,female,Associate,84899.0,1,RENT,2200.0,HOMEIMPROVEMENT,10.74,0.03,8,669,No,0
22,female,Bachelor,60982.0,0,MORTGAGE,22000.0,EDUCATION,9.91,0.36,2,678,No,0
30,female,Master,72565.0,9,RENT,10000.0,PERSONAL,6.22,0.14,7,643,No,0
29,male,Bachelor,54031.0,4,MORTGAGE,9264.0,DEBTCONSOLIDATION,8.36,0.17,6,655,Yes,0
45,male,Associate,73175.0,22,RENT,15000.0,HOMEIMPROVEMENT,11.97,0.2,13,689,Yes,0
37,female,High School,114993.0,17,RENT,10000.0,MEDICAL,7.88,0.09,13,601,Yes,0
22,female,Bachelor,84856.0,0,RENT,7550.0,VENTURE,7.51,0.09,2,706,Yes,0
24,female,High School,72962.0,2,RENT,12000.0,EDUCATION,10.99,0.16,4,636,No,0
30,male,Bachelor,78855.0,8,RENT,16000.0,PERSONAL,12.56,0.2,8,674,No,0
28,male,Associate,62384.0,4,MORTGAGE,8000.0,VENTURE,7.51,0.13,5,602,Yes,0
24,male,Associate,79037.0,3,MORTGAGE,11000.0,PERSONAL,11.49,0.14,2,630,No,0
28,male,Bachelor,73200.0,5,RENT,1500.0,HOMEIMPROVEMENT,16.77,0.02,8,709,Yes,0
38,male,High School,192784.0,13,MORTGAGE,14000.0,EDUCATION,6.62,0.07,16,609,No,0
27,female,Bachelor,227803.0,3,MORTGAGE,5125.0,VENTURE,14.84,0.02,6,693,Yes,0
22,female,Associate,38082.0,0,RENT,10000.0,PERSONAL,8.9,0.26,4,676,No,1
23,female,Associate,67168.0,1,MORTGAGE,11075.0,EDUCATION,13.49,0.16,3,644,Yes,0
21,male,High School,90770.0,0,MORTGAGE,8500.0,PERSONAL,7.14,0.09,2,623,Yes,0
25,male,High School,114897.0,6,MORTGAGE,15000.0,DEBTCONSOLIDATION,11.49,0.13,3,645,Yes,0
33,female,High School,108878.0,9,RENT,12000.0,DEBTCONSOLIDATION,6.03,0.11,6,679,Yes,0
25,female,Bachelor,54837.0,1,RENT,2000.0,MEDICAL,8.68,0.04,3,649,Yes,0
21,male,Bachelor,103186.0,0,RENT,3200.0,PERSONAL,10.25,0.03,4,636,Yes,0
25,male,Associate,70583.0,1,RENT,6000.0,HOMEIMPROVEMENT,7.67,0.09,5,691,No,0
28,female,Associate,92007.0,5,RENT,3400.0,DEBTCONSOLIDATION,8.49,0.04,5,635,No,0
28,female,Bachelor,76317.0,10,MORTGAGE,5000.0,EDUCATION,13.67,0.07,7,664,Yes,0
23,male,Bachelor,121169.0,0,RENT,14400.0,EDUCATION,10.89,0.12,3,665,No,0
30,female,Bachelor,96316.0,10,MORTGAGE,6000.0,MEDICAL,13.49,0.06,8,682,No,0
30,female,Bachelor,109013.0,10,RENT,6000.0,MEDICAL,10.38,0.06,8,723,No,0
23,male,Bachelor,48769.0,4,RENT,4800.0,DEBTCONSOLIDATION,6.25,0.1,3,678,Yes,0
23,male,Bachelor,32430.0,2,RENT,4798.0,VENTURE,10.99,0.15,4,626,No,0
29,male,Master,35407.0,6,RENT,4000.0,VENTURE,13.92,0.11,10,588,No,1
29,female,Associate,144676.0,9,MORTGAGE,16000.0,VENTURE,12.42,0.11,9,642,Yes,0
28,male,High School,118091.0,4,MORTGAGE,6500.0,HOMEIMPROVEMENT,12.42,0.06,8,645,No,0
22,female,Associate,67251.0,0,MORTGAGE,5000.0,EDUCATION,10.75,0.07,3,540,Yes,0
23,male,Bachelor,36724.0,0,RENT,4800.0,EDUCATION,11.01,0.13,4,652,Yes,0
23,female,Master,98123.0,1,MORTGAGE,5000.0,MEDICAL,11.01,0.05,3,618,Yes,0
29,female,Bachelor,192740.0,5,MORTGAGE,7000.0,EDUCATION,11.01,0.04,8,604,Yes,0
39,male,High School,390999.0,18,MORTGAGE,18000.0,PERSONAL,14.96,0.05,14,663,Yes,0
30,male,Associate,30427.0,8,RENT,5000.0,MEDICAL,6.91,0.16,5,579,No,0
34,male,Bachelor,87607.0,13,RENT,20000.0,VENTURE,11.89,0.23,10,735,No,0
34,male,Associate,55137.0,9,RENT,12000.0,VENTURE,6.03,0.22,9,698,Yes,0
23,male,High School,66371.0,2,RENT,8000.0,DEBTCONSOLIDATION,11.01,0.12,2,658,No,0
31,male,Associate,104443.0,9,MORTGAGE,8000.0,MEDICAL,9.47,0.08,7,669,No,0
26,male,Bachelor,151220.0,8,MORTGAGE,14800.0,PERSONAL,11.01,0.1,3,542,Yes,0
22,male,Master,114053.0,0,MORTGAGE,35000.0,PERSONAL,15.23,0.31,4,658,No,0
24,male,High School,78966.0,0,MORTGAGE,10000.0,HOMEIMPROVEMENT,7.66,0.13,4,641,Yes,0
46,male,Associate,168702.0,26,RENT,3725.0,VENTURE,11.01,0.02,17,727,No,0
33,male,Bachelor,86165.0,11,RENT,16500.0,EDUCATION,14.72,0.19,6,648,No,0
29,female,Bachelor,85142.0,6,RENT,10000.0,HOMEIMPROVEMENT,11.01,0.12,8,680,No,0
24,female,Bachelor,49004.0,0,OWN,1000.0,VENTURE,6.76,0.02,3,602,Yes,0
37,female,High School,144975.0,14,MORTGAGE,5400.0,PERSONAL,5.99,0.04,17,667,Yes,0
21,male,Master,18181.0,0,RENT,2000.0,VENTURE,7.03,0.11,3,691,Yes,0
28,male,Associate,51750.0,3,MORTGAGE,6000.0,HOMEIMPROVEMENT,5.42,0.12,9,699,No,0
27,female,Associate,72940.0,5,MORTGAGE,10000.0,PERSONAL,8.63,0.14,5,596,Yes,0
28,female,Bachelor,44191.0,2,RENT,4099.0,PERSONAL,13.93,0.09,4,538,Yes,0
30,male,High School,174410.0,6,MORTGAGE,6000.0,DEBTCONSOLIDATION,11.0,0.03,9,635,Yes,0
26,male,Master,138926.0,4,MORTGAGE,24000.0,EDUCATION,10.62,0.17,3,672,Yes,0
23,female,Master,102711.0,4,MORTGAGE,5000.0,EDUCATION,5.42,0.05,2,642,No,0
24,male,High School,102754.0,0,RENT,7200.0,EDUCATION,9.24,0.07,4,619,No,0
37,male,High School,65894.0,19,RENT,5416.0,VENTURE,13.87,0.08,17,651,No,1
30,female,Master,63425.0,6,MORTGAGE,18500.0,PERSONAL,10.91,0.29,7,600,Yes,0
37,female,Associate,58570.0,14,RENT,2500.0,PERSONAL,9.62,0.04,12,671,Yes,0
22,male,Associate,38371.0,0,RENT,6400.0,VENTURE,9.32,0.17,4,646,Yes,0
23,male,Master,61606.0,0,RENT,5000.0,VENTURE,10.38,0.08,2,720,No,0
27,male,Master,61159.0,5,OWN,10200.0,MEDICAL,10.37,0.17,10,643,Yes,0
25,female,Bachelor,104543.0,5,MORTGAGE,8000.0,EDUCATION,7.29,0.08,2,639,No,0
30,female,Bachelor,90319.0,6,MORTGAGE,14000.0,VENTURE,13.92,0.16,10,705,No,0
31,female,Bachelor,58757.0,8,RENT,11200.0,EDUCATION,11.01,0.19,5,565,Yes,0
24,female,Associate,133199.0,1,RENT,12000.0,PERSONAL,7.9,0.09,2,636,No,0
24,female,Associate,73313.0,1,RENT,1115.0,MEDICAL,8.5,0.02,3,682,Yes,0
23,female,Associate,34205.0,0,MORTGAGE,6300.0,EDUCATION,11.01,0.18,3,632,Yes,0
34,female,Bachelor,51306.0,14,MORTGAGE,10000.0,DEBTCONSOLIDATION,14.65,0.19,6,689,No,0
48,male,Associate,50548.0,24,RENT,5000.0,EDUCATION,7.3,0.1,16,719,No,0
24,female,High School,63347.0,2,RENT,4000.0,DEBTCONSOLIDATION,12.26,0.06,4,641,Yes,0
30,female,Associate,56403.0,7,OWN,6000.0,PERSONAL,12.68,0.11,6,690,Yes,0
37,male,High School,61198.0,18,RENT,3000.0,VENTURE,11.58,0.05,14,525,Yes,0
25,female,Associate,115618.0,5,RENT,12000.0,EDUCATION,11.23,0.1,4,665,Yes,0
26,male,Associate,70605.0,6,RENT,20000.0,HOMEIMPROVEMENT,10.25,0.28,4,644,No,1
26,male,Bachelor,58526.0,1,RENT,10700.0,EDUCATION,9.63,0.18,4,660,No,0
26,female,Bachelor,94519.0,6,OWN,2400.0,VENTURE,14.72,0.03,3,544,Yes,0
42,female,Bachelor,78733.0,22,OWN,22750.0,EDUCATION,8.9,0.29,12,613,Yes,0
24,male,High School,86850.0,1,MORTGAGE,5000.0,PERSONAL,11.25,0.06,3,592,No,0
34,female,Bachelor,29781.0,10,OWN,2400.0,HOMEIMPROVEMENT,13.98,0.08,9,653,No,0
35,male,Associate,50674.0,12,OWN,3000.0,MEDICAL,7.14,0.06,9,646,Yes,0
25,male,Master,166577.0,3,MORTGAGE,9000.0,EDUCATION,12.22,0.05,3,683,Yes,0
23,female,Bachelor,25141.0,0,OWN,1200.0,MEDICAL,7.49,0.05,3,700,No,0
24,male,Bachelor,60721.0,0,MORTGAGE,7500.0,VENTURE,11.71,0.12,4,676,Yes,0
42,male,Bachelor,185816.0,21,OWN,20000.0,PERSONAL,11.01,0.11,15,683,No,0
24,female,Associate,16769.0,0,RENT,1272.0,MEDICAL,10.94,0.08,3,672,No,0
23,male,High School,106532.0,3,MORTGAGE,25000.0,VENTURE,15.59,0.23,3,586,No,1
26,male,Associate,53898.0,3,OWN,14105.0,VENTURE,12.57,0.26,4,661,Yes,0
22,male,High School,10607.0,0,RENT,2436.0,PERSONAL,9.69,0.23,2,555,No,1
25,male,Bachelor,58557.0,7,RENT,4000.0,VENTURE,7.29,0.07,4,656,Yes,0
24,female,Associate,51748.0,0,MORTGAGE,8000.0,PERSONAL,12.84,0.15,2,645,No,0
29,female,Bachelor,73067.0,6,RENT,12000.0,PERSONAL,14.22,0.16,6,669,Yes,0
26,female,Bachelor,84657.0,0,RENT,7500.0,MEDICAL,10.58,0.09,3,546,Yes,0
25,male,Bachelor,61370.0,1,RENT,12000.0,DEBTCONSOLIDATION,11.01,0.2,3,672,No,0
23,female,High School,58447.0,0,RENT,4800.0,VENTURE,7.9,0.08,3,628,Yes,0
23,male,Associate,77089.0,0,RENT,12000.0,EDUCATION,11.01,0.16,2,580,Yes,0
23,male,High School,40548.0,0,RENT,4800.0,VENTURE,14.54,0.12,4,597,Yes,0
26,male,Master,27364.0,0,OWN,5400.0,PERSONAL,5.42,0.2,3,646,No,0
23,male,Master,67133.0,0,MORTGAGE,15000.0,DEBTCONSOLIDATION,9.2,0.22,4,687,Yes,0
23,female,Bachelor,35917.0,0,OWN,6400.0,MEDICAL,8.94,0.18,4,615,Yes,0
44,male,Associate,58235.0,24,MORTGAGE,5000.0,DEBTCONSOLIDATION,9.99,0.09,15,498,Yes,0
32,male,Bachelor,36952.0,10,RENT,6000.0,VENTURE,12.61,0.16,5,630,No,1
28,male,High School,46622.0,4,RENT,3200.0,PERSONAL,9.63,0.07,9,638,Yes,0
23,female,Associate,91040.0,4,MORTGAGE,15000.0,MEDICAL,16.0,0.16,2,621,No,1
24,female,Bachelor,78982.0,1,MORTGAGE,6000.0,VENTURE,5.42,0.08,3,699,Yes,0
23,male,High School,124605.0,3,MORTGAGE,17000.0,EDUCATION,14.35,0.14,4,670,Yes,0
28,female,Bachelor,38428.0,6,RENT,3600.0,DEBTCONSOLIDATION,6.39,0.09,7,704,Yes,0
22,male,Master,73217.0,0,RENT,15000.0,EDUCATION,11.71,0.2,3,620,Yes,0
23,male,Master,55223.0,0,MORTGAGE,5000.0,VENTURE,7.38,0.09,4,646,No,0
23,female,Associate,30131.0,0,OWN,7000.0,PERSONAL,12.5,0.23,3,569,No,0
21,male,Associate,85095.0,0,MORTGAGE,6000.0,DEBTCONSOLIDATION,5.42,0.07,3,619,Yes,0
28,male,Associate,116186.0,7,MORTGAGE,2857.0,DEBTCONSOLIDATION,10.59,0.02,8,615,Yes,0
23,female,Master,73240.0,2,RENT,9000.0,VENTURE,6.14,0.12,3,607,Yes,0
35,female,Bachelor,61917.0,14,RENT,8000.0,VENTURE,10.2,0.13,15,693,No,0
28,male,Associate,38337.0,4,OWN,1000.0,PERSONAL,7.4,0.03,7,624,Yes,0
25,female,High School,76644.0,1,MORTGAGE,3000.0,EDUCATION,13.47,0.04,2,666,Yes,0
38,male,Bachelor,78810.0,16,MORTGAGE,3600.0,MEDICAL,8.92,0.05,15,608,Yes,0
38,male,High School,44433.0,16,MORTGAGE,18000.0,VENTURE,10.38,0.41,13,697,Yes,0
24,male,Master,41190.0,0,OWN,2500.0,VENTURE,6.39,0.06,3,669,Yes,0
26,male,High School,37389.0,3,RENT,5000.0,PERSONAL,11.01,0.13,4,685,Yes,0
38,male,High School,141878.0,15,MORTGAGE,16000.0,PERSONAL,10.75,0.11,16,635,No,0
35,female,Associate,38031.0,15,MORTGAGE,6000.0,HOMEIMPROVEMENT,7.49,0.16,6,709,Yes,0
35,female,Bachelor,43517.0,16,MORTGAGE,4000.0,EDUCATION,9.63,0.09,8,599,Yes,0
26,male,Master,42979.0,2,RENT,1800.0,MEDICAL,11.36,0.04,3,663,No,0
45,female,Associate,108083.0,21,RENT,19200.0,PERSONAL,11.01,0.18,12,574,No,0
26,female,Associate,85095.0,2,RENT,4000.0,DEBTCONSOLIDATION,5.99,0.05,4,630,Yes,0
26,male,Doctorate,181039.0,3,MORTGAGE,25000.0,DEBTCONSOLIDATION,9.99,0.14,4,647,No,0
23,female,Associate,108628.0,0,MORTGAGE,17000.0,VENTURE,10.44,0.16,4,696,Yes,0
24,male,Associate,115857.0,2,MORTGAGE,4200.0,VENTURE,11.01,0.04,4,650,Yes,0
30,male,Bachelor,87628.0,6,MORTGAGE,12000.0,MEDICAL,10.82,0.14,6,608,Yes,0
31,female,Bachelor,49984.0,9,RENT,5000.0,MEDICAL,15.28,0.1,10,695,No,0
27,female,Master,41922.0,5,RENT,9000.0,PERSONAL,12.1,0.21,7,684,No,0
21,male,Bachelor,32032.0,0,RENT,5200.0,MEDICAL,12.53,0.16,2,668,No,0
24,male,Bachelor,109356.0,0,RENT,7000.0,MEDICAL,13.99,0.06,4,577,No,0
26,male,Bachelor,42045.0,5,MORTGAGE,6000.0,PERSONAL,6.92,0.14,4,715,Yes,0
21,male,High School,145025.0,0,RENT,10000.0,DEBTCONSOLIDATION,9.99,0.07,3,626,Yes,0
32,male,Master,79240.0,10,MORTGAGE,5500.0,DEBTCONSOLIDATION,7.51,0.07,7,651,No,0
26,male,High School,73145.0,5,RENT,9000.0,VENTURE,10.59,0.12,3,571,Yes,0
45,male,Master,77786.0,22,MORTGAGE,6000.0,MEDICAL,7.29,0.08,14,593,No,0
24,male,Master,72906.0,0,RENT,7200.0,VENTURE,8.49,0.1,2,666,No,0
31,male,Associate,72722.0,9,RENT,15000.0,EDUCATION,11.71,0.21,7,644,Yes,0
24,male,High School,66936.0,0,OWN,9000.0,VENTURE,16.49,0.13,2,514,Yes,0
30,female,High School,46131.0,6,RENT,19750.0,DEBTCONSOLIDATION,10.48,0.43,10,627,No,1
26,male,Associate,38324.0,2,RENT,8325.0,PERSONAL,13.49,0.22,3,572,Yes,0
22,male,High School,109117.0,1,MORTGAGE,3500.0,VENTURE,9.25,0.03,2,582,No,0
25,female,Bachelor,80206.0,1,MORTGAGE,7000.0,DEBTCONSOLIDATION,11.26,0.09,3,638,Yes,0
35,female,Master,37623.0,15,RENT,4500.0,MEDICAL,13.22,0.12,10,655,No,0
31,male,Associate,54730.0,3,RENT,14000.0,MEDICAL,7.91,0.26,5,671,No,1
23,male,Master,35393.0,0,RENT,6000.0,MEDICAL,11.01,0.17,3,622,Yes,0
33,male,Bachelor,41686.0,9,RENT,6000.0,EDUCATION,11.01,0.14,9,695,Yes,0
24,male,Associate,36912.0,2,RENT,3000.0,DEBTCONSOLIDATION,13.5,0.08,3,580,No,1
23,male,Bachelor,43378.0,1,MORTGAGE,8400.0,EDUCATION,12.18,0.19,3,677,Yes,0
22,male,High School,13445.0,2,RENT,1750.0,DEBTCONSOLIDATION,14.72,0.13,3,560,No,1
27,female,Associate,87487.0,5,RENT,25000.0,DEBTCONSOLIDATION,15.95,0.29,6,637,No,1
35,male,High School,60481.0,13,RENT,7000.0,PERSONAL,11.49,0.12,9,664,Yes,0
27,male,Bachelor,142553.0,4,MORTGAGE,12500.0,HOMEIMPROVEMENT,6.17,0.09,7,617,Yes,0
22,female,High School,34053.0,0,RENT,6000.0,DEBTCONSOLIDATION,10.38,0.18,4,596,No,0
38,male,Bachelor,101700.0,15,MORTGAGE,9888.0,DEBTCONSOLIDATION,7.86,0.1,14,673,Yes,0
24,female,Associate,119341.0,1,RENT,2700.0,EDUCATION,13.49,0.02,4,622,No,0
27,male,Master,93356.0,9,MORTGAGE,4900.0,EDUCATION,6.03,0.05,7,624,Yes,0
40,male,Associate,55150.0,18,RENT,24000.0,EDUCATION,10.65,0.44,11,621,No,1
23,male,Master,69409.0,0,OWN,4200.0,EDUCATION,10.51,0.06,3,699,Yes,0
32,female,Master,85027.0,11,MORTGAGE,10000.0,DEBTCONSOLIDATION,9.88,0.12,5,653,No,0
28,female,Master,85990.0,5,MORTGAGE,7583.0,MEDICAL,6.74,0.09,8,683,Yes,0
35,female,Bachelor,90855.0,13,MORTGAGE,9000.0,DEBTCONSOLIDATION,5.79,0.1,9,652,Yes,0
34,male,Bachelor,62811.0,9,RENT,18000.0,HOMEIMPROVEMENT,13.85,0.29,10,683,No,1
22,female,Bachelor,66153.0,0,RENT,6000.0,PERSONAL,12.98,0.09,3,697,Yes,0
23,male,Master,83373.0,0,MORTGAGE,6000.0,DEBTCONSOLIDATION,11.01,0.07,2,656,No,0
25,female,Bachelor,80379.0,4,RENT,6618.0,EDUCATION,11.39,0.08,4,692,Yes,0
26,female,High School,59212.0,4,MORTGAGE,16750.0,HOMEIMPROVEMENT,14.26,0.28,3,559,Yes,0
32,male,Master,126760.0,10,MORTGAGE,5000.0,MEDICAL,14.65,0.04,9,525,Yes,0
23,male,High School,47609.0,0,MORTGAGE,4800.0,MEDICAL,11.91,0.1,4,605,Yes,0
27,male,Bachelor,65990.0,3,RENT,12000.0,DEBTCONSOLIDATION,9.07,0.18,7,678,Yes,0
28,male,Master,111627.0,5,MORTGAGE,6000.0,VENTURE,6.76,0.05,9,675,Yes,0
25,male,Associate,69945.0,5,MORTGAGE,9000.0,HOMEIMPROVEMENT,11.01,0.13,3,647,No,0
23,female,Associate,48602.0,1,RENT,9250.0,EDUCATION,16.07,0.19,2,609,Yes,0
32,male,Bachelor,85132.0,8,MORTGAGE,4100.0,DEBTCONSOLIDATION,7.51,0.05,6,636,No,0
30,male,High School,170746.0,4,MORTGAGE,13095.0,PERSONAL,11.01,0.08,8,635,Yes,0
25,female,Master,114958.0,2,RENT,24000.0,VENTURE,6.54,0.21,4,704,Yes,0
25,female,Master,52802.0,1,RENT,12000.0,VENTURE,12.9,0.23,3,693,Yes,0
33,female,Doctorate,60721.0,9,RENT,7000.0,MEDICAL,11.01,0.12,9,670,Yes,0
29,female,Bachelor,91062.0,10,MORTGAGE,8000.0,PERSONAL,11.99,0.09,8,666,Yes,0
25,male,Bachelor,59140.0,4,RENT,10000.0,HOMEIMPROVEMENT,6.62,0.17,4,626,No,1
26,male,Bachelor,58724.0,3,RENT,7000.0,EDUCATION,9.51,0.12,3,676,No,0
29,female,High School,39999.0,5,RENT,7370.0,MEDICAL,11.75,0.18,5,534,Yes,0
22,female,High School,46684.0,2,RENT,6000.0,EDUCATION,13.57,0.13,4,577,Yes,0
25,male,Bachelor,69353.0,1,RENT,21700.0,PERSONAL,11.99,0.31,2,664,No,1
33,female,Associate,77890.0,11,MORTGAGE,15000.0,HOMEIMPROVEMENT,10.27,0.19,8,640,Yes,0
23,male,High School,91246.0,0,RENT,5000.0,VENTURE,11.04,0.05,3,670,Yes,0
34,male,Master,85755.0,11,MORTGAGE,10000.0,DEBTCONSOLIDATION,11.26,0.12,9,624,Yes,0
37,male,Doctorate,72699.0,16,RENT,9700.0,VENTURE,13.61,0.13,11,672,Yes,0
27,male,Associate,103238.0,4,MORTGAGE,10000.0,PERSONAL,7.49,0.1,8,667,Yes,0
23,male,Associate,52637.0,4,RENT,3000.0,EDUCATION,8.49,0.06,4,649,Yes,0
30,female,Doctorate,190541.0,9,MORTGAGE,20875.0,DEBTCONSOLIDATION,11.68,0.11,8,627,Yes,0
23,female,Master,17618.0,2,RENT,1500.0,MEDICAL,8.88,0.09,2,660,No,0
30,female,High School,72875.0,5,MORTGAGE,6000.0,HOMEIMPROVEMENT,8.94,0.08,8,660,No,0
22,male,High School,13865.0,0,RENT,3803.0,HOMEIMPROVEMENT,8.92,0.27,4,666,No,1
30,female,Master,89411.0,9,MORTGAGE,7625.0,PERSONAL,11.01,0.09,5,699,No,0
26,male,Associate,205154.0,5,RENT,12052.0,VENTURE,12.02,0.06,8,672,Yes,0
25,male,High School,210705.0,7,RENT,9000.0,VENTURE,10.59,0.04,3,525,Yes,0
23,female,Associate,25738.0,1,RENT,1200.0,MEDICAL,7.9,0.05,2,571,Yes,0
33,male,Master,44251.0,14,MORTGAGE,6000.0,VENTURE,12.57,0.14,9,648,No,0
22,female,Bachelor,87358.0,0,RENT,5000.0,MEDICAL,11.49,0.06,3,534,Yes,0
23,male,Associate,41795.0,0,RENT,5000.0,VENTURE,7.88,0.12,4,638,No,0
22,female,Master,44150.0,0,MORTGAGE,12000.0,EDUCATION,7.29,0.27,3,639,No,0
24,female,Associate,61013.0,0,RENT,7500.0,PERSONAL,9.56,0.12,4,607,Yes,0
25,male,Associate,102796.0,1,MORTGAGE,1000.0,PERSONAL,9.32,0.01,2,630,No,0
25,male,Associate,48807.0,2,MORTGAGE,3200.0,VENTURE,11.01,0.07,4,573,Yes,0
34,male,High School,38445.0,10,MORTGAGE,4200.0,EDUCATION,13.72,0.11,7,675,Yes,0
27,female,Master,114835.0,4,MORTGAGE,18000.0,DEBTCONSOLIDATION,13.48,0.16,9,697,Yes,0
22,male,Bachelor,73031.0,1,RENT,8000.0,DEBTCONSOLIDATION,13.49,0.11,3,566,Yes,0
23,male,Associate,67156.0,0,RENT,6800.0,VENTURE,11.49,0.1,2,662,No,0
23,male,Bachelor,28734.0,0,RENT,4325.0,PERSONAL,11.11,0.15,3,648,No,0
27,male,Master,97147.0,6,RENT,10000.0,HOMEIMPROVEMENT,11.67,0.1,7,545,Yes,0
20,male,Bachelor,93288.0,0,MORTGAGE,6000.0,VENTURE,8.0,0.06,2,699,Yes,0
22,male,Associate,102284.0,0,MORTGAGE,10000.0,PERSONAL,11.01,0.1,2,701,No,0
26,female,Master,75659.0,2,MORTGAGE,10000.0,MEDICAL,7.88,0.13,2,631,No,0
28,male,Associate,43937.0,6,RENT,1000.0,MEDICAL,10.28,0.02,7,654,Yes,0
25,male,Master,210903.0,4,MORTGAGE,8000.0,HOMEIMPROVEMENT,7.9,0.04,2,588,Yes,0
24,male,Master,94441.0,1,MORTGAGE,9800.0,HOMEIMPROVEMENT,10.99,0.1,3,600,Yes,0
24,male,High School,36782.0,0,RENT,8402.0,EDUCATION,14.64,0.23,4,673,No,0
24,male,Bachelor,44544.0,0,MORTGAGE,6400.0,EDUCATION,11.46,0.14,4,602,Yes,0
27,male,Master,73021.0,7,RENT,7000.0,VENTURE,19.47,0.1,7,684,Yes,0
27,female,Master,84882.0,9,RENT,10800.0,EDUCATION,14.91,0.13,10,701,No,0
26,male,High School,49190.0,5,RENT,4800.0,EDUCATION,12.99,0.1,4,628,Yes,0
26,female,Bachelor,49009.0,1,RENT,5000.0,PERSONAL,13.11,0.1,3,537,Yes,0
23,female,Bachelor,54846.0,0,RENT,7500.0,EDUCATION,15.37,0.14,4,624,No,0
23,male,High School,51607.0,1,RENT,9000.0,VENTURE,8.49,0.17,4,661,No,0
23,female,Bachelor,29693.0,0,RENT,3977.0,DEBTCONSOLIDATION,13.82,0.13,4,658,No,0
23,female,Master,69733.0,0,MORTGAGE,4000.0,DEBTCONSOLIDATION,11.01,0.06,3,632,No,0
23,female,Associate,123540.0,0,MORTGAGE,6000.0,PERSONAL,7.51,0.05,2,681,No,0
23,female,Associate,72873.0,0,RENT,12237.0,EDUCATION,10.61,0.17,3,636,Yes,0
25,female,High School,42606.0,3,RENT,18388.0,VENTURE,13.56,0.43,3,621,No,1
26,female,Bachelor,40346.0,2,RENT,4000.0,DEBTCONSOLIDATION,7.16,0.1,8,603,No,0
22,male,High School,29670.0,0,RENT,6000.0,MEDICAL,11.14,0.2,4,553,No,0
25,male,High School,105422.0,5,MORTGAGE,7000.0,HOMEIMPROVEMENT,7.51,0.07,4,578,Yes,0
26,male,Bachelor,101887.0,4,RENT,15000.0,DEBTCONSOLIDATION,10.4,0.15,4,687,No,0
32,male,Associate,115351.0,9,MORTGAGE,8000.0,HOMEIMPROVEMENT,14.84,0.07,9,666,No,0
26,male,Bachelor,46918.0,1,MORTGAGE,3916.0,MEDICAL,8.59,0.08,3,660,No,0
29,male,Master,56253.0,6,RENT,12000.0,MEDICAL,10.86,0.21,10,661,No,0
25,male,Associate,180549.0,6,MORTGAGE,12199.0,MEDICAL,9.26,0.07,4,641,No,0
22,male,Associate,51286.0,0,RENT,12800.0,VENTURE,15.21,0.25,2,664,No,1
26,female,Associate,80365.0,4,OWN,18000.0,HOMEIMPROVEMENT,13.49,0.22,3,596,Yes,0
30,female,Doctorate,137795.0,6,MORTGAGE,9975.0,DEBTCONSOLIDATION,5.42,0.07,10,635,No,0
35,female,Associate,72666.0,12,MORTGAGE,12000.0,MEDICAL,10.75,0.17,8,673,Yes,0
25,male,High School,73272.0,0,RENT,8400.0,VENTURE,12.71,0.11,3,647,Yes,0
24,female,High School,66001.0,0,RENT,5055.0,EDUCATION,12.17,0.08,3,638,No,1
28,female,High School,32640.0,7,MORTGAGE,3000.0,MEDICAL,6.17,0.09,6,528,Yes,0
26,female,Bachelor,35472.0,6,OWN,2000.0,MEDICAL,11.6,0.06,5,702,Yes,0
25,male,Bachelor,43085.0,3,RENT,2400.0,VENTURE,12.53,0.06,3,643,No,0
31,female,High School,228896.0,9,MORTGAGE,24000.0,MEDICAL,11.01,0.1,10,676,Yes,0
38,male,High School,55707.0,11,RENT,9000.0,VENTURE,16.29,0.16,13,578,Yes,0
26,female,Associate,53574.0,6,RENT,12120.0,EDUCATION,19.62,0.23,3,603,No,1
44,male,Associate,46867.0,21,MORTGAGE,6825.0,PERSONAL,8.9,0.15,12,710,Yes,0
23,female,Bachelor,30040.0,4,RENT,4000.0,VENTURE,11.18,0.13,4,614,No,0
33,female,Bachelor,52884.0,11,RENT,9150.0,EDUCATION,13.16,0.17,10,572,Yes,0
43,female,High School,56228.0,22,MORTGAGE,6300.0,EDUCATION,7.51,0.11,14,684,Yes,0
38,male,Bachelor,97036.0,14,RENT,1500.0,EDUCATION,11.49,0.02,16,503,Yes,0
30,female,High School,94714.0,7,MORTGAGE,26000.0,MEDICAL,15.96,0.27,5,664,Yes,0
23,male,Associate,31291.0,2,RENT,10000.0,VENTURE,9.45,0.32,3,680,No,1
30,male,Bachelor,47745.0,8,RENT,4000.0,MEDICAL,15.96,0.08,9,650,No,0
23,female,Master,93239.0,2,MORTGAGE,25000.0,EDUCATION,11.71,0.27,2,633,Yes,0
25,female,Bachelor,44194.0,2,RENT,15000.0,MEDICAL,15.05,0.34,2,691,No,1
34,female,Bachelor,112635.0,14,RENT,8000.0,HOMEIMPROVEMENT,11.01,0.07,9,613,Yes,0
24,female,Master,58362.0,4,MORTGAGE,4200.0,MEDICAL,11.99,0.07,4,616,Yes,0
24,female,High School,87038.0,1,MORTGAGE,1000.0,EDUCATION,15.23,0.01,3,653,Yes,0
24,female,Master,47690.0,2,RENT,4500.0,VENTURE,10.99,0.09,4,694,Yes,0
25,male,Bachelor,103140.0,5,MORTGAGE,4000.0,MEDICAL,7.88,0.04,3,665,Yes,0
30,female,Bachelor,43305.0,6,RENT,5600.0,PERSONAL,11.24,0.13,5,656,Yes,0
25,male,Associate,56144.0,5,RENT,7000.0,PERSONAL,8.49,0.12,2,657,Yes,0
28,female,Associate,231317.0,7,MORTGAGE,20000.0,MEDICAL,11.01,0.09,9,578,Yes,0
29,female,Associate,25018.0,7,OWN,5000.0,HOMEIMPROVEMENT,6.7,0.2,7,695,No,0
23,male,High School,88355.0,0,MORTGAGE,12000.0,EDUCATION,16.37,0.14,3,481,Yes,0
23,male,High School,63157.0,0,MORTGAGE,7200.0,PERSONAL,11.52,0.11,3,498,Yes,0
29,male,Master,84898.0,6,MORTGAGE,20000.0,DEBTCONSOLIDATION,11.01,0.24,8,687,No,0
22,female,High School,46043.0,0,RENT,9000.0,MEDICAL,9.63,0.2,4,676,Yes,0
25,female,High School,37194.0,3,RENT,5000.0,MEDICAL,11.86,0.13,4,629,Yes,0
23,female,Bachelor,22364.0,0,RENT,8500.0,HOMEIMPROVEMENT,11.01,0.38,3,644,No,1
29,female,High School,53971.0,4,RENT,5400.0,VENTURE,16.0,0.1,9,582,No,1
28,male,Master,51512.0,8,RENT,5000.0,MEDICAL,5.42,0.1,5,590,No,0
26,female,Bachelor,40406.0,4,OWN,10000.0,MEDICAL,8.49,0.25,3,644,Yes,0
42,male,Doctorate,705960.0,21,MORTGAGE,20686.0,PERSONAL,10.74,0.03,16,689,No,1
30,female,High School,116044.0,12,MORTGAGE,17000.0,EDUCATION,10.62,0.15,10,627,No,0
27,male,Bachelor,33537.0,0,MORTGAGE,3000.0,VENTURE,5.79,0.09,5,683,Yes,0
26,female,High School,62131.0,2,MORTGAGE,13000.0,MEDICAL,15.34,0.21,2,578,No,1
22,male,Bachelor,64776.0,0,RENT,6509.0,EDUCATION,13.68,0.1,4,643,Yes,0
22,female,High School,72667.0,2,MORTGAGE,7000.0,DEBTCONSOLIDATION,7.14,0.1,3,594,Yes,0
27,female,Doctorate,72855.0,4,MORTGAGE,3600.0,DEBTCONSOLIDATION,5.42,0.05,9,633,Yes,0
30,female,Bachelor,131306.0,7,MORTGAGE,15000.0,MEDICAL,16.35,0.11,8,654,No,1
31,male,Bachelor,67962.0,8,RENT,4000.0,HOMEIMPROVEMENT,5.79,0.06,9,690,No,0
24,female,Associate,75402.0,5,RENT,1600.0,MEDICAL,13.85,0.02,4,644,Yes,0
26,male,Bachelor,139238.0,1,MORTGAGE,19607.0,EDUCATION,13.29,0.14,3,607,No,0
24,male,Bachelor,56026.0,2,RENT,5700.0,DEBTCONSOLIDATION,7.66,0.1,3,683,No,0
24,female,Bachelor,97084.0,0,MORTGAGE,8000.0,EDUCATION,12.5,0.08,4,589,No,0
25,female,High School,81112.0,0,RENT,7000.0,EDUCATION,8.94,0.09,4,672,No,0
24,female,High School,79106.0,1,RENT,9600.0,PERSONAL,12.91,0.12,4,656,Yes,0
23,female,High School,58848.0,1,MORTGAGE,9500.0,MEDICAL,7.29,0.16,2,615,Yes,0
23,male,High School,14224.0,0,RENT,1200.0,EDUCATION,6.91,0.08,3,661,Yes,0
30,female,High School,89431.0,6,MORTGAGE,10000.0,EDUCATION,14.74,0.11,8,671,Yes,0
22,female,Bachelor,105704.0,1,MORTGAGE,25000.0,HOMEIMPROVEMENT,13.08,0.24,3,634,No,0
26,male,Bachelor,44213.0,6,RENT,9000.0,PERSONAL,8.27,0.2,5,591,Yes,0
21,male,Master,34420.0,0,RENT,7500.0,EDUCATION,6.76,0.22,4,472,Yes,0
47,female,High School,31040.0,21,OWN,10750.0,PERSONAL,14.22,0.35,16,569,Yes,0
23,male,High School,87117.0,0,MORTGAGE,5000.0,PERSONAL,11.86,0.06,2,602,Yes,0
22,female,High School,46674.0,0,RENT,8000.0,EDUCATION,7.88,0.17,4,591,No,0
26,male,Bachelor,43155.0,4,RENT,10000.0,EDUCATION,7.88,0.23,2,634,Yes,0
26,female,High School,25949.0,2,RENT,5000.0,PERSONAL,15.48,0.19,5,675,Yes,0
27,male,Associate,87233.0,3,RENT,20000.0,HOMEIMPROVEMENT,9.25,0.23,10,693,Yes,0
25,male,Bachelor,36653.0,3,MORTGAGE,8000.0,HOMEIMPROVEMENT,6.92,0.22,3,670,Yes,0
53,male,High School,55455.0,29,MORTGAGE,5961.0,VENTURE,12.35,0.11,22,597,Yes,0
24,male,Associate,51582.0,2,MORTGAGE,1200.0,VENTURE,11.49,0.02,3,611,Yes,0
27,male,High School,63019.0,7,RENT,6000.0,MEDICAL,8.65,0.1,8,586,Yes,0
30,male,Bachelor,83761.0,9,MORTGAGE,14000.0,PERSONAL,6.88,0.17,9,562,Yes,0
23,male,Master,151143.0,0,MORTGAGE,10000.0,VENTURE,14.49,0.07,3,619,Yes,0
27,female,Master,270864.0,5,RENT,25000.0,VENTURE,14.28,0.09,5,709,Yes,0
40,female,Master,115858.0,18,OWN,15000.0,MEDICAL,12.18,0.13,14,704,Yes,0
29,male,Bachelor,217061.0,3,MORTGAGE,31000.0,PERSONAL,19.42,0.14,8,664,No,0
32,male,Bachelor,140255.0,13,RENT,8715.0,VENTURE,11.02,0.06,7,584,Yes,0
31,male,Bachelor,228855.0,11,OWN,15000.0,EDUCATION,6.03,0.07,8,701,Yes,0
29,female,Bachelor,117217.0,5,MORTGAGE,3785.0,PERSONAL,7.19,0.03,6,648,No,0
42,male,High School,138627.0,16,RENT,3000.0,HOMEIMPROVEMENT,9.88,0.02,14,683,No,0
31,female,Bachelor,65784.0,8,RENT,5000.0,HOMEIMPROVEMENT,10.59,0.08,5,579,No,0
22,female,Associate,70366.0,3,OWN,20000.0,MEDICAL,11.99,0.28,4,612,Yes,0
26,male,Master,360680.0,5,OWN,10000.0,HOMEIMPROVEMENT,10.38,,4,649,No,0
37,female,Associate,37955.0,18,RENT,4800.0,VENTURE,11.49,0.13,16,664,No,0
30,female,Bachelor,41601.0,11,RENT,1500.0,DEBTCONSOLIDATION,14.61,0.04,5,603,No,1
25,female,Bachelor,114254.0,7,MORTGAGE,20000.0,MEDICAL,11.01,0.18,4,716,No,0
33,male,Doctorate,118277.0,8,MORTGAGE,20000.0,VENTURE,6.91,0.17,7,678,No,0
34,male,Master,37214.0,14,MORTGAGE,7300.0,EDUCATION,9.32,0.2,9,691,Yes,0
27,male,Bachelor,55920.0,1,MORTGAGE,7500.0,EDUCATION,5.42,0.13,5,640,Yes,0
29,female,Associate,79095.0,8,MORTGAGE,6000.0,MEDICAL,10.36,0.08,7,649,Yes,0
30,male,Bachelor,32854.0,7,MORTGAGE,6101.0,HOMEIMPROVEMENT,15.2,0.19,6,691,No,1
24,male,Associate,24149.0,0,RENT,5000.0,DEBTCONSOLIDATION,11.01,0.21,3,683,No,1
28,male,Master,29893.0,8,RENT,5000.0,PERSONAL,12.4,0.17,6,584,Yes,0
23,male,Bachelor,37157.0,3,RENT,4200.0,VENTURE,10.2,0.11,4,555,Yes,0
29,male,Associate,103070.0,9,MORTGAGE,8900.0,MEDICAL,11.01,0.09,6,567,Yes,0
22,female,Bachelor,94514.0,1,RENT,10000.0,VENTURE,12.42,0.11,2,563,Yes,0
23,male,High School,64548.0,0,RENT,3000.0,MEDICAL,12.44,0.05,4,597,Yes,0
21,male,Bachelor,39303.0,0,RENT,5000.0,EDUCATION,7.68,0.13,4,647,Yes,0
28,male,Master,96968.0,5,MORTGAGE,16000.0,PERSONAL,5.99,0.17,7,651,Yes,0
24,male,Bachelor,57313.0,1,RENT,12000.0,MEDICAL,12.33,0.21,3,661,Yes,0
24,male,Bachelor,72319.0,0,MORTGAGE,2400.0,DEBTCONSOLIDATION,12.69,0.03,4,634,Yes,0
41,male,High School,69014.0,21,MORTGAGE,10000.0,PERSONAL,7.51,0.14,12,648,Yes,0
31,female,Bachelor,79108.0,8,MORTGAGE,23200.0,DEBTCONSOLIDATION,7.9,0.29,10,638,Yes,0
28,male,Associate,66582.0,5,MORTGAGE,20000.0,VENTURE,6.62,0.3,6,577,Yes,0
32,male,Bachelor,113994.0,6,MORTGAGE,14779.0,VENTURE,7.96,0.13,5,666,No,0
23,female,High School,52558.0,2,MORTGAGE,3600.0,VENTURE,15.62,0.07,3,587,Yes,0
27,female,Bachelor,31144.0,4,RENT,5000.0,EDUCATION,9.68,0.16,7,571,Yes,0
24,male,Bachelor,94476.0,1,RENT,5797.0,MEDICAL,11.01,0.06,3,676,Yes,0
24,male,Bachelor,63295.0,4,MORTGAGE,5000.0,PERSONAL,14.22,0.08,3,567,No,0
30,female,Associate,228744.0,6,RENT,15000.0,DEBTCONSOLIDATION,11.48,0.07,8,655,Yes,0
27,male,Associate,102845.0,4,RENT,7525.0,DEBTCONSOLIDATION,11.01,0.07,8,650,No,0
26,male,Associate,59815.0,4,MORTGAGE,20000.0,EDUCATION,10.0,0.33,2,678,Yes,0
34,female,Master,82492.0,11,MORTGAGE,2500.0,EDUCATION,9.92,0.03,10,642,Yes,0
27,male,Bachelor,96184.0,5,OWN,15000.0,HOMEIMPROVEMENT,17.14,0.16,8,597,No,0
27,female,Associate,32373.0,3,RENT,2500.0,VENTURE,13.23,0.08,10,553,Yes,0
24,female,Associate,64121.0,1,RENT,5000.0,PERSONAL,7.74,0.08,4,639,No,0
24,male,High School,57103.0,0,RENT,6000.0,DEBTCONSOLIDATION,10.99,0.11,4,596,Yes,0
28,male,Associate,66882.0,4,RENT,15000.0,HOMEIMPROVEMENT,17.06,0.22,5,611,Yes,0
23,male,Bachelor,72936.0,1,RENT,7000.0,DEBTCONSOLIDATION,6.03,0.1,3,597,No,0
32,male,Bachelor,73358.0,8,MORTGAGE,6000.0,MEDICAL,6.62,0.08,6,686,Yes,0
22,female,Bachelor,87152.0,0,OWN,16000.0,VENTURE,10.37,0.18,3,706,Yes,0
28,male,High School,60116.0,4,RENT,3600.0,VENTURE,13.98,0.06,9,553,No,1
26,male,High School,97068.0,1,RENT,18000.0,HOMEIMPROVEMENT,13.85,0.19,3,661,Yes,0
25,male,Master,121101.0,4,MORTGAGE,10000.0,PERSONAL,7.51,0.08,4,655,Yes,0
32,male,Associate,145077.0,10,MORTGAGE,25000.0,VENTURE,10.99,0.17,6,623,Yes,0
27,female,Master,108998.0,4,MORTGAGE,15000.0,HOMEIMPROVEMENT,7.49,0.14,5,677,No,0
26,male,Associate,96837.0,2,MORTGAGE,3000.0,HOMEIMPROVEMENT,8.0,0.03,3,652,Yes,0
23,female,Bachelor,49384.0,2,RENT,6000.0,MEDICAL,8.94,0.12,3,601,Yes,0
32,male,High School,29927.0,10,RENT,2800.0,DEBTCONSOLIDATION,10.99,0.09,9,601,Yes,0
23,female,Associate,87590.0,2,RENT,7083.0,MEDICAL,6.89,0.08,3,682,Yes,0
25,male,Bachelor,62994.0,3,RENT,3625.0,HOMEIMPROVEMENT,6.54,0.06,3,580,No,0
26,female,High School,57292.0,5,MORTGAGE,6600.0,MEDICAL,7.9,0.12,2,621,No,0
29,female,High School,76835.0,7,RENT,6238.0,HOMEIMPROVEMENT,9.27,0.08,8,619,No,0
29,female,Associate,56004.0,6,RENT,12000.0,MEDICAL,10.74,0.21,10,612,Yes,0
22,female,High School,144961.0,1,MORTGAGE,5000.0,VENTURE,14.79,0.03,3,641,Yes,0
66,male,Associate,48899.0,42,RENT,7000.0,EDUCATION,15.68,0.14,29,686,No,1
25,female,Associate,97571.0,0,RENT,12500.0,VENTURE,9.38,0.13,2,603,No,0
22,female,Bachelor,58689.0,0,RENT,7200.0,PERSONAL,12.69,0.12,2,556,Yes,0
25,male,Master,270972.0,1,MORTGAGE,25000.0,VENTURE,18.67,0.09,2,640,Yes,0
23,female,Bachelor,63604.0,0,MORTGAGE,15000.0,VENTURE,16.49,0.24,2,611,No,0
23,female,Bachelor,193214.0,1,MORTGAGE,12000.0,DEBTCONSOLIDATION,5.42,0.06,4,562,Yes,0
22,female,Associate,61190.0,1,OWN,6400.0,VENTURE,6.92,0.1,4,652,No,0
25,female,Associate,76736.0,3,RENT,12000.0,DEBTCONSOLIDATION,14.26,0.16,3,624,Yes,0
36,female,Bachelor,72978.0,14,RENT,9500.0,EDUCATION,7.14,0.13,12,713,Yes,0
26,male,Master,90787.0,6,MORTGAGE,4000.0,EDUCATION,12.99,0.04,2,685,No,0
24,male,Master,60808.0,3,MORTGAGE,9000.0,PERSONAL,11.24,0.15,3,657,Yes,0
22,male,Bachelor,58343.0,0,MORTGAGE,15000.0,DEBTCONSOLIDATION,11.01,0.26,4,587,Yes,0
24,male,Associate,69259.0,0,RENT,6625.0,VENTURE,11.22,0.1,4,636,No,0
31,male,Bachelor,83070.0,9,MORTGAGE,15000.0,EDUCATION,11.74,0.18,6,665,No,0
28,female,Bachelor,82656.0,4,OWN,12000.0,EDUCATION,12.09,0.15,9,708,Yes,0
25,male,Bachelor,40740.0,5,RENT,7844.0,DEBTCONSOLIDATION,11.75,0.19,4,586,No,1
23,male,High School,23024.0,1,RENT,3221.0,VENTURE,11.9,0.14,4,578,No,1
33,male,Associate,150666.0,11,OWN,3000.0,PERSONAL,7.75,0.02,8,567,Yes,0
32,male,Bachelor,157380.0,9,RENT,16000.0,PERSONAL,11.01,0.1,10,614,Yes,0
22,male,Associate,51739.0,0,RENT,3600.0,PERSONAL,7.37,0.07,3,646,Yes,0
21,female,Master,97167.0,0,MORTGAGE,12000.0,EDUCATION,5.99,0.12,2,669,No,0
24,female,Bachelor,72834.0,1,RENT,10000.0,MEDICAL,11.01,0.14,3,692,No,0
37,male,Master,68396.0,14,MORTGAGE,17000.0,EDUCATION,8.7,0.25,11,683,No,0
22,female,Bachelor,73251.0,0,MORTGAGE,15000.0,DEBTCONSOLIDATION,7.49,0.2,4,687,No,0
26,male,Associate,72861.0,4,RENT,12000.0,HOMEIMPROVEMENT,12.87,0.16,4,614,Yes,0
27,female,Bachelor,68228.0,3,RENT,8000.0,PERSONAL,16.77,0.12,10,584,Yes,0
31,female,Bachelor,37042.0,5,RENT,10000.0,DEBTCONSOLIDATION,10.19,0.27,7,532,No,1
23,female,High School,48518.0,1,OWN,14000.0,PERSONAL,7.29,0.29,3,625,Yes,0
58,male,High School,54761.0,35,MORTGAGE,3500.0,PERSONAL,6.76,0.06,20,730,No,0
22,male,Master,114914.0,0,MORTGAGE,12000.0,MEDICAL,7.51,0.1,3,594,No,0
26,male,High School,39198.0,5,MORTGAGE,6000.0,DEBTCONSOLIDATION,8.97,0.15,5,552,Yes,0
26,male,Bachelor,111684.0,2,RENT,12000.0,DEBTCONSOLIDATION,11.71,0.11,3,576,Yes,0
32,male,Master,83950.0,9,RENT,14000.0,HOMEIMPROVEMENT,11.01,0.17,6,709,No,1
28,male,High School,147957.0,4,MORTGAGE,19659.0,PERSONAL,13.31,0.13,6,509,Yes,0
28,male,Bachelor,87217.0,6,MORTGAGE,25000.0,PERSONAL,20.0,0.29,9,725,No,1
35,female,Bachelor,210771.0,11,RENT,16000.0,DEBTCONSOLIDATION,11.49,0.08,10,644,Yes,0
24,male,High School,92908.0,2,MORTGAGE,4000.0,PERSONAL,11.94,0.04,3,667,No,0
30,male,Associate,266018.0,8,MORTGAGE,2577.0,DEBTCONSOLIDATION,7.96,0.01,6,566,Yes,0
22,female,High School,46483.0,0,MORTGAGE,6000.0,DEBTCONSOLIDATION,7.51,0.13,4,568,Yes,0
26,male,High School,29820.0,1,RENT,5000.0,VENTURE,8.9,0.17,2,527,Yes,0
33,male,Doctorate,51173.0,11,RENT,2000.0,VENTURE,11.53,0.04,10,666,Yes,0
22,female,Bachelor,111365.0,1,RENT,20000.0,VENTURE,15.65,0.18,2,649,No,0
22,female,Master,48971.0,0,RENT,4000.0,DEBTCONSOLIDATION,11.01,0.08,3,668,Yes,0
26,male,Associate,85122.0,1,RENT,2400.0,EDUCATION,11.01,0.03,3,638,No,0
27,male,Associate,96894.0,6,RENT,20000.0,PERSONAL,7.49,0.21,9,630,Yes,0
22,female,High School,61323.0,0,MORTGAGE,10000.0,EDUCATION,6.03,0.16,4,649,No,0
25,female,High School,66107.0,4,MORTGAGE,13850.0,PERSONAL,9.23,0.21,3,579,Yes,0
30,male,High School,36968.0,8,MORTGAGE,5103.0,VENTURE,8.14,0.14,5,610,Yes,0
28,male,Bachelor,79099.0,2,MORTGAGE,6241.0,PERSONAL,11.3,0.08,4,708,No,0
22,female,Bachelor,51205.0,1,RENT,4000.0,VENTURE,14.09,0.08,4,618,Yes,0
28,male,High School,46241.0,4,MORTGAGE,4000.0,EDUCATION,11.71,0.09,8,694,No,0
27,female,Associate,93126.0,2,MORTGAGE,5000.0,EDUCATION,11.49,0.05,7,632,Yes,0
23,female,High School,77666.0,0,MORTGAGE,2100.0,EDUCATION,6.03,0.03,2,625,Yes,0
35,male,Associate,94460.0,13,MORTGAGE,9450.0,HOMEIMPROVEMENT,10.99,0.1,8,609,Yes,0
38,male,Associate,132810.0,13,MORTGAGE,16000.0,VENTURE,6.14,0.12,13,596,Yes,0
26,male,Bachelor,35409.0,8,RENT,1000.0,EDUCATION,11.28,0.03,3,685,No,1
27,male,High School,76405.0,4,MORTGAGE,25000.0,EDUCATION,12.79,0.33,5,474,Yes,0
28,female,Bachelor,32542.0,5,RENT,5000.0,DEBTCONSOLIDATION,7.9,0.15,6,662,Yes,0
22,female,Bachelor,103373.0,0,MORTGAGE,18000.0,VENTURE,11.01,0.17,4,678,Yes,0
24,male,Bachelor,90926.0,0,MORTGAGE,5000.0,EDUCATION,6.76,0.05,4,650,No,0
22,female,High School,39119.0,0,MORTGAGE,6950.0,VENTURE,7.74,0.18,3,639,Yes,0
30,male,Bachelor,111523.0,7,RENT,5000.0,VENTURE,11.01,0.04,6,665,No,0
28,male,Associate,72926.0,2,MORTGAGE,16800.0,DEBTCONSOLIDATION,12.61,0.23,7,586,Yes,0
25,male,High School,31070.0,5,RENT,8500.0,MEDICAL,11.54,0.27,3,584,No,1
26,male,Associate,240785.0,2,MORTGAGE,30000.0,PERSONAL,11.71,0.12,4,644,Yes,0
28,female,Bachelor,68879.0,7,MORTGAGE,12300.0,PERSONAL,7.88,0.18,7,673,Yes,0
25,male,Associate,93511.0,0,MORTGAGE,9000.0,HOMEIMPROVEMENT,6.03,0.1,3,614,No,0
37,male,Associate,66560.0,17,RENT,9600.0,PERSONAL,9.99,0.14,12,548,No,0
25,male,High School,39425.0,2,RENT,8575.0,MEDICAL,15.62,0.22,2,676,No,1
29,female,Associate,80183.0,8,RENT,10000.0,VENTURE,7.9,0.12,6,636,Yes,0
33,male,Bachelor,49951.0,13,RENT,7200.0,EDUCATION,11.24,0.14,8,627,Yes,0
26,male,High School,45611.0,3,RENT,14500.0,VENTURE,15.33,0.32,4,598,No,1
25,male,High School,76953.0,1,RENT,9600.0,EDUCATION,14.46,0.12,4,654,Yes,0
21,female,High School,25606.0,0,RENT,4000.0,DEBTCONSOLIDATION,11.86,0.16,2,605,No,0
24,male,High School,105861.0,3,MORTGAGE,3600.0,EDUCATION,11.86,0.03,4,566,Yes,0
52,male,Bachelor,78637.0,30,RENT,5000.0,PERSONAL,11.26,0.06,25,722,Yes,0
23,female,Associate,44045.0,0,RENT,10000.0,DEBTCONSOLIDATION,11.18,0.23,4,579,Yes,0
24,male,Bachelor,112314.0,0,MORTGAGE,2000.0,EDUCATION,9.58,0.02,4,678,Yes,0
44,male,Doctorate,66709.0,20,RENT,9600.0,PERSONAL,11.26,0.14,16,666,No,0
23,male,High School,39358.0,0,MORTGAGE,1200.0,EDUCATION,7.99,0.03,2,633,Yes,0
24,female,Associate,103227.0,3,MORTGAGE,7750.0,MEDICAL,11.12,0.08,4,607,Yes,0
40,male,Bachelor,103074.0,15,RENT,18000.0,HOMEIMPROVEMENT,11.48,0.17,13,713,Yes,0
22,female,Master,73193.0,0,RENT,15000.0,EDUCATION,11.71,0.2,4,678,Yes,0
26,male,High School,69569.0,2,RENT,4000.0,VENTURE,9.88,0.06,4,649,Yes,0
22,male,Associate,27358.0,0,MORTGAGE,6500.0,VENTURE,11.01,0.24,4,496,Yes,0
25,female,High School,64871.0,2,RENT,3000.0,DEBTCONSOLIDATION,13.99,0.05,4,583,No,0
22,male,Bachelor,34921.0,0,RENT,7125.0,DEBTCONSOLIDATION,11.01,0.2,4,656,No,0
33,female,High School,178617.0,8,MORTGAGE,8000.0,VENTURE,13.98,0.04,5,582,Yes,0
23,male,Associate,72835.0,3,OWN,16000.0,EDUCATION,14.27,0.22,4,640,Yes,0
23,female,Associate,115216.0,1,OWN,4325.0,VENTURE,7.74,0.04,2,601,No,0
25,male,Bachelor,101581.0,1,RENT,6300.0,VENTURE,7.88,0.06,3,576,Yes,0
28,male,Bachelor,64231.0,6,RENT,8500.0,MEDICAL,5.79,0.13,9,573,Yes,0
26,female,Master,58711.0,2,RENT,10000.0,EDUCATION,8.94,0.17,4,689,Yes,0
28,female,Associate,65814.0,2,RENT,8000.0,DEBTCONSOLIDATION,15.23,0.12,9,689,Yes,0
21,female,Bachelor,29507.0,0,RENT,6400.0,EDUCATION,10.95,0.22,3,655,Yes,0
23,female,Master,37179.0,3,MORTGAGE,8000.0,VENTURE,7.88,0.22,2,547,Yes,0
22,male,Associate,37039.0,0,RENT,3000.0,MEDICAL,11.01,0.08,4,628,Yes,0
38,male,High School,29770.0,15,RENT,7200.0,MEDICAL,10.65,0.24,14,490,Yes,0
25,female,Bachelor,31125.0,4,RENT,9250.0,VENTURE,10.75,0.3,3,671,No,1
26,male,Bachelor,31074.0,5,RENT,6500.0,MEDICAL,14.09,0.21,2,703,No,1
28,female,Associate,52302.0,6,RENT,14000.0,PERSONAL,11.14,0.27,5,632,No,1
28,male,High School,63073.0,5,RENT,12221.0,PERSONAL,10.95,0.19,6,563,Yes,0
30,male,Associate,87382.0,7,MORTGAGE,9000.0,MEDICAL,15.2,0.1,10,642,No,0
29,female,Master,39660.0,8,MORTGAGE,10625.0,MEDICAL,11.01,0.27,5,690,Yes,0
24,male,Master,44334.0,0,RENT,8000.0,VENTURE,11.48,0.18,4,640,Yes,0
32,male,Bachelor,96874.0,9,RENT,14000.0,HOMEIMPROVEMENT,5.42,0.14,9,610,Yes,0
29,female,Master,77574.0,4,RENT,12930.0,HOMEIMPROVEMENT,12.18,0.17,8,723,Yes,0
23,female,Bachelor,26468.0,0,RENT,4200.0,PERSONAL,15.23,0.16,4,567,Yes,0
25,male,Associate,361124.0,1,MORTGAGE,24223.0,MEDICAL,18.68,0.07,3,601,Yes,0
24,male,High School,54991.0,1,RENT,10000.0,EDUCATION,7.51,0.18,2,704,Yes,0
34,male,Master,97284.0,14,MORTGAGE,11000.0,HOMEIMPROVEMENT,10.99,0.11,6,643,Yes,0
25,male,Master,83730.0,4,RENT,1025.0,DEBTCONSOLIDATION,8.41,0.01,4,589,Yes,0
27,female,Bachelor,211281.0,4,MORTGAGE,11500.0,HOMEIMPROVEMENT,7.51,0.05,7,727,No,0
28,male,Bachelor,158128.0,5,MORTGAGE,10000.0,MEDICAL,13.35,0.06,7,680,No,0
22,male,Bachelor,107908.0,0,RENT,17000.0,DEBTCONSOLIDATION,9.63,0.16,4,683,No,0
25,male,Associate,52990.0,4,MORTGAGE,9000.0,HOMEIMPROVEMENT,9.63,0.17,4,662,Yes,0
22,female,Associate,38500.0,2,RENT,10600.0,MEDICAL,12.99,0.28,2,605,No,1
28,male,Associate,91594.0,3,MORTGAGE,3500.0,EDUCATION,14.91,0.04,9,671,Yes,0
24,male,High School,193075.0,1,MORTGAGE,35000.0,VENTURE,15.1,0.18,3,642,No,0
25,female,Associate,62188.0,6,OWN,12000.0,EDUCATION,9.79,0.19,4,625,Yes,0
26,female,Bachelor,145123.0,7,RENT,4800.0,MEDICAL,12.9,0.03,7,582,Yes,0
27,male,Bachelor,94584.0,2,RENT,17200.0,DEBTCONSOLIDATION,17.49,0.18,7,686,No,1
30,female,Master,133139.0,6,MORTGAGE,12000.0,PERSONAL,13.61,0.09,10,713,No,0
30,female,Bachelor,88201.0,5,RENT,5000.0,PERSONAL,13.85,0.06,6,639,Yes,0
33,male,Bachelor,46079.0,12,RENT,4400.0,PERSONAL,11.71,0.1,10,657,Yes,0
25,female,Master,76232.0,5,MORTGAGE,2000.0,HOMEIMPROVEMENT,10.99,0.03,4,688,Yes,0
22,male,Associate,25537.0,0,MORTGAGE,6000.0,EDUCATION,15.99,0.23,4,623,No,0
27,male,Bachelor,61181.0,3,RENT,6600.0,VENTURE,10.05,0.11,6,604,Yes,0
27,female,Master,109044.0,7,MORTGAGE,10000.0,PERSONAL,8.94,0.09,7,663,Yes,0
23,male,Associate,36861.0,0,MORTGAGE,1200.0,VENTURE,9.67,0.03,2,606,No,0
21,female,High School,94805.0,0,RENT,9600.0,DEBTCONSOLIDATION,11.01,0.1,3,635,Yes,0
25,male,Master,58823.0,3,OWN,7500.0,VENTURE,7.05,0.13,3,661,Yes,0
32,male,Bachelor,181108.0,10,RENT,25000.0,DEBTCONSOLIDATION,8.49,0.14,7,630,No,0
29,female,Doctorate,39535.0,9,MORTGAGE,12000.0,VENTURE,7.88,0.3,6,645,No,0
25,male,Bachelor,76036.0,2,RENT,12000.0,DEBTCONSOLIDATION,16.77,0.16,4,680,No,1
23,female,High School,44129.0,3,MORTGAGE,11300.0,EDUCATION,12.69,0.26,2,655,No,0
36,male,Associate,223172.0,10,MORTGAGE,6000.0,VENTURE,10.0,0.03,15,667,No,0
22,male,Bachelor,79139.0,2,RENT,16000.0,PERSONAL,7.88,0.2,3,668,No,0
40,female,High School,99187.0,17,MORTGAGE,10000.0,HOMEIMPROVEMENT,11.54,0.1,9,559,No,0
33,male,Associate,53744.0,11,RENT,9600.0,MEDICAL,13.16,0.18,5,649,Yes,0
25,female,High School,60870.0,5,RENT,4000.0,EDUCATION,14.61,0.07,2,616,Yes,0
27,male,Master,85316.0,7,RENT,6475.0,VENTURE,10.32,0.08,8,517,Yes,0
30,female,Master,48514.0,9,MORTGAGE,6000.0,MEDICAL,7.75,0.12,5,591,Yes,0
28,male,Master,73281.0,8,RENT,3600.0,DEBTCONSOLIDATION,12.21,0.05,10,649,Yes,0
36,female,Associate,96271.0,10,MORTGAGE,10000.0,PERSONAL,6.03,0.1,14,740,No,0
34,male,Associate,112169.0,11,RENT,13050.0,DEBTCONSOLIDATION,7.66,0.12,6,676,Yes,0
26,female,High School,35911.0,4,RENT,6600.0,EDUCATION,11.01,0.18,4,644,No,0
25,female,Master,68957.0,3,MORTGAGE,20000.0,VENTURE,13.61,0.29,2,675,Yes,0
40,male,High School,29573.0,15,RENT,4500.0,EDUCATION,12.95,0.15,14,688,No,0
25,female,Associate,40218.0,6,MORTGAGE,12500.0,EDUCATION,7.9,0.31,2,648,No,0
22,female,Bachelor,97150.0,0,MORTGAGE,10000.0,DEBTCONSOLIDATION,7.14,0.1,4,611,No,0
40,female,High School,23743.0,19,RENT,1800.0,VENTURE,11.99,0.08,13,564,Yes,0
25,female,Master,86220.0,3,OWN,3250.0,VENTURE,5.79,0.04,2,715,No,0
26,male,Associate,112268.0,3,RENT,16000.0,DEBTCONSOLIDATION,11.11,0.14,4,670,Yes,0
22,female,High School,70597.0,0,RENT,3000.0,EDUCATION,11.83,0.04,2,625,Yes,0
40,female,Bachelor,20271.0,14,RENT,2373.0,DEBTCONSOLIDATION,11.17,0.12,12,689,No,0
23,female,Associate,35728.0,0,RENT,13467.0,HOMEIMPROVEMENT,13.72,0.38,4,679,No,1
22,male,Master,89899.0,0,MORTGAGE,2500.0,MEDICAL,6.62,0.03,3,608,Yes,0
25,male,Associate,29863.0,4,RENT,10000.0,DEBTCONSOLIDATION,9.27,0.33,3,692,No,1
25,female,High School,44422.0,0,MORTGAGE,9000.0,VENTURE,6.99,0.2,2,625,No,0
26,female,Associate,78890.0,5,MORTGAGE,5000.0,HOMEIMPROVEMENT,11.58,0.06,3,659,Yes,0
30,female,Bachelor,65952.0,3,RENT,6300.0,EDUCATION,10.0,0.1,7,591,Yes,0
34,male,Master,87309.0,10,RENT,20000.0,VENTURE,11.19,0.23,7,689,No,0
26,male,High School,74571.0,4,RENT,7150.0,HOMEIMPROVEMENT,6.99,0.1,2,547,Yes,0
23,male,High School,73230.0,0,MORTGAGE,12000.0,PERSONAL,10.65,0.16,2,702,No,0
34,female,Bachelor,180924.0,10,MORTGAGE,6000.0,DEBTCONSOLIDATION,6.24,0.03,10,703,No,0
34,female,Bachelor,68448.0,11,OWN,12100.0,MEDICAL,5.79,0.18,9,723,Yes,0
25,female,Bachelor,193127.0,3,MORTGAGE,15016.0,PERSONAL,11.39,0.08,4,640,Yes,0
31,female,Bachelor,94404.0,5,MORTGAGE,16250.0,VENTURE,10.99,0.17,9,690,No,0
28,female,High School,80906.0,5,RENT,16000.0,VENTURE,12.18,0.2,6,642,Yes,0
25,male,Bachelor,29563.0,1,RENT,1000.0,MEDICAL,11.49,0.03,2,682,Yes,0
24,male,Bachelor,53787.0,3,RENT,10329.0,EDUCATION,13.27,0.19,4,582,Yes,0
24,female,High School,79182.0,3,MORTGAGE,12000.0,VENTURE,12.69,0.15,4,591,Yes,0
29,male,Bachelor,89996.0,9,OWN,8725.0,MEDICAL,5.99,0.1,7,607,No,0
24,female,Master,151660.0,0,MORTGAGE,9000.0,EDUCATION,10.39,0.06,5,680,Yes,0
27,female,Master,43062.0,5,RENT,12840.0,MEDICAL,10.53,0.3,5,639,No,1
36,female,High School,81171.0,15,RENT,10000.0,PERSONAL,16.0,0.12,14,619,No,0
23,female,Bachelor,53862.0,1,RENT,13000.0,MEDICAL,8.9,0.24,4,654,Yes,0
24,male,Bachelor,26765.0,0,RENT,10000.0,MEDICAL,9.91,0.37,3,628,No,1
33,male,Bachelor,116305.0,10,MORTGAGE,14078.0,PERSONAL,7.57,0.12,9,644,Yes,0
31,female,Associate,44485.0,4,RENT,8000.0,PERSONAL,8.83,0.18,8,668,Yes,0
29,male,Bachelor,87229.0,7,MORTGAGE,24000.0,MEDICAL,7.88,0.28,9,684,Yes,0
27,male,Master,205622.0,1,MORTGAGE,15000.0,DEBTCONSOLIDATION,11.83,0.07,10,679,No,1
22,male,High School,37220.0,0,MORTGAGE,6600.0,PERSONAL,14.42,0.18,4,645,Yes,0
70,male,Bachelor,53308.0,50,MORTGAGE,7000.0,PERSONAL,11.66,0.13,24,651,Yes,0
31,male,Associate,47135.0,9,RENT,3557.0,DEBTCONSOLIDATION,13.34,0.08,9,672,Yes,0
23,male,High School,200592.0,3,MORTGAGE,10000.0,VENTURE,11.01,0.05,4,661,No,0
27,female,High School,150041.0,5,MORTGAGE,24250.0,DEBTCONSOLIDATION,11.01,0.16,7,604,Yes,0
23,female,Master,43968.0,0,RENT,9000.0,DEBTCONSOLIDATION,11.11,0.2,4,687,Yes,0
23,male,Associate,62593.0,2,RENT,3000.0,MEDICAL,11.54,0.05,2,615,No,0
23,female,Bachelor,66611.0,0,RENT,6000.0,VENTURE,9.91,0.09,3,647,Yes,0
25,male,Associate,78979.0,2,OWN,8700.0,VENTURE,7.88,0.11,3,682,Yes,0
25,female,Bachelor,87645.0,0,RENT,7407.0,EDUCATION,15.02,0.08,4,676,No,0
35,female,High School,44108.0,12,RENT,7000.0,MEDICAL,6.91,0.16,8,678,Yes,0
26,male,Master,47106.0,5,MORTGAGE,6000.0,DEBTCONSOLIDATION,7.51,0.13,3,582,Yes,0
27,female,Bachelor,69459.0,6,RENT,25475.0,HOMEIMPROVEMENT,15.99,0.37,7,577,No,1
42,male,Bachelor,84622.0,22,MORTGAGE,2825.0,MEDICAL,9.64,0.03,17,687,Yes,0
26,male,Master,64699.0,4,MORTGAGE,8000.0,DEBTCONSOLIDATION,7.88,0.12,2,621,No,0
27,male,Bachelor,145854.0,4,MORTGAGE,5364.0,EDUCATION,5.82,0.04,6,599,Yes,0
27,female,Bachelor,66887.0,0,MORTGAGE,11000.0,PERSONAL,7.49,0.16,10,601,No,0
22,male,Bachelor,31907.0,0,RENT,9000.0,DEBTCONSOLIDATION,12.73,0.28,4,520,No,1
24,male,Bachelor,106440.0,4,MORTGAGE,25000.0,HOMEIMPROVEMENT,10.25,0.23,4,618,Yes,0
24,male,High School,79193.0,1,MORTGAGE,5500.0,HOMEIMPROVEMENT,5.79,0.07,3,609,Yes,0
24,male,High School,103670.0,1,MORTGAGE,20675.0,EDUCATION,10.0,0.2,2,656,Yes,0
29,female,High School,60859.0,1,RENT,6000.0,PERSONAL,15.41,0.1,9,679,No,0
23,female,High School,44010.0,0,RENT,1000.0,EDUCATION,10.99,0.02,2,577,No,0
26,male,Bachelor,25530.0,7,RENT,4774.0,DEBTCONSOLIDATION,12.06,0.19,5,697,Yes,0
41,male,High School,123439.0,17,OWN,7000.0,EDUCATION,6.92,0.06,12,643,No,0
28,male,Doctorate,51461.0,6,RENT,5000.0,MEDICAL,10.36,0.1,5,636,Yes,0
24,female,High School,72961.0,0,MORTGAGE,1500.0,HOMEIMPROVEMENT,12.42,0.02,2,579,Yes,0
29,female,Bachelor,170578.0,6,MORTGAGE,8000.0,VENTURE,6.99,0.05,9,595,No,0
22,female,High School,89855.0,0,RENT,8500.0,VENTURE,11.71,0.09,4,651,Yes,0
34,male,Bachelor,39226.0,9,MORTGAGE,2275.0,HOMEIMPROVEMENT,6.17,0.06,10,603,Yes,0
23,female,Bachelor,43074.0,2,OWN,5500.0,VENTURE,5.42,0.13,2,682,No,0
27,female,Bachelor,84739.0,5,MORTGAGE,15000.0,DEBTCONSOLIDATION,7.18,0.18,8,577,Yes,0
30,male,Associate,144441.0,6,MORTGAGE,9000.0,MEDICAL,11.11,0.06,10,525,Yes,0
23,female,Bachelor,90995.0,0,RENT,13200.0,VENTURE,6.17,0.15,4,677,No,0
31,female,High School,55123.0,12,MORTGAGE,15000.0,HOMEIMPROVEMENT,13.06,0.27,5,520,Yes,0
29,female,Associate,151012.0,1,RENT,10000.0,VENTURE,10.69,0.07,6,677,No,0
29,female,Associate,72774.0,8,RENT,8000.0,DEBTCONSOLIDATION,12.42,0.11,7,678,Yes,0
23,male,High School,36831.0,3,RENT,5000.0,DEBTCONSOLIDATION,11.86,0.14,4,611,Yes,0
24,male,Associate,178352.0,2,RENT,14000.0,HOMEIMPROVEMENT,5.42,0.08,2,676,Yes,0
23,female,Bachelor,42998.0,3,RENT,1500.0,EDUCATION,8.91,0.03,3,644,No,0
22,male,High School,73789.0,0,MORTGAGE,18000.0,MEDICAL,13.72,0.24,3,653,Yes,0
26,female,Bachelor,86143.0,3,MORTGAGE,6000.0,HOMEIMPROVEMENT,15.62,0.07,3,703,Yes,0
36,female,High School,99685.0,10,RENT,18000.0,HOMEIMPROVEMENT,13.22,0.18,17,533,Yes,0
29,male,Associate,97048.0,11,MORTGAGE,5000.0,HOMEIMPROVEMENT,15.21,0.05,6,677,No,0
43,female,High School,43140.0,22,RENT,6400.0,PERSONAL,8.9,0.15,14,650,No,0
30,female,Associate,24250.0,6,RENT,2000.0,VENTURE,12.26,0.08,6,496,Yes,0
24,male,Bachelor,55994.0,0,RENT,11000.0,DEBTCONSOLIDATION,10.74,0.2,3,577,Yes,0
22,male,Associate,107919.0,0,MORTGAGE,16000.0,PERSONAL,13.22,0.15,4,562,Yes,0
44,male,High School,97255.0,23,MORTGAGE,5500.0,DEBTCONSOLIDATION,13.92,0.06,13,688,Yes,0
23,male,High School,44370.0,5,RENT,6500.0,DEBTCONSOLIDATION,17.49,0.15,2,676,No,1
21,female,Bachelor,72666.0,0,RENT,5000.0,PERSONAL,11.36,0.07,3,639,No,0
27,female,Associate,144175.0,5,MORTGAGE,8800.0,MEDICAL,11.01,0.06,7,663,No,0
28,male,Bachelor,57678.0,5,OWN,13000.0,DEBTCONSOLIDATION,14.54,0.23,9,671,No,0
23,female,Bachelor,50166.0,0,RENT,4200.0,EDUCATION,14.54,0.08,3,622,Yes,0
22,male,High School,24484.0,2,RENT,2000.0,DEBTCONSOLIDATION,7.49,0.08,2,696,No,0
34,female,Bachelor,32642.0,11,MORTGAGE,3600.0,MEDICAL,9.88,0.11,9,699,No,0
22,female,Master,75890.0,1,RENT,10000.0,EDUCATION,10.99,0.13,2,670,No,0
45,male,High School,68463.0,26,MORTGAGE,7000.0,DEBTCONSOLIDATION,16.29,0.1,12,565,No,1
25,female,Bachelor,73166.0,1,RENT,12000.0,VENTURE,5.42,0.16,3,570,No,0
26,male,High School,45905.0,6,RENT,10000.0,DEBTCONSOLIDATION,8.94,0.22,3,679,Yes,0
23,male,Associate,98132.0,2,RENT,3500.0,EDUCATION,10.75,0.04,3,545,Yes,0
23,male,Bachelor,87279.0,0,OWN,15000.0,PERSONAL,6.99,0.17,2,622,No,0
22,male,High School,73126.0,0,MORTGAGE,10000.0,VENTURE,8.0,0.14,4,623,No,0
29,female,Bachelor,111694.0,6,MORTGAGE,25000.0,EDUCATION,19.42,0.22,8,611,No,0
28,female,Master,113750.0,3,RENT,9854.0,PERSONAL,13.8,0.09,5,612,No,0
21,male,Bachelor,49207.0,0,MORTGAGE,5000.0,PERSONAL,6.62,0.1,2,537,No,0
22,female,High School,38216.0,0,RENT,1600.0,MEDICAL,9.32,0.04,3,627,Yes,0
28,female,Bachelor,139273.0,9,MORTGAGE,4405.0,PERSONAL,11.41,0.03,7,677,Yes,0
24,male,High School,86141.0,1,RENT,11200.0,VENTURE,11.36,0.13,3,600,No,0
27,male,Bachelor,48129.0,5,RENT,7000.0,PERSONAL,13.79,0.15,7,541,No,1
27,female,Bachelor,55338.0,9,MORTGAGE,5000.0,MEDICAL,6.03,0.09,9,669,Yes,0
25,female,High School,56174.0,2,RENT,9000.0,DEBTCONSOLIDATION,6.41,0.16,3,669,Yes,0
27,male,High School,111885.0,4,MORTGAGE,17500.0,HOMEIMPROVEMENT,11.01,0.16,8,545,Yes,0
38,male,Associate,81341.0,17,RENT,13000.0,HOMEIMPROVEMENT,11.01,0.16,17,594,Yes,0
29,female,High School,29442.0,9,RENT,1000.0,MEDICAL,9.99,0.03,7,614,Yes,0
34,male,High School,88693.0,13,MORTGAGE,20675.0,HOMEIMPROVEMENT,11.01,0.23,7,638,No,0
32,female,High School,87571.0,10,RENT,6000.0,VENTURE,8.49,0.07,10,652,No,0
34,male,Master,58561.0,10,MORTGAGE,5000.0,DEBTCONSOLIDATION,11.3,0.09,10,607,No,0
36,female,Associate,157138.0,11,RENT,14000.0,DEBTCONSOLIDATION,10.37,0.09,14,677,Yes,0
39,female,High School,78884.0,18,RENT,20000.0,VENTURE,10.74,0.25,17,627,No,1
27,male,Bachelor,72970.0,4,RENT,1800.0,DEBTCONSOLIDATION,11.46,0.02,8,573,No,0
62,male,Master,21156.0,40,RENT,2500.0,VENTURE,6.91,0.12,24,704,No,0
25,female,Associate,75526.0,7,RENT,25000.0,EDUCATION,12.73,0.33,4,603,No,1
28,male,Bachelor,49136.0,3,MORTGAGE,10000.0,DEBTCONSOLIDATION,11.26,0.2,6,619,Yes,0
25,female,Associate,41621.0,1,MORTGAGE,10000.0,EDUCATION,11.26,0.24,3,685,No,0
30,female,Bachelor,66857.0,6,MORTGAGE,12000.0,DEBTCONSOLIDATION,7.49,0.18,6,620,Yes,0
31,male,Bachelor,144804.0,8,MORTGAGE,9000.0,VENTURE,8.94,0.06,6,618,Yes,0
26,female,High School,46807.0,4,MORTGAGE,18000.0,DEBTCONSOLIDATION,9.63,0.38,3,670,No,0
28,male,Associate,34642.0,7,RENT,5500.0,PERSONAL,12.22,0.16,5,561,Yes,0
32,male,Associate,22734.0,6,OWN,4750.0,VENTURE,7.88,0.21,6,664,No,1
23,male,Master,210874.0,1,MORTGAGE,35000.0,EDUCATION,11.01,0.17,3,632,No,0
22,male,Bachelor,83435.0,0,MORTGAGE,20000.0,EDUCATION,6.91,0.24,3,628,Yes,0
26,male,Bachelor,121009.0,4,RENT,14500.0,PERSONAL,8.94,0.12,3,635,Yes,0
25,male,Associate,77723.0,3,RENT,8000.0,DEBTCONSOLIDATION,15.28,0.1,4,608,No,1
26,male,Bachelor,48811.0,3,RENT,15000.0,MEDICAL,10.99,0.31,3,566,No,1
22,female,Associate,85207.0,1,MORTGAGE,4500.0,DEBTCONSOLIDATION,5.42,0.05,2,616,Yes,0
22,male,High School,84846.0,0,MORTGAGE,9750.0,EDUCATION,14.65,0.11,2,640,No,0
27,male,Bachelor,68543.0,3,RENT,3000.0,EDUCATION,11.83,0.04,9,644,No,0
27,male,Master,94255.0,2,RENT,2400.0,MEDICAL,11.01,0.03,5,667,Yes,0
23,male,Bachelor,75702.0,1,RENT,10000.0,EDUCATION,13.49,0.13,4,671,Yes,0
26,female,Master,91993.0,3,OWN,8000.0,VENTURE,11.83,0.09,3,574,Yes,0
31,male,Doctorate,58010.0,8,RENT,12000.0,MEDICAL,11.99,0.21,6,665,No,0
23,female,Associate,80025.0,0,MORTGAGE,8750.0,EDUCATION,9.99,0.11,2,564,Yes,0
30,male,Doctorate,28597.0,5,RENT,6500.0,PERSONAL,14.72,0.23,10,726,No,0
29,female,Associate,242210.0,6,MORTGAGE,18000.0,VENTURE,11.83,0.07,10,665,Yes,0
50,male,Bachelor,55772.0,26,MORTGAGE,5000.0,PERSONAL,7.9,0.09,16,687,No,0
33,female,Associate,99258.0,10,RENT,5000.0,VENTURE,7.51,0.05,8,594,Yes,0
29,male,Associate,58546.0,7,MORTGAGE,20000.0,PERSONAL,11.01,0.34,9,648,Yes,0
22,female,High School,34720.0,3,MORTGAGE,10647.0,EDUCATION,10.93,0.31,3,574,Yes,0
23,male,Master,157134.0,3,RENT,8400.0,MEDICAL,11.01,0.05,4,612,Yes,0
25,male,Bachelor,59628.0,5,OTHER,19500.0,PERSONAL,15.57,0.33,3,687,No,1
25,male,High School,54741.0,0,RENT,12500.0,MEDICAL,10.37,0.23,3,631,Yes,0
43,male,High School,51801.0,20,MORTGAGE,7480.0,EDUCATION,13.09,0.14,15,635,No,0
26,male,Master,80117.0,6,MORTGAGE,4000.0,PERSONAL,11.99,0.05,2,724,Yes,0
21,male,High School,39155.0,0,OWN,4500.0,PERSONAL,16.0,0.11,4,684,Yes,0
27,male,Master,168967.0,2,MORTGAGE,14000.0,EDUCATION,11.01,0.08,5,693,No,0
31,female,Bachelor,81934.0,11,RENT,15000.0,EDUCATION,11.89,0.18,8,598,No,0
23,female,High School,130781.0,0,MORTGAGE,14400.0,DEBTCONSOLIDATION,14.27,0.11,2,543,Yes,0
22,female,Master,55043.0,0,RENT,4000.0,EDUCATION,12.96,0.07,3,544,No,0
28,male,Associate,36910.0,7,RENT,3825.0,EDUCATION,14.27,0.1,8,634,Yes,0
24,female,High School,78829.0,4,MORTGAGE,10000.0,MEDICAL,8.59,0.13,3,578,Yes,0
23,female,High School,31269.0,0,RENT,5000.0,EDUCATION,10.62,0.16,3,619,Yes,0
24,male,Bachelor,58417.0,4,MORTGAGE,4800.0,DEBTCONSOLIDATION,9.99,0.08,2,611,Yes,0
31,female,Bachelor,117962.0,6,MORTGAGE,6000.0,MEDICAL,7.51,0.05,9,732,Yes,0
23,male,Associate,83922.0,2,RENT,6000.0,MEDICAL,7.88,0.07,2,624,Yes,0
34,male,Doctorate,67057.0,14,MORTGAGE,7000.0,EDUCATION,13.49,0.1,7,743,No,0
24,female,Master,60634.0,3,RENT,16000.0,VENTURE,10.62,0.26,2,656,No,1
21,male,High School,55000.0,3,RENT,9000.0,MEDICAL,8.49,0.16,3,659,Yes,0
25,male,High School,114486.0,4,MORTGAGE,35000.0,EDUCATION,8.61,0.31,4,628,No,0
26,male,Master,46175.0,7,MORTGAGE,6300.0,HOMEIMPROVEMENT,11.01,0.14,4,657,Yes,0
24,female,Bachelor,46702.0,6,OWN,3000.0,EDUCATION,13.35,0.06,2,625,Yes,0
22,female,High School,22427.0,0,RENT,1500.0,HOMEIMPROVEMENT,12.16,0.07,4,671,No,1
34,male,Bachelor,91278.0,13,RENT,10000.0,PERSONAL,10.0,0.11,8,693,Yes,0
35,female,Bachelor,121071.0,11,MORTGAGE,10000.0,PERSONAL,6.62,0.08,8,625,No,0
28,male,Doctorate,43937.0,5,MORTGAGE,1925.0,MEDICAL,15.23,0.04,8,657,Yes,0
23,male,High School,60593.0,1,RENT,12000.0,EDUCATION,10.59,0.2,3,643,Yes,0
23,male,Associate,53888.0,4,RENT,8000.0,EDUCATION,13.49,0.15,2,637,No,1
25,female,High School,51114.0,7,RENT,10000.0,EDUCATION,12.99,0.2,2,629,No,0
31,male,High School,109093.0,5,MORTGAGE,18000.0,HOMEIMPROVEMENT,11.11,0.16,10,675,Yes,0
22,male,High School,99229.0,0,MORTGAGE,10750.0,EDUCATION,9.25,0.11,3,623,Yes,0
24,male,High School,75830.0,5,OWN,6500.0,HOMEIMPROVEMENT,13.22,0.09,3,691,No,0
45,male,Associate,96916.0,21,RENT,35000.0,PERSONAL,11.08,0.36,14,650,No,1
29,female,Doctorate,116341.0,4,MORTGAGE,2602.0,EDUCATION,12.69,0.02,10,650,No,0
24,male,Associate,132412.0,4,MORTGAGE,3500.0,EDUCATION,10.75,0.03,3,661,Yes,0
23,male,High School,156880.0,3,MORTGAGE,6000.0,DEBTCONSOLIDATION,5.79,0.04,3,671,Yes,0
28,male,High School,50245.0,3,RENT,3000.0,VENTURE,11.11,0.06,6,581,Yes,0
27,female,High School,77573.0,5,RENT,5000.0,VENTURE,12.99,0.06,8,582,Yes,0
24,male,High School,48917.0,3,RENT,3600.0,MEDICAL,12.05,0.07,4,619,Yes,0
24,male,Associate,116171.0,1,MORTGAGE,4200.0,VENTURE,5.99,0.04,3,512,Yes,0
26,female,Master,26094.0,4,RENT,4800.0,VENTURE,7.75,0.18,4,655,No,0
22,male,Master,39359.0,3,RENT,6000.0,VENTURE,11.01,0.15,3,570,No,0
25,female,Master,63231.0,0,MORTGAGE,14747.0,HOMEIMPROVEMENT,10.33,0.23,4,637,Yes,0
22,male,Bachelor,52538.0,0,RENT,8000.0,EDUCATION,5.99,0.15,3,604,Yes,0
32,male,Bachelor,88430.0,13,MORTGAGE,20492.0,HOMEIMPROVEMENT,11.61,0.23,8,641,Yes,0
43,male,Associate,78916.0,19,MORTGAGE,7200.0,VENTURE,16.29,0.09,17,662,No,0
27,female,Doctorate,241287.0,5,MORTGAGE,7000.0,PERSONAL,6.03,0.03,10,706,No,0
34,male,Associate,81404.0,14,MORTGAGE,7000.0,EDUCATION,7.51,0.09,9,678,No,0
27,female,High School,145138.0,5,RENT,7200.0,DEBTCONSOLIDATION,7.29,0.05,10,605,No,0
24,male,Associate,55063.0,3,MORTGAGE,9200.0,EDUCATION,11.89,0.17,3,597,Yes,0
44,female,Associate,45393.0,21,RENT,3500.0,EDUCATION,12.87,0.08,13,666,Yes,0
31,female,Associate,48241.0,8,RENT,2500.0,MEDICAL,15.27,0.05,8,696,Yes,0
21,female,Associate,71914.0,0,MORTGAGE,3000.0,MEDICAL,7.51,0.04,4,620,Yes,0
22,male,Associate,49224.0,3,RENT,7500.0,PERSONAL,11.86,0.15,3,650,No,0
30,male,Associate,56132.0,4,RENT,5000.0,MEDICAL,11.01,0.09,9,603,Yes,0
24,female,High School,43742.0,4,MORTGAGE,10000.0,DEBTCONSOLIDATION,13.49,0.23,3,596,Yes,0
24,female,High School,103549.0,0,MORTGAGE,12000.0,HOMEIMPROVEMENT,11.49,0.12,4,592,Yes,0
31,female,Master,36801.0,8,RENT,2200.0,MEDICAL,7.49,0.06,10,651,Yes,0
22,male,High School,51146.0,1,RENT,10000.0,DEBTCONSOLIDATION,6.17,0.2,3,614,Yes,0
25,male,Bachelor,34898.0,5,RENT,7000.0,DEBTCONSOLIDATION,10.0,0.2,3,634,Yes,0
25,male,Associate,49160.0,1,RENT,4000.0,EDUCATION,8.03,0.08,4,532,Yes,0
28,male,Associate,102482.0,6,MORTGAGE,9600.0,HOMEIMPROVEMENT,15.27,0.09,5,649,Yes,0
30,female,High School,54924.0,5,RENT,6000.0,EDUCATION,7.51,0.11,5,648,No,0
37,male,Master,62237.0,12,RENT,10000.0,PERSONAL,12.69,0.16,15,589,Yes,0
26,female,Bachelor,75677.0,3,RENT,12000.0,MEDICAL,12.23,0.16,4,618,No,0
25,male,High School,69803.0,5,RENT,10400.0,PERSONAL,11.66,0.15,4,522,Yes,0
22,male,Associate,46466.0,0,MORTGAGE,4000.0,MEDICAL,6.76,0.09,2,643,Yes,0
23,male,Master,53884.0,2,RENT,9500.0,EDUCATION,11.26,0.18,2,667,Yes,0
29,male,Bachelor,55820.0,5,MORTGAGE,2000.0,PERSONAL,7.88,0.04,10,681,Yes,0
26,male,Bachelor,119453.0,5,MORTGAGE,9600.0,HOMEIMPROVEMENT,13.06,0.08,3,668,Yes,0
26,male,Bachelor,71507.0,4,MORTGAGE,5000.0,MEDICAL,8.59,0.07,3,613,No,0
32,female,Associate,34492.0,11,MORTGAGE,5987.0,MEDICAL,15.17,0.17,9,670,No,1
22,male,Master,78958.0,0,RENT,3000.0,EDUCATION,6.99,0.04,4,701,No,0
23,male,Master,67032.0,2,RENT,10000.0,EDUCATION,10.37,0.15,4,600,Yes,0
22,male,High School,64968.0,0,MORTGAGE,4000.0,DEBTCONSOLIDATION,10.39,0.06,2,567,Yes,0
22,male,Master,54577.0,0,RENT,8000.0,DEBTCONSOLIDATION,12.04,0.15,2,709,Yes,0
26,female,High School,54878.0,5,RENT,3575.0,MEDICAL,11.01,0.07,2,704,No,0
30,male,Associate,132936.0,6,OWN,12000.0,VENTURE,13.57,0.09,7,653,Yes,0
35,female,High School,90882.0,15,MORTGAGE,5000.0,PERSONAL,8.7,0.06,9,491,Yes,0
21,male,High School,54978.0,0,RENT,7000.0,EDUCATION,7.51,0.13,4,598,Yes,0
32,female,Bachelor,114736.0,9,MORTGAGE,4800.0,VENTURE,10.99,0.04,8,663,No,0
35,male,Master,30867.0,13,RENT,6200.0,DEBTCONSOLIDATION,11.01,0.2,5,656,No,0
26,female,Master,78655.0,3,RENT,12000.0,DEBTCONSOLIDATION,10.99,0.15,4,652,No,0
22,female,Associate,76495.0,0,RENT,6000.0,PERSONAL,11.49,0.08,2,583,Yes,0
30,female,Bachelor,80420.0,6,MORTGAGE,8000.0,DEBTCONSOLIDATION,7.88,0.1,9,641,Yes,0
22,female,Master,64082.0,0,MORTGAGE,8000.0,DEBTCONSOLIDATION,15.23,0.12,3,589,No,0
29,male,Bachelor,111182.0,5,RENT,20000.0,DEBTCONSOLIDATION,13.72,0.18,10,673,No,0
24,male,Bachelor,109039.0,0,MORTGAGE,1700.0,VENTURE,10.75,0.02,3,665,No,0
23,male,High School,36108.0,1,OWN,6400.0,EDUCATION,8.94,0.18,4,625,Yes,0
32,male,Bachelor,124856.0,9,RENT,24083.0,EDUCATION,11.39,0.19,10,573,Yes,0
30,male,Bachelor,179061.0,10,RENT,10000.0,PERSONAL,13.55,0.06,9,649,Yes,0
24,male,Bachelor,78715.0,2,RENT,3556.0,EDUCATION,8.89,0.05,4,625,No,0
32,male,Master,112436.0,8,MORTGAGE,15000.0,DEBTCONSOLIDATION,12.99,0.13,10,622,Yes,0
22,female,Associate,73031.0,0,RENT,15000.0,EDUCATION,11.71,0.21,3,675,No,0
31,male,Bachelor,30177.0,10,RENT,2000.0,EDUCATION,13.61,0.07,5,543,Yes,0
25,male,Associate,61169.0,4,RENT,12000.0,PERSONAL,16.77,0.2,3,668,Yes,0
32,female,Bachelor,89797.0,13,MORTGAGE,1200.0,HOMEIMPROVEMENT,7.49,0.01,9,675,Yes,0
23,male,Bachelor,53620.0,3,RENT,7500.0,VENTURE,16.0,0.14,4,645,No,1
22,male,Bachelor,102475.0,1,RENT,3133.0,EDUCATION,9.32,0.03,4,550,Yes,0
28,male,Bachelor,124867.0,5,RENT,8000.0,EDUCATION,14.61,0.06,10,643,No,1
24,male,Bachelor,58335.0,0,MORTGAGE,12000.0,DEBTCONSOLIDATION,9.69,0.21,3,642,Yes,0
23,female,Bachelor,90750.0,2,MORTGAGE,8400.0,MEDICAL,14.65,0.09,4,580,No,1
23,female,High School,90893.0,0,RENT,10000.0,PERSONAL,13.47,0.11,4,591,Yes,0
38,male,Master,92062.0,15,MORTGAGE,9000.0,PERSONAL,5.99,0.1,12,727,No,0
39,male,High School,41779.0,15,RENT,5000.0,PERSONAL,8.49,0.12,15,668,No,1
26,female,Master,43826.0,2,RENT,10000.0,VENTURE,11.01,0.23,3,630,Yes,0
35,male,High School,84956.0,14,RENT,2000.0,EDUCATION,13.72,0.02,7,575,Yes,0
22,female,Bachelor,49384.0,0,RENT,8000.0,EDUCATION,12.99,0.16,2,674,No,0
29,female,Bachelor,61376.0,4,MORTGAGE,5000.0,MEDICAL,11.01,0.08,6,594,Yes,0
21,female,Master,56922.0,0,MORTGAGE,1300.0,EDUCATION,14.96,0.02,2,666,Yes,0
24,female,Associate,72833.0,2,RENT,7000.0,VENTURE,7.88,0.1,3,550,No,0
24,female,Bachelor,46603.0,3,RENT,6000.0,PERSONAL,7.35,0.13,5,692,No,0
23,male,Bachelor,71633.0,0,RENT,14400.0,DEBTCONSOLIDATION,11.01,0.2,4,629,Yes,0
26,female,Associate,33103.0,1,RENT,3991.0,HOMEIMPROVEMENT,13.44,0.12,4,699,No,1
23,male,High School,81240.0,0,MORTGAGE,7000.0,DEBTCONSOLIDATION,7.88,0.09,4,663,Yes,0
22,female,Bachelor,51036.0,1,RENT,5000.0,MEDICAL,9.13,0.1,3,669,No,0
25,male,Associate,60295.0,0,RENT,8000.0,EDUCATION,8.0,0.13,3,527,Yes,0
23,female,Bachelor,79091.0,0,RENT,8500.0,DEBTCONSOLIDATION,13.35,0.11,2,623,Yes,0
23,female,High School,61054.0,0,MORTGAGE,13357.0,DEBTCONSOLIDATION,14.65,0.22,3,603,No,1
30,female,High School,116245.0,4,RENT,14400.0,PERSONAL,11.01,0.12,8,627,Yes,0
42,female,Bachelor,91296.0,16,RENT,14000.0,HOMEIMPROVEMENT,6.03,0.15,14,691,Yes,0
24,female,Bachelor,104725.0,0,MORTGAGE,12200.0,DEBTCONSOLIDATION,7.29,0.12,2,665,No,0
27,female,High School,82337.0,1,MORTGAGE,1000.0,DEBTCONSOLIDATION,7.4,0.01,7,611,No,0
22,male,Bachelor,58108.0,2,MORTGAGE,20000.0,VENTURE,11.83,0.34,3,621,No,0
25,female,Master,75210.0,0,OWN,4000.0,VENTURE,7.75,0.05,4,662,No,0
24,male,High School,114976.0,6,RENT,2400.0,PERSONAL,5.99,0.02,3,595,Yes,0
20,female,High School,51391.0,0,RENT,6500.0,VENTURE,11.71,0.13,2,630,No,0
27,male,Bachelor,97213.0,0,MORTGAGE,15000.0,EDUCATION,15.58,0.15,3,577,Yes,0
35,male,Associate,64466.0,12,RENT,4200.0,HOMEIMPROVEMENT,11.71,0.07,6,673,No,0
23,male,Bachelor,70072.0,0,MORTGAGE,10000.0,DEBTCONSOLIDATION,6.03,0.14,4,645,No,0
26,male,Associate,44495.0,3,RENT,6400.0,MEDICAL,5.99,0.14,3,644,Yes,0
28,male,Master,87251.0,4,MORTGAGE,18000.0,PERSONAL,11.88,0.21,8,617,No,0
29,male,Bachelor,74089.0,5,MORTGAGE,9000.0,PERSONAL,7.88,0.12,7,651,No,0
23,male,Associate,58235.0,0,RENT,4800.0,MEDICAL,5.42,0.08,3,681,Yes,0
23,female,Bachelor,121147.0,0,MORTGAGE,15000.0,MEDICAL,13.49,0.12,4,523,Yes,0
24,female,Bachelor,220872.0,1,MORTGAGE,20000.0,MEDICAL,11.49,0.09,3,504,Yes,0
23,male,High School,115079.0,2,RENT,12000.0,PERSONAL,6.64,0.1,3,654,Yes,0
31,female,Bachelor,32015.0,9,MORTGAGE,2400.0,HOMEIMPROVEMENT,14.27,0.07,9,714,No,0
26,male,Master,132741.0,1,RENT,12000.0,HOMEIMPROVEMENT,7.88,0.09,2,636,No,0
23,female,Bachelor,63018.0,1,OWN,10000.0,PERSONAL,11.14,0.16,2,663,No,0
24,female,High School,82983.0,3,MORTGAGE,4000.0,EDUCATION,6.39,0.05,3,694,No,0
26,male,Master,83128.0,3,MORTGAGE,10500.0,PERSONAL,6.91,0.13,3,661,Yes,0
24,male,High School,56129.0,0,RENT,4800.0,PERSONAL,8.9,0.09,2,537,Yes,0
32,male,High School,46660.0,10,RENT,1000.0,EDUCATION,12.47,0.02,7,577,Yes,0
25,male,Bachelor,97251.0,2,RENT,23000.0,VENTURE,11.01,0.24,2,683,Yes,0
29,male,Associate,128279.0,4,MORTGAGE,8770.0,VENTURE,8.9,0.07,4,651,Yes,0
27,male,High School,36681.0,1,RENT,2400.0,HOMEIMPROVEMENT,16.08,0.07,9,623,No,1
31,female,Associate,72960.0,9,OWN,24250.0,VENTURE,12.18,0.33,5,567,No,0
27,male,Bachelor,22315.0,4,RENT,2500.0,PERSONAL,14.74,0.11,8,664,No,1
22,male,High School,97116.0,0,MORTGAGE,9500.0,MEDICAL,11.71,0.1,2,654,No,0
28,male,Associate,53110.0,8,OWN,12250.0,PERSONAL,9.99,0.23,6,606,Yes,0
31,female,Master,55294.0,11,RENT,10000.0,EDUCATION,10.65,0.18,5,589,No,0
23,female,High School,101987.0,2,MORTGAGE,25000.0,VENTURE,10.48,0.25,2,559,No,0
25,male,Bachelor,127155.0,2,MORTGAGE,9600.0,DEBTCONSOLIDATION,11.71,0.08,3,615,Yes,0
28,male,Associate,43636.0,5,MORTGAGE,9000.0,EDUCATION,9.74,0.21,6,637,No,0
22,female,Bachelor,61014.0,0,RENT,18400.0,DEBTCONSOLIDATION,9.99,0.3,2,649,No,1
24,female,High School,58517.0,0,MORTGAGE,5500.0,EDUCATION,11.36,0.09,3,560,Yes,0
28,female,Master,725550.0,4,MORTGAGE,25000.0,PERSONAL,9.01,0.03,9,604,No,1
29,male,Bachelor,94687.0,2,RENT,20000.0,HOMEIMPROVEMENT,11.24,0.21,5,677,Yes,0
23,female,High School,73087.0,2,MORTGAGE,10000.0,VENTURE,5.42,0.14,4,626,No,0
30,male,Associate,84835.0,6,RENT,7200.0,HOMEIMPROVEMENT,11.12,0.08,6,674,Yes,0
28,female,Master,55059.0,6,RENT,9000.0,DEBTCONSOLIDATION,14.65,0.16,10,627,Yes,0
22,female,Master,34232.0,0,RENT,6000.0,EDUCATION,12.98,0.18,2,706,No,0
22,female,Associate,40760.0,0,OWN,16500.0,EDUCATION,8.9,0.4,4,586,Yes,0
29,male,Bachelor,90995.0,6,MORTGAGE,9000.0,PERSONAL,11.01,0.1,6,666,Yes,0
21,male,High School,61182.0,0,RENT,7000.0,MEDICAL,15.27,0.11,4,617,Yes,0
23,male,High School,72969.0,0,MORTGAGE,7000.0,EDUCATION,12.99,0.1,2,630,Yes,0
29,female,Bachelor,34510.0,4,RENT,5000.0,MEDICAL,16.07,0.14,8,606,No,1
27,male,Bachelor,72951.0,2,MORTGAGE,3410.0,EDUCATION,10.91,0.05,7,693,Yes,0
32,male,Associate,80824.0,11,MORTGAGE,10000.0,MEDICAL,10.25,0.12,9,652,No,0
33,female,Associate,87624.0,11,MORTGAGE,1709.0,HOMEIMPROVEMENT,11.93,0.02,13,600,Yes,0
26,female,Bachelor,68462.0,6,MORTGAGE,15000.0,MEDICAL,15.23,0.22,6,653,No,1
27,male,Bachelor,121150.0,2,MORTGAGE,12902.0,EDUCATION,7.22,0.11,7,639,No,0
34,female,Master,109104.0,16,MORTGAGE,9900.0,DEBTCONSOLIDATION,5.99,0.09,5,709,No,0
49,female,Master,154384.0,28,MORTGAGE,7671.0,EDUCATION,16.81,0.05,12,695,No,1
27,male,High School,109334.0,4,MORTGAGE,24400.0,MEDICAL,8.9,0.22,10,658,No,0
28,male,Bachelor,54909.0,8,RENT,2788.0,PERSONAL,11.01,0.05,8,593,Yes,0
30,male,Associate,73153.0,6,RENT,1948.0,PERSONAL,12.52,0.03,8,615,No,0
31,female,Master,128094.0,5,MORTGAGE,6000.0,MEDICAL,10.99,0.05,7,665,Yes,0
24,female,Bachelor,36940.0,2,RENT,3000.0,MEDICAL,6.03,0.08,4,580,Yes,0
23,male,Bachelor,35859.0,0,RENT,10000.0,EDUCATION,10.27,0.28,4,557,No,1
27,male,High School,384783.0,5,MORTGAGE,28000.0,DEBTCONSOLIDATION,7.9,0.07,9,623,Yes,0
30,male,Bachelor,80170.0,7,MORTGAGE,3072.0,DEBTCONSOLIDATION,15.02,0.04,8,678,No,1
23,female,High School,51246.0,0,RENT,6500.0,EDUCATION,10.37,0.13,3,621,No,0
23,male,Associate,89907.0,5,MORTGAGE,20000.0,VENTURE,11.48,0.22,4,543,Yes,0
24,female,Bachelor,117073.0,2,MORTGAGE,6400.0,DEBTCONSOLIDATION,15.96,0.05,2,499,Yes,0
27,male,High School,47104.0,5,RENT,5000.0,MEDICAL,9.88,0.11,10,605,Yes,0
35,female,Associate,612201.0,12,MORTGAGE,2193.0,PERSONAL,13.4,0.0,7,565,Yes,0
26,female,High School,49092.0,7,MORTGAGE,1750.0,VENTURE,11.83,0.04,4,634,Yes,0
32,male,Bachelor,56437.0,10,RENT,3000.0,DEBTCONSOLIDATION,16.29,0.05,6,639,No,1
25,female,Master,28273.0,4,RENT,4125.0,EDUCATION,14.54,0.15,2,705,Yes,0
23,male,Associate,76632.0,1,RENT,2400.0,DEBTCONSOLIDATION,7.9,0.03,4,684,No,0
23,male,High School,63376.0,0,RENT,3000.0,DEBTCONSOLIDATION,10.37,0.05,2,579,Yes,0
35,female,Bachelor,101553.0,9,OWN,9000.0,HOMEIMPROVEMENT,6.76,0.09,6,714,Yes,0
27,male,Associate,85051.0,5,MORTGAGE,5500.0,DEBTCONSOLIDATION,13.49,0.06,10,525,Yes,0
25,male,Associate,48783.0,3,RENT,8044.0,PERSONAL,9.46,0.16,4,607,No,0
34,male,Associate,43207.0,11,MORTGAGE,5000.0,PERSONAL,10.74,0.12,7,698,No,0
26,male,Bachelor,102775.0,5,MORTGAGE,8500.0,EDUCATION,11.01,0.08,4,585,Yes,0
25,male,Associate,39927.0,1,RENT,7175.0,MEDICAL,9.14,0.18,4,600,Yes,0
22,male,Master,81595.0,0,MORTGAGE,10000.0,EDUCATION,10.62,0.12,4,663,Yes,0
24,male,Associate,144929.0,2,MORTGAGE,14000.0,HOMEIMPROVEMENT,10.74,0.1,3,675,No,0
29,female,High School,54008.0,3,RENT,6000.0,PERSONAL,13.52,0.11,8,568,No,1
24,male,Associate,50398.0,1,MORTGAGE,6000.0,MEDICAL,9.61,0.12,3,547,Yes,0
27,male,Master,41199.0,6,RENT,3000.0,MEDICAL,16.89,0.07,8,685,No,1
26,male,Doctorate,72483.0,4,MORTGAGE,6000.0,HOMEIMPROVEMENT,9.99,0.08,2,716,Yes,0
21,male,Associate,301035.0,0,MORTGAGE,5000.0,PERSONAL,8.59,0.02,3,631,Yes,0
30,female,Bachelor,124245.0,9,MORTGAGE,17617.0,DEBTCONSOLIDATION,15.87,0.14,6,671,No,0
31,male,High School,67077.0,6,RENT,3600.0,EDUCATION,7.51,0.05,7,643,No,0
22,female,Bachelor,59542.0,3,RENT,6000.0,PERSONAL,11.01,0.1,2,677,No,0
38,female,Master,78986.0,14,MORTGAGE,7000.0,DEBTCONSOLIDATION,8.8,0.09,13,574,Yes,0
25,male,Associate,62349.0,1,MORTGAGE,8000.0,VENTURE,8.27,0.13,5,570,Yes,0
24,female,Master,131737.0,4,MORTGAGE,8800.0,DEBTCONSOLIDATION,12.69,0.07,2,679,Yes,0
33,male,Associate,78973.0,11,MORTGAGE,16800.0,HOMEIMPROVEMENT,9.76,0.21,6,579,Yes,0
29,female,Bachelor,162761.0,6,MORTGAGE,18000.0,HOMEIMPROVEMENT,14.61,0.11,8,674,No,0
25,female,Bachelor,85162.0,2,MORTGAGE,10000.0,MEDICAL,12.26,0.12,4,687,No,0
24,female,Associate,96570.0,5,RENT,16000.0,HOMEIMPROVEMENT,14.25,0.17,4,522,Yes,0
23,male,Bachelor,100583.0,0,MORTGAGE,10000.0,DEBTCONSOLIDATION,7.66,0.1,4,579,Yes,0
21,male,High School,121012.0,1,MORTGAGE,6200.0,VENTURE,8.49,0.05,4,573,Yes,0
42,male,High School,17421.0,23,RENT,1700.0,EDUCATION,13.16,0.1,13,631,Yes,0
35,female,Associate,45231.0,10,RENT,4665.0,VENTURE,6.97,0.1,8,674,Yes,0
47,female,Master,43115.0,21,OWN,2500.0,PERSONAL,11.01,0.06,12,637,No,0
30,female,Associate,120922.0,6,MORTGAGE,30000.0,PERSONAL,16.77,0.25,6,601,Yes,0
23,female,Bachelor,66922.0,0,RENT,12300.0,VENTURE,11.01,0.18,2,681,Yes,0
28,female,High School,150989.0,5,RENT,10000.0,VENTURE,9.65,0.07,9,546,Yes,0
23,female,High School,156961.0,2,MORTGAGE,15000.0,EDUCATION,12.87,0.1,4,669,No,0
55,female,Bachelor,90925.0,31,RENT,20000.0,MEDICAL,11.83,0.22,23,659,Yes,0
28,female,High School,49119.0,5,MORTGAGE,19062.0,EDUCATION,9.91,0.39,9,630,No,0
25,female,Associate,58597.0,3,RENT,4800.0,PERSONAL,11.01,0.08,4,641,Yes,0
21,female,Associate,25052.0,0,OWN,2500.0,MEDICAL,9.63,0.1,2,527,Yes,0
22,male,Bachelor,45852.0,0,MORTGAGE,3600.0,MEDICAL,11.71,0.08,2,651,Yes,0
25,female,Master,100282.0,3,OWN,4800.0,VENTURE,6.17,0.05,3,720,No,0
30,female,Bachelor,97031.0,3,MORTGAGE,20000.0,EDUCATION,11.38,0.21,9,686,No,0
24,female,Master,63345.0,0,RENT,12000.0,EDUCATION,12.99,0.19,4,681,No,0
22,female,High School,73821.0,0,MORTGAGE,6800.0,EDUCATION,13.49,0.09,2,622,Yes,0
28,male,Bachelor,65952.0,3,MORTGAGE,9250.0,EDUCATION,11.36,0.14,10,678,No,0
25,male,Associate,78799.0,7,OWN,7000.0,PERSONAL,11.66,0.09,4,642,No,0
25,male,High School,47061.0,2,MORTGAGE,5700.0,MEDICAL,6.17,0.12,2,643,No,0
22,female,Bachelor,74222.0,4,MORTGAGE,12000.0,DEBTCONSOLIDATION,7.29,0.16,3,614,Yes,0
26,female,Associate,55021.0,5,RENT,2705.0,PERSONAL,11.01,0.05,5,557,No,0
24,male,High School,46931.0,2,MORTGAGE,16000.0,DEBTCONSOLIDATION,10.99,0.34,2,567,Yes,0
37,male,Master,76639.0,19,RENT,14900.0,DEBTCONSOLIDATION,9.63,0.19,13,625,Yes,0
43,female,Bachelor,69169.0,21,RENT,6000.0,EDUCATION,10.75,0.09,13,697,No,0
26,female,High School,38340.0,2,MORTGAGE,4000.0,EDUCATION,10.33,0.1,2,675,No,0
23,male,Master,40728.0,0,RENT,2000.0,EDUCATION,14.72,0.05,2,660,Yes,0
29,female,Master,67085.0,8,MORTGAGE,5000.0,HOMEIMPROVEMENT,11.01,0.07,8,667,Yes,0
23,male,Bachelor,97004.0,5,MORTGAGE,7000.0,EDUCATION,16.29,0.07,3,663,Yes,0
25,female,Bachelor,63626.0,3,OWN,8496.0,VENTURE,10.67,0.13,3,661,No,0
32,male,Bachelor,73119.0,12,RENT,10000.0,VENTURE,7.51,0.14,9,717,Yes,0
26,male,Bachelor,101695.0,0,RENT,15000.0,MEDICAL,9.58,0.15,4,531,Yes,0
30,female,Bachelor,75058.0,8,MORTGAGE,8000.0,PERSONAL,11.01,0.11,10,587,No,0
23,male,Master,81891.0,2,RENT,5000.0,PERSONAL,11.86,0.06,4,663,No,0
22,female,High School,72881.0,0,MORTGAGE,12500.0,DEBTCONSOLIDATION,13.11,0.17,2,502,Yes,0
23,male,Master,29667.0,0,RENT,5000.0,DEBTCONSOLIDATION,10.67,0.17,4,652,Yes,0
23,male,Associate,120988.0,0,MORTGAGE,10000.0,VENTURE,10.64,0.08,3,586,Yes,0
22,male,High School,49834.0,0,MORTGAGE,13750.0,EDUCATION,10.83,0.28,4,563,Yes,0
23,male,Associate,58534.0,0,RENT,10000.0,VENTURE,9.25,0.17,3,616,No,0
26,female,Bachelor,77901.0,2,RENT,3000.0,MEDICAL,11.01,0.04,4,696,Yes,0
24,female,Master,150946.0,0,MORTGAGE,28000.0,MEDICAL,10.47,0.19,3,564,Yes,0
22,male,High School,144618.0,2,RENT,10000.0,DEBTCONSOLIDATION,10.02,0.07,3,611,Yes,0
24,male,Associate,106151.0,0,MORTGAGE,12000.0,VENTURE,5.42,0.11,2,555,Yes,0
38,female,Associate,91114.0,14,RENT,17000.0,VENTURE,7.28,0.19,10,574,Yes,0
34,female,Master,47707.0,9,OWN,12000.0,HOMEIMPROVEMENT,11.99,0.25,6,687,Yes,0
25,male,High School,60982.0,6,RENT,7056.0,MEDICAL,16.13,0.12,3,676,No,1
30,female,Master,54726.0,9,MORTGAGE,4450.0,DEBTCONSOLIDATION,10.37,0.08,6,637,No,0
24,male,Bachelor,49388.0,0,RENT,1000.0,EDUCATION,7.49,0.02,3,668,Yes,0
22,male,Master,12103.0,0,RENT,1200.0,EDUCATION,10.37,0.1,2,671,No,0
45,male,Associate,39263.0,26,RENT,8000.0,DEBTCONSOLIDATION,10.99,0.2,12,682,No,0
29,female,Master,78854.0,6,MORTGAGE,5000.0,EDUCATION,6.17,0.06,7,620,No,0
34,male,Bachelor,157169.0,14,MORTGAGE,6450.0,MEDICAL,13.23,0.04,7,713,No,0
26,female,Bachelor,45959.0,5,RENT,6000.0,DEBTCONSOLIDATION,10.26,0.13,3,526,Yes,0
27,female,High School,63090.0,1,OWN,9647.0,EDUCATION,10.3,0.15,6,644,Yes,0
30,male,High School,60928.0,7,RENT,2000.0,VENTURE,14.79,0.03,8,690,Yes,0
25,male,High School,78927.0,1,MORTGAGE,4500.0,MEDICAL,6.92,0.06,2,626,Yes,0
35,male,Bachelor,48806.0,8,RENT,1800.0,MEDICAL,10.55,0.04,11,563,Yes,0
26,male,High School,130569.0,4,MORTGAGE,13000.0,PERSONAL,8.94,0.1,2,671,No,0
32,male,Associate,48591.0,11,RENT,8000.0,MEDICAL,9.91,0.16,10,657,Yes,0
24,male,Master,44285.0,4,RENT,8471.0,MEDICAL,10.81,0.19,4,685,No,0
22,male,Associate,50189.0,0,RENT,14000.0,VENTURE,11.01,0.28,3,632,No,1
24,male,Associate,52338.0,3,RENT,12000.0,PERSONAL,11.36,0.23,2,609,Yes,0
21,male,High School,55080.0,0,MORTGAGE,10000.0,PERSONAL,7.51,0.18,2,652,Yes,0
25,male,Associate,44164.0,3,RENT,3509.0,MEDICAL,9.18,0.08,3,573,No,0
24,male,Bachelor,34643.0,0,RENT,7120.0,DEBTCONSOLIDATION,10.79,0.21,5,564,Yes,0
22,male,High School,133574.0,2,MORTGAGE,12250.0,MEDICAL,11.26,0.09,4,619,Yes,0
25,female,High School,60469.0,4,RENT,2423.0,DEBTCONSOLIDATION,7.49,0.04,2,687,No,0
32,female,Associate,72508.0,10,MORTGAGE,6000.0,DEBTCONSOLIDATION,7.14,0.08,9,647,Yes,0
24,male,High School,70669.0,1,RENT,12950.0,HOMEIMPROVEMENT,11.01,0.18,4,670,No,0
25,female,Bachelor,60617.0,0,MORTGAGE,10000.0,EDUCATION,13.49,0.16,4,641,Yes,0
50,male,Associate,139989.0,27,MORTGAGE,5000.0,PERSONAL,10.25,0.04,17,694,Yes,0
24,female,High School,133333.0,2,MORTGAGE,13200.0,EDUCATION,15.28,0.1,3,571,Yes,0
22,male,High School,79092.0,0,MORTGAGE,1500.0,VENTURE,9.32,0.02,2,504,No,0
22,male,Bachelor,43325.0,1,OWN,8000.0,EDUCATION,6.03,0.18,2,636,Yes,0
24,male,High School,104106.0,0,MORTGAGE,21000.0,EDUCATION,9.48,0.2,4,556,Yes,0
34,male,Associate,266664.0,10,MORTGAGE,12392.0,DEBTCONSOLIDATION,10.08,0.05,8,616,Yes,0
25,female,Master,30646.0,3,OWN,8500.0,EDUCATION,6.03,0.28,2,522,Yes,0
25,female,Master,87384.0,5,MORTGAGE,15000.0,DEBTCONSOLIDATION,7.88,0.17,3,627,Yes,0
22,female,Associate,29576.0,0,RENT,2100.0,PERSONAL,12.21,0.07,2,611,Yes,0
22,male,Bachelor,35600.0,2,RENT,1000.0,VENTURE,7.29,0.03,4,631,Yes,0
34,female,Associate,342851.0,15,RENT,21000.0,EDUCATION,11.71,0.06,10,702,Yes,0
36,female,High School,62431.0,14,RENT,6439.0,EDUCATION,14.99,0.1,13,684,No,0
24,female,Bachelor,74300.0,1,MORTGAGE,17000.0,MEDICAL,6.03,0.23,4,592,Yes,0
26,female,Bachelor,150673.0,6,RENT,12000.0,MEDICAL,6.99,0.08,4,632,Yes,0
25,male,High School,54102.0,2,RENT,12000.0,MEDICAL,15.31,0.22,3,642,No,1
26,male,High School,181090.0,6,OWN,21000.0,VENTURE,11.01,0.12,4,630,Yes,0
33,male,Master,145059.0,10,MORTGAGE,14000.0,MEDICAL,7.29,0.1,8,594,Yes,0
26,male,Associate,39462.0,2,OTHER,6500.0,VENTURE,11.01,0.16,4,614,No,0
60,male,Master,106501.0,41,OWN,6000.0,PERSONAL,11.01,0.06,18,709,Yes,0
53,male,Associate,366923.0,31,RENT,5000.0,VENTURE,8.88,0.01,29,699,Yes,0
31,male,Bachelor,63030.0,7,MORTGAGE,5000.0,DEBTCONSOLIDATION,7.51,0.08,8,670,Yes,0
37,male,Associate,88680.0,17,RENT,11500.0,DEBTCONSOLIDATION,12.21,0.13,11,616,Yes,0
22,female,Associate,68877.0,0,RENT,9500.0,EDUCATION,8.9,0.14,2,509,Yes,0
24,male,Associate,48736.0,0,RENT,10000.0,PERSONAL,11.99,0.21,4,664,No,0
28,male,Master,73201.0,8,MORTGAGE,2500.0,HOMEIMPROVEMENT,11.01,0.03,7,680,No,0
33,male,Bachelor,51404.0,13,RENT,12000.0,PERSONAL,13.57,0.23,7,665,No,0
30,female,Master,82329.0,8,MORTGAGE,23200.0,PERSONAL,15.96,0.28,7,741,No,0
30,male,Bachelor,79404.0,6,RENT,12800.0,EDUCATION,15.2,0.16,7,583,Yes,0
27,male,Associate,29181.0,3,MORTGAGE,2000.0,PERSONAL,7.49,0.07,8,679,Yes,0
27,female,Associate,63169.0,2,RENT,7000.0,HOMEIMPROVEMENT,7.88,0.11,4,597,No,0
23,female,Bachelor,32230.0,2,MORTGAGE,7800.0,DEBTCONSOLIDATION,10.59,0.24,3,651,No,0
33,female,Bachelor,75568.0,6,MORTGAGE,3736.0,VENTURE,9.46,0.05,8,605,Yes,0
30,female,High School,62112.0,7,RENT,4800.0,MEDICAL,12.69,0.08,10,551,No,0
28,female,Associate,58623.0,9,RENT,4000.0,PERSONAL,14.35,0.07,10,529,No,0
23,female,High School,102825.0,1,RENT,5000.0,EDUCATION,11.58,0.05,4,615,No,0
26,female,Bachelor,73033.0,3,RENT,10000.0,DEBTCONSOLIDATION,14.27,0.14,4,593,Yes,0
22,female,High School,33811.0,0,RENT,5000.0,EDUCATION,10.43,0.15,3,508,Yes,0
35,male,High School,126840.0,13,RENT,7250.0,VENTURE,11.01,0.06,5,601,Yes,0
24,male,Associate,28633.0,0,RENT,1500.0,DEBTCONSOLIDATION,7.68,0.05,2,621,Yes,0
25,male,Bachelor,97144.0,3,RENT,10000.0,VENTURE,11.12,0.1,3,614,Yes,0
22,female,Associate,78881.0,1,RENT,7000.0,DEBTCONSOLIDATION,12.99,0.09,2,520,Yes,0
27,male,Associate,92287.0,7,MORTGAGE,6400.0,EDUCATION,10.65,0.07,7,661,Yes,0
25,female,Master,76204.0,5,RENT,9000.0,PERSONAL,11.01,0.12,3,622,Yes,0
31,female,Associate,87746.0,5,RENT,10000.0,DEBTCONSOLIDATION,10.39,0.11,8,615,Yes,0
23,female,Associate,80437.0,0,MORTGAGE,14000.0,MEDICAL,11.01,0.17,3,632,No,1
32,male,High School,96759.0,8,MORTGAGE,15350.0,DEBTCONSOLIDATION,8.49,0.16,7,675,Yes,0
26,male,Associate,32292.0,5,RENT,3825.0,DEBTCONSOLIDATION,14.27,0.12,4,666,No,0
23,female,Master,105970.0,1,MORTGAGE,10000.0,EDUCATION,7.29,0.09,4,652,Yes,0
30,male,Associate,205119.0,3,MORTGAGE,35000.0,PERSONAL,13.03,0.17,8,639,Yes,0
23,female,Associate,47297.0,2,MORTGAGE,5000.0,PERSONAL,9.25,0.11,3,674,No,0
25,male,High School,99253.0,1,RENT,6000.0,MEDICAL,11.01,0.06,3,544,Yes,0
28,male,Associate,159439.0,0,MORTGAGE,25000.0,DEBTCONSOLIDATION,9.99,0.16,10,646,Yes,0
27,male,Bachelor,78875.0,5,RENT,8000.0,VENTURE,13.49,0.1,10,695,No,0
24,male,High School,60727.0,6,RENT,10000.0,MEDICAL,11.01,0.16,3,709,Yes,0
22,female,Bachelor,99482.0,0,MORTGAGE,8300.0,PERSONAL,11.46,0.08,3,596,Yes,0
41,male,High School,458692.0,18,MORTGAGE,35000.0,PERSONAL,13.49,0.08,16,676,Yes,0
53,male,Bachelor,37001.0,31,RENT,5000.0,VENTURE,12.66,0.14,19,699,No,0
33,male,Bachelor,144663.0,9,OWN,6000.0,EDUCATION,7.14,0.04,10,472,Yes,0
28,female,Bachelor,75731.0,4,MORTGAGE,3800.0,EDUCATION,6.62,0.05,6,569,No,0
35,male,Bachelor,26918.0,13,RENT,2500.0,EDUCATION,14.35,0.09,8,522,Yes,0
27,female,Associate,145164.0,1,MORTGAGE,10000.0,DEBTCONSOLIDATION,11.86,0.07,5,695,Yes,0
27,female,Master,31426.0,3,RENT,1271.0,DEBTCONSOLIDATION,13.83,0.04,5,572,No,1
26,male,High School,58485.0,2,RENT,8000.0,DEBTCONSOLIDATION,9.48,0.14,3,693,Yes,0
28,male,Master,75296.0,4,RENT,3000.0,PERSONAL,9.96,0.04,9,571,Yes,0
41,female,Bachelor,69893.0,16,MORTGAGE,8500.0,DEBTCONSOLIDATION,5.79,0.12,11,667,Yes,0
22,male,High School,44480.0,0,RENT,1000.0,PERSONAL,7.68,0.02,4,658,No,0
22,male,Associate,96198.0,0,MORTGAGE,10000.0,EDUCATION,10.99,0.1,2,637,Yes,0
27,female,Bachelor,79350.0,7,RENT,6000.0,HOMEIMPROVEMENT,14.65,0.08,7,560,Yes,0
31,female,Associate,82517.0,8,RENT,10000.0,PERSONAL,10.85,0.12,7,586,Yes,0
33,male,Master,105433.0,5,MORTGAGE,2429.0,EDUCATION,7.83,0.02,5,631,No,0
27,female,High School,35587.0,3,RENT,9235.0,EDUCATION,13.38,0.26,4,640,No,1
33,female,Bachelor,117660.0,13,MORTGAGE,20000.0,PERSONAL,12.29,0.17,9,678,Yes,0
22,male,High School,39739.0,2,MORTGAGE,11050.0,EDUCATION,7.49,0.28,2,648,Yes,0
26,male,High School,94305.0,7,MORTGAGE,8325.0,EDUCATION,6.99,0.09,4,603,No,0
38,male,High School,77588.0,16,RENT,5000.0,DEBTCONSOLIDATION,7.88,0.06,16,687,No,0
35,female,Bachelor,22674.0,15,RENT,2725.0,MEDICAL,11.01,0.12,8,558,Yes,0
26,male,Associate,99490.0,0,MORTGAGE,20000.0,HOMEIMPROVEMENT,13.57,0.2,2,586,Yes,0
40,female,Associate,159429.0,17,RENT,11200.0,EDUCATION,12.68,0.07,11,535,Yes,0
42,male,Bachelor,48949.0,20,RENT,5000.0,MEDICAL,6.17,0.1,12,743,No,0
24,male,Bachelor,132718.0,0,MORTGAGE,7500.0,PERSONAL,6.17,0.06,2,677,No,0
24,male,Associate,64211.0,0,RENT,17000.0,HOMEIMPROVEMENT,11.01,0.26,3,649,No,1
23,female,High School,43129.0,3,RENT,3000.0,VENTURE,10.78,0.07,3,648,Yes,0
21,female,Bachelor,29556.0,0,RENT,10000.0,EDUCATION,11.01,0.34,2,646,No,1
36,female,Associate,26792.0,14,OWN,2100.0,VENTURE,8.49,0.08,12,684,No,0
29,female,High School,73128.0,6,MORTGAGE,5000.0,DEBTCONSOLIDATION,11.01,0.07,7,596,Yes,0
24,male,Associate,49180.0,5,RENT,4850.0,EDUCATION,6.62,0.1,2,672,Yes,0
25,female,High School,133058.0,1,MORTGAGE,15000.0,HOMEIMPROVEMENT,9.77,0.11,2,649,Yes,0
26,female,Doctorate,36934.0,3,RENT,6592.0,HOMEIMPROVEMENT,13.21,0.18,5,676,No,1
28,female,Master,51543.0,6,RENT,12000.0,EDUCATION,11.11,0.23,9,731,No,0
25,male,Associate,159455.0,4,MORTGAGE,10000.0,HOMEIMPROVEMENT,11.89,0.06,3,679,Yes,0
23,male,Associate,58429.0,4,RENT,7200.0,PERSONAL,14.27,0.12,3,650,Yes,0
37,male,Master,70579.0,15,RENT,10000.0,DEBTCONSOLIDATION,11.01,0.14,12,702,No,0
23,female,Bachelor,111440.0,0,RENT,4000.0,EDUCATION,5.42,0.04,2,673,Yes,0
27,male,Master,63563.0,3,MORTGAGE,7000.0,HOMEIMPROVEMENT,11.89,0.11,8,675,No,0
30,female,Bachelor,31658.0,8,OWN,13595.0,VENTURE,12.23,0.43,9,465,Yes,0
35,male,Associate,110368.0,11,RENT,10000.0,MEDICAL,8.63,0.09,9,692,Yes,0
26,male,Bachelor,84644.0,2,MORTGAGE,7000.0,MEDICAL,13.91,0.08,4,640,Yes,0
28,female,Master,471485.0,5,MORTGAGE,13160.0,VENTURE,11.23,0.03,7,685,No,0
30,male,Bachelor,81307.0,6,MORTGAGE,2500.0,DEBTCONSOLIDATION,6.39,0.03,7,675,Yes,0
37,male,High School,107042.0,16,MORTGAGE,15000.0,HOMEIMPROVEMENT,10.14,0.14,14,677,Yes,0
25,male,High School,58450.0,6,RENT,7500.0,DEBTCONSOLIDATION,12.53,0.13,3,573,Yes,0
33,female,Bachelor,173823.0,11,MORTGAGE,7357.0,MEDICAL,15.54,0.04,14,683,No,0
33,male,Associate,108777.0,11,MORTGAGE,22000.0,EDUCATION,11.03,0.2,5,636,Yes,0
24,male,Associate,29937.0,0,RENT,2000.0,VENTURE,16.0,0.07,2,601,No,1
35,female,Associate,76216.0,13,OWN,1600.0,MEDICAL,5.42,0.02,5,606,No,0
28,female,High School,75549.0,6,RENT,13400.0,DEBTCONSOLIDATION,13.06,0.18,6,526,Yes,0
22,female,Bachelor,60926.0,0,RENT,10000.0,EDUCATION,11.45,0.16,3,612,Yes,0
49,male,Master,51204.0,28,MORTGAGE,8000.0,EDUCATION,7.14,0.16,15,529,Yes,0
24,male,Bachelor,144908.0,2,RENT,15000.0,MEDICAL,11.01,0.1,3,630,Yes,0
23,male,High School,84067.0,2,MORTGAGE,9600.0,MEDICAL,11.01,0.11,4,641,No,1
23,female,Master,139580.0,0,MORTGAGE,9292.0,DEBTCONSOLIDATION,9.02,0.07,3,576,Yes,0
24,female,High School,40876.0,2,RENT,5000.0,MEDICAL,20.0,0.12,2,677,No,1
25,male,Master,78986.0,3,RENT,4800.0,PERSONAL,13.49,0.06,4,658,Yes,0
37,male,Bachelor,55276.0,18,RENT,8000.0,EDUCATION,10.74,0.14,17,661,Yes,0
26,female,Associate,37026.0,6,OWN,15000.0,HOMEIMPROVEMENT,13.22,0.41,2,642,No,0
21,female,High School,89593.0,0,MORTGAGE,15000.0,DEBTCONSOLIDATION,11.99,0.17,3,652,Yes,0
32,female,Master,63269.0,10,RENT,12000.0,EDUCATION,7.29,0.19,6,705,Yes,0
29,female,Master,138893.0,3,MORTGAGE,8097.0,VENTURE,16.22,0.06,10,591,Yes,0
26,male,Master,64860.0,3,OWN,16000.0,PERSONAL,10.25,0.25,2,635,No,0
26,female,Associate,94975.0,1,RENT,11200.0,VENTURE,11.71,0.12,3,628,No,0
60,female,Associate,73011.0,38,OWN,9000.0,PERSONAL,13.8,0.12,27,676,Yes,0
30,male,High School,122227.0,9,MORTGAGE,16000.0,VENTURE,7.13,0.13,6,646,Yes,0
23,male,High School,66698.0,1,RENT,8000.0,PERSONAL,10.65,0.12,2,572,Yes,0
23,female,Associate,71984.0,0,MORTGAGE,6000.0,MEDICAL,10.55,0.08,3,496,Yes,0
27,female,Bachelor,60827.0,6,MORTGAGE,10750.0,VENTURE,13.48,0.18,7,695,Yes,0
21,female,Master,44361.0,0,MORTGAGE,2800.0,PERSONAL,6.99,0.06,2,616,Yes,0
22,male,Associate,89882.0,1,MORTGAGE,9000.0,EDUCATION,11.01,0.1,2,634,Yes,0
27,male,Bachelor,71937.0,5,MORTGAGE,13500.0,VENTURE,13.22,0.19,9,566,Yes,0
34,male,Associate,64413.0,11,RENT,3592.0,DEBTCONSOLIDATION,9.26,0.06,7,679,No,0
37,female,High School,156973.0,15,MORTGAGE,11888.0,PERSONAL,10.98,0.08,14,630,No,0
28,female,Master,145029.0,5,RENT,20000.0,EDUCATION,14.26,0.14,7,582,Yes,0
24,female,High School,94441.0,2,MORTGAGE,19553.0,HOMEIMPROVEMENT,15.62,0.21,4,581,No,1
29,male,High School,64404.0,6,RENT,12000.0,DEBTCONSOLIDATION,11.01,0.19,8,615,Yes,0
23,female,High School,60783.0,1,MORTGAGE,9000.0,PERSONAL,11.14,0.15,2,635,Yes,0
21,female,Bachelor,70546.0,0,RENT,10000.0,EDUCATION,9.25,0.14,4,624,No,0
23,male,Bachelor,79261.0,0,RENT,3000.0,EDUCATION,14.84,0.04,3,592,Yes,0
27,male,Master,104148.0,6,MORTGAGE,16000.0,HOMEIMPROVEMENT,14.42,0.15,6,587,Yes,0
34,male,Bachelor,95782.0,10,MORTGAGE,4800.0,HOMEIMPROVEMENT,9.22,0.05,6,641,Yes,0
24,female,High School,100266.0,1,RENT,3200.0,HOMEIMPROVEMENT,6.99,0.03,3,592,Yes,0
26,male,Bachelor,54944.0,0,RENT,6000.0,EDUCATION,9.91,0.11,2,648,Yes,0
31,male,High School,44387.0,10,RENT,10000.0,MEDICAL,14.42,0.23,9,670,Yes,0
27,female,Doctorate,59645.0,5,RENT,12000.0,EDUCATION,12.53,0.2,8,671,No,0
38,male,High School,97920.0,15,RENT,18000.0,DEBTCONSOLIDATION,10.59,0.18,16,664,Yes,0
31,male,Master,98965.0,10,MORTGAGE,8000.0,PERSONAL,11.99,0.08,5,698,No,0
33,male,High School,111686.0,11,RENT,11500.0,EDUCATION,10.0,0.1,7,624,Yes,0
30,male,Master,115952.0,7,MORTGAGE,8000.0,MEDICAL,6.99,0.07,8,690,No,0
22,male,Bachelor,53920.0,1,MORTGAGE,10000.0,EDUCATION,12.69,0.19,2,675,Yes,0
29,male,Associate,68386.0,5,RENT,14000.0,MEDICAL,12.19,0.2,7,568,Yes,0
25,male,Bachelor,87406.0,6,MORTGAGE,4800.0,DEBTCONSOLIDATION,10.65,0.05,3,621,Yes,0
23,female,Bachelor,51216.0,1,RENT,2500.0,EDUCATION,13.61,0.05,4,550,Yes,0
25,female,Associate,92814.0,2,MORTGAGE,14747.0,EDUCATION,13.95,0.16,2,639,No,1
24,female,Bachelor,114752.0,1,RENT,14000.0,VENTURE,11.01,0.12,2,638,Yes,0
35,male,High School,65240.0,9,MORTGAGE,20000.0,VENTURE,12.53,0.31,7,601,Yes,0
23,male,Bachelor,57812.0,0,RENT,5000.0,MEDICAL,11.36,0.09,3,606,No,0
24,female,Associate,75350.0,3,RENT,4800.0,PERSONAL,7.14,0.06,3,684,No,0
28,female,Master,125954.0,3,MORTGAGE,35000.0,VENTURE,10.44,0.28,10,597,No,0
29,female,High School,145161.0,6,MORTGAGE,12000.0,VENTURE,13.48,0.08,7,668,Yes,0
30,female,Master,116125.0,11,RENT,25000.0,PERSONAL,11.01,0.22,6,640,Yes,0
39,male,High School,48543.0,16,MORTGAGE,6000.0,MEDICAL,11.01,0.12,17,683,Yes,0
26,male,Associate,42791.0,5,RENT,12000.0,EDUCATION,10.91,0.28,2,568,No,1
23,male,High School,14293.0,0,OWN,1400.0,PERSONAL,9.32,0.1,3,607,No,0
29,male,Bachelor,51579.0,8,RENT,8000.0,VENTURE,15.82,0.16,7,615,Yes,0
41,male,High School,45308.0,17,RENT,7000.0,PERSONAL,9.32,0.15,16,564,Yes,0
25,female,Bachelor,139102.0,0,RENT,10000.0,MEDICAL,10.37,0.07,2,709,No,0
22,male,Master,29694.0,0,OWN,6000.0,EDUCATION,11.49,0.2,4,578,Yes,0
24,male,High School,50016.0,4,RENT,5553.0,DEBTCONSOLIDATION,8.25,0.11,4,559,Yes,0
29,female,High School,32266.0,8,OWN,4500.0,VENTURE,11.71,0.14,5,657,Yes,0
22,male,High School,71359.0,4,RENT,5000.0,VENTURE,12.29,0.07,3,673,No,0
26,female,High School,151067.0,1,MORTGAGE,8000.0,MEDICAL,13.79,0.05,4,558,Yes,0
23,male,Bachelor,29989.0,4,RENT,5550.0,VENTURE,12.53,0.19,4,621,No,0
34,male,High School,91823.0,9,MORTGAGE,10000.0,DEBTCONSOLIDATION,7.05,0.11,9,638,No,0
33,male,Master,73208.0,11,RENT,10000.0,VENTURE,6.31,0.14,7,661,Yes,0
24,female,Master,35851.0,0,RENT,8725.0,MEDICAL,12.18,0.24,2,645,Yes,0
30,male,Master,95783.0,9,MORTGAGE,6000.0,HOMEIMPROVEMENT,9.63,0.06,8,684,Yes,0
32,male,High School,84889.0,11,MORTGAGE,9000.0,HOMEIMPROVEMENT,7.14,0.11,10,568,Yes,0
22,male,Master,93304.0,0,MORTGAGE,21000.0,EDUCATION,11.48,0.23,3,580,Yes,0
22,male,Master,48993.0,0,MORTGAGE,10000.0,PERSONAL,11.01,0.2,3,641,Yes,0
37,female,Bachelor,176388.0,13,MORTGAGE,10000.0,DEBTCONSOLIDATION,13.99,0.06,16,698,Yes,0
26,female,Bachelor,85160.0,2,MORTGAGE,16000.0,EDUCATION,8.96,0.19,6,529,Yes,0
31,female,Associate,99108.0,8,MORTGAGE,4000.0,HOMEIMPROVEMENT,13.57,0.04,7,642,Yes,0
25,male,High School,65881.0,3,OWN,15000.0,EDUCATION,11.01,0.23,4,640,No,0
25,female,Bachelor,109385.0,1,MORTGAGE,18000.0,HOMEIMPROVEMENT,9.91,0.16,2,636,No,0
28,male,High School,87575.0,3,MORTGAGE,9500.0,MEDICAL,13.9,0.11,7,612,No,0
36,female,Associate,120522.0,12,OWN,4000.0,VENTURE,7.74,0.03,16,609,No,0
26,male,High School,50325.0,2,RENT,3000.0,DEBTCONSOLIDATION,10.19,0.06,3,663,Yes,0
22,male,Bachelor,25208.0,0,RENT,2500.0,EDUCATION,14.2,0.1,4,690,No,0
40,female,Associate,71604.0,17,RENT,5000.0,EDUCATION,7.49,0.07,11,661,No,0
22,male,Bachelor,36375.0,0,RENT,7000.0,EDUCATION,14.22,0.19,3,624,No,1
47,male,Associate,1621992.0,27,MORTGAGE,6835.0,MEDICAL,7.66,0.0,17,555,Yes,0
22,male,Bachelor,58998.0,0,MORTGAGE,13500.0,EDUCATION,11.14,0.23,3,672,Yes,0
26,female,High School,83770.0,5,MORTGAGE,11000.0,DEBTCONSOLIDATION,11.01,0.13,2,637,Yes,0
23,female,Bachelor,60947.0,4,RENT,6000.0,VENTURE,13.49,0.1,3,681,No,0
32,male,Master,180844.0,11,OWN,8000.0,HOMEIMPROVEMENT,11.01,0.04,6,630,No,0
26,male,Master,101786.0,4,MORTGAGE,2150.0,HOMEIMPROVEMENT,13.47,0.02,2,610,Yes,0
28,male,Associate,190722.0,9,MORTGAGE,12000.0,MEDICAL,6.62,0.06,8,626,No,0
25,female,Associate,112283.0,2,MORTGAGE,12000.0,MEDICAL,7.88,0.11,4,663,Yes,0
37,female,Bachelor,76404.0,15,RENT,3200.0,DEBTCONSOLIDATION,11.01,0.04,11,710,No,0
35,female,Associate,99293.0,14,MORTGAGE,10000.0,HOMEIMPROVEMENT,16.69,0.1,9,661,Yes,0
26,male,Bachelor,72725.0,5,RENT,14000.0,MEDICAL,12.69,0.19,4,603,Yes,0
44,male,Doctorate,52771.0,23,RENT,6000.0,MEDICAL,5.42,0.11,11,669,No,0
31,female,Bachelor,95402.0,8,MORTGAGE,1467.0,EDUCATION,10.89,0.02,6,668,No,0
28,male,Bachelor,153675.0,4,MORTGAGE,20000.0,MEDICAL,17.04,0.13,8,527,No,1
31,male,Bachelor,75373.0,8,MORTGAGE,6550.0,MEDICAL,5.79,0.09,10,701,No,0
31,male,High School,68316.0,11,MORTGAGE,12000.0,MEDICAL,6.54,0.18,5,640,Yes,0
25,female,Associate,96603.0,3,RENT,12000.0,MEDICAL,10.3,0.12,3,623,Yes,0
23,male,Bachelor,134101.0,0,MORTGAGE,10000.0,DEBTCONSOLIDATION,8.0,0.07,3,581,Yes,0
24,female,Master,109187.0,0,MORTGAGE,5000.0,HOMEIMPROVEMENT,8.59,0.05,4,646,No,0
30,female,High School,73078.0,12,RENT,12000.0,PERSONAL,11.71,0.16,9,616,No,0
25,female,High School,53873.0,5,MORTGAGE,6376.0,EDUCATION,10.99,0.12,3,630,Yes,0
22,female,Master,55412.0,0,RENT,5000.0,VENTURE,12.42,0.09,2,677,Yes,0
32,female,Bachelor,59003.0,8,MORTGAGE,8400.0,MEDICAL,10.74,0.14,6,658,No,0
22,male,High School,51305.0,1,RENT,20000.0,VENTURE,6.99,0.39,4,602,No,1
26,male,Associate,65776.0,3,MORTGAGE,3527.0,PERSONAL,8.96,0.05,3,663,Yes,0
29,female,Bachelor,49047.0,6,MORTGAGE,1400.0,EDUCATION,14.26,0.03,5,612,Yes,0
27,female,Bachelor,57279.0,6,RENT,1629.0,MEDICAL,12.01,0.03,5,646,No,0
23,female,Bachelor,116476.0,1,MORTGAGE,25200.0,EDUCATION,15.65,0.22,2,598,No,0
24,female,Associate,174784.0,2,MORTGAGE,12000.0,MEDICAL,10.99,0.07,2,672,Yes,0
23,male,High School,55329.0,0,RENT,11200.0,PERSONAL,10.59,0.2,4,593,Yes,0
22,male,Bachelor,22466.0,0,OWN,3000.0,DEBTCONSOLIDATION,9.96,0.13,3,603,No,1
24,male,High School,63410.0,1,RENT,4000.0,DEBTCONSOLIDATION,10.37,0.06,3,676,Yes,0
26,female,High School,114936.0,3,MORTGAGE,15000.0,HOMEIMPROVEMENT,15.96,0.13,3,573,Yes,0
30,male,High School,26447.0,8,RENT,1721.0,MEDICAL,12.69,0.07,7,542,Yes,0
31,female,Bachelor,85046.0,11,RENT,2000.0,EDUCATION,11.12,0.02,9,700,Yes,0
23,female,Bachelor,97085.0,3,MORTGAGE,3000.0,PERSONAL,5.99,0.03,3,553,Yes,0
27,female,Bachelor,57474.0,6,RENT,5000.0,MEDICAL,10.36,0.09,7,538,Yes,0
33,female,Associate,106585.0,10,MORTGAGE,14067.0,VENTURE,16.07,0.13,9,692,No,0
28,male,Associate,61019.0,2,OWN,12000.0,VENTURE,7.71,0.2,5,663,No,0
25,male,Associate,47305.0,1,RENT,2200.0,MEDICAL,12.69,0.05,3,641,Yes,0
35,male,Bachelor,121014.0,12,MORTGAGE,1800.0,VENTURE,9.63,0.01,8,665,No,0
31,female,Associate,61313.0,8,RENT,4500.0,PERSONAL,11.14,0.07,6,650,Yes,0
26,female,Bachelor,57514.0,4,MORTGAGE,12725.0,DEBTCONSOLIDATION,12.42,0.22,3,688,Yes,0
28,male,Master,70807.0,3,RENT,10000.0,MEDICAL,10.25,0.14,8,681,Yes,0
25,male,High School,40080.0,5,RENT,3000.0,PERSONAL,10.95,0.07,4,582,No,0
30,male,Master,152384.0,7,MORTGAGE,14400.0,VENTURE,14.54,0.09,7,598,No,0
28,male,Associate,61313.0,4,RENT,2185.0,PERSONAL,11.45,0.04,8,664,Yes,0
23,female,Bachelor,124642.0,1,MORTGAGE,4000.0,VENTURE,11.01,0.03,3,719,No,0
23,male,Bachelor,73080.0,2,MORTGAGE,13000.0,PERSONAL,7.88,0.18,4,602,Yes,0
22,male,Master,70409.0,0,MORTGAGE,6000.0,VENTURE,10.74,0.09,3,576,Yes,0
32,male,Associate,61260.0,10,MORTGAGE,9600.0,MEDICAL,6.76,0.16,10,664,Yes,0
22,male,Associate,58878.0,0,RENT,5000.0,DEBTCONSOLIDATION,11.02,0.08,3,629,No,0
22,male,Master,58481.0,0,RENT,7239.0,PERSONAL,11.97,0.12,4,609,No,0
27,male,Associate,60966.0,3,RENT,8481.0,VENTURE,13.9,0.14,6,647,Yes,0
27,male,Bachelor,91263.0,4,RENT,20000.0,DEBTCONSOLIDATION,13.49,0.22,7,639,No,0
23,male,Master,51668.0,0,RENT,12000.0,EDUCATION,13.49,0.23,2,648,Yes,0
23,female,High School,87315.0,3,MORTGAGE,16000.0,MEDICAL,7.4,0.18,3,692,Yes,0
26,female,Bachelor,108841.0,3,MORTGAGE,7500.0,DEBTCONSOLIDATION,9.79,0.07,6,610,Yes,0
30,female,Associate,123329.0,6,MORTGAGE,15000.0,HOMEIMPROVEMENT,15.07,0.12,8,666,Yes,0
37,female,Associate,25457.0,15,RENT,5000.0,DEBTCONSOLIDATION,11.01,0.2,12,640,Yes,0
25,female,High School,35661.0,3,RENT,3000.0,VENTURE,11.12,0.08,3,573,Yes,0
25,male,Bachelor,98818.0,2,MORTGAGE,10000.0,HOMEIMPROVEMENT,14.93,0.1,3,522,Yes,0
22,male,High School,54959.0,0,RENT,5000.0,PERSONAL,11.11,0.09,3,648,No,0
23,female,Master,66232.0,1,RENT,4200.0,MEDICAL,10.99,0.06,2,657,No,1
29,male,Bachelor,65676.0,6,MORTGAGE,12000.0,PERSONAL,14.5,0.18,10,677,No,0
33,male,Bachelor,120716.0,11,MORTGAGE,18826.0,MEDICAL,7.76,0.16,11,690,Yes,0
39,female,Associate,72958.0,19,RENT,3800.0,HOMEIMPROVEMENT,10.37,0.05,14,657,Yes,0
39,male,High School,88329.0,18,MORTGAGE,10000.0,VENTURE,7.51,0.11,14,643,Yes,0
28,male,Bachelor,67197.0,6,MORTGAGE,8000.0,MEDICAL,12.05,0.12,9,633,No,0
30,male,High School,83734.0,7,RENT,25000.0,EDUCATION,14.09,0.3,5,645,No,1
23,male,High School,120976.0,1,MORTGAGE,15000.0,EDUCATION,11.95,0.12,2,528,Yes,0
47,female,Associate,63675.0,26,RENT,6000.0,MEDICAL,10.99,0.09,14,658,Yes,0
29,male,Bachelor,98345.0,8,RENT,12000.0,PERSONAL,9.5,0.12,7,630,Yes,0
27,male,Associate,71689.0,3,OWN,24250.0,MEDICAL,11.49,0.34,9,567,Yes,0
25,female,Associate,144832.0,4,MORTGAGE,15000.0,EDUCATION,14.65,0.1,4,658,No,0
34,female,Bachelor,105190.0,11,RENT,2500.0,EDUCATION,7.14,0.02,5,701,Yes,0
23,female,Associate,100841.0,2,MORTGAGE,3500.0,VENTURE,12.61,0.03,2,618,Yes,0
34,male,Bachelor,41616.0,13,RENT,8000.0,DEBTCONSOLIDATION,17.49,0.19,5,643,No,1
25,female,Bachelor,62199.0,3,MORTGAGE,4200.0,PERSONAL,7.29,0.07,2,651,Yes,0
25,female,Master,72346.0,1,RENT,10446.0,HOMEIMPROVEMENT,9.18,0.14,4,679,Yes,0
38,male,High School,43116.0,16,MORTGAGE,4800.0,VENTURE,7.51,0.11,14,665,No,0
51,male,High School,51152.0,29,MORTGAGE,15000.0,DEBTCONSOLIDATION,13.99,0.29,20,674,No,1
22,male,Bachelor,31037.0,0,OWN,13000.0,PERSONAL,8.88,0.42,4,663,No,0
29,male,Associate,61234.0,6,RENT,14454.0,DEBTCONSOLIDATION,11.01,0.24,5,524,Yes,0
25,male,High School,85177.0,1,RENT,5000.0,EDUCATION,11.71,0.06,3,718,No,0
28,male,Master,64793.0,5,RENT,5500.0,HOMEIMPROVEMENT,11.03,0.08,9,703,No,0
25,male,Bachelor,33944.0,0,MORTGAGE,11500.0,HOMEIMPROVEMENT,6.03,0.34,4,637,No,1
30,female,Associate,288939.0,9,RENT,18000.0,PERSONAL,7.88,0.06,10,680,Yes,0
23,male,Associate,41838.0,5,RENT,4000.0,MEDICAL,12.69,0.1,2,629,Yes,0
24,female,Associate,67274.0,3,MORTGAGE,16000.0,EDUCATION,11.49,0.24,4,646,Yes,0
23,female,Associate,97116.0,2,MORTGAGE,17000.0,EDUCATION,12.21,0.18,2,521,Yes,0
26,male,High School,54828.0,3,MORTGAGE,1500.0,DEBTCONSOLIDATION,7.05,0.03,2,688,Yes,0
27,male,Bachelor,49011.0,4,RENT,2500.0,EDUCATION,6.99,0.05,5,567,Yes,0
22,male,High School,66125.0,4,MORTGAGE,3000.0,DEBTCONSOLIDATION,10.0,0.05,3,627,Yes,0
40,male,Associate,361012.0,18,MORTGAGE,16000.0,VENTURE,14.17,0.04,14,579,Yes,0
21,male,Associate,31436.0,0,RENT,4000.0,PERSONAL,8.49,0.13,4,676,No,0
26,female,Master,61027.0,4,RENT,10000.0,MEDICAL,10.95,0.16,4,698,No,0
23,male,Bachelor,63735.0,0,RENT,14000.0,EDUCATION,6.91,0.22,3,599,Yes,0
31,female,Associate,69643.0,11,MORTGAGE,16500.0,EDUCATION,14.84,0.24,10,691,Yes,0
24,male,High School,85047.0,3,MORTGAGE,17000.0,PERSONAL,7.51,0.2,4,572,Yes,0
24,male,Associate,55349.0,3,RENT,5045.0,EDUCATION,10.62,0.09,4,596,No,0
23,male,High School,136528.0,2,RENT,14000.0,DEBTCONSOLIDATION,13.49,0.1,2,630,No,0
27,male,Bachelor,60318.0,4,MORTGAGE,7000.0,VENTURE,8.72,0.12,4,528,Yes,0
45,male,Bachelor,42932.0,22,OTHER,4800.0,PERSONAL,11.01,0.11,12,706,No,0
22,male,Master,44330.0,0,RENT,10000.0,EDUCATION,9.99,0.23,3,656,Yes,0
24,female,Bachelor,43296.0,0,RENT,5000.0,PERSONAL,7.88,0.12,3,688,No,0
34,female,Bachelor,145532.0,11,MORTGAGE,20000.0,MEDICAL,14.79,0.14,8,679,Yes,0
22,female,High School,94757.0,0,RENT,6925.0,VENTURE,9.62,0.07,4,625,Yes,0
24,female,Bachelor,87513.0,4,RENT,16000.0,PERSONAL,13.06,0.18,2,680,Yes,0
27,female,Associate,38493.0,4,RENT,6000.0,MEDICAL,9.63,0.16,8,586,Yes,0
38,male,High School,43401.0,15,RENT,2000.0,EDUCATION,7.2,0.05,12,702,Yes,0
45,male,High School,150994.0,25,RENT,14000.0,EDUCATION,12.61,0.09,12,693,Yes,0
39,male,Bachelor,69639.0,17,MORTGAGE,6300.0,EDUCATION,10.99,0.09,17,593,Yes,0
32,male,Associate,62129.0,9,RENT,15000.0,DEBTCONSOLIDATION,11.45,0.24,9,664,No,0
27,male,High School,33740.0,3,RENT,3000.0,EDUCATION,10.99,0.09,5,631,Yes,0
22,female,High School,35935.0,1,RENT,5000.0,EDUCATION,7.5,0.14,4,649,No,0
26,male,Bachelor,71472.0,1,RENT,8299.0,PERSONAL,9.7,0.12,4,665,Yes,0
27,female,Associate,25090.0,6,RENT,2000.0,PERSONAL,12.53,0.08,6,586,Yes,0
21,male,Associate,36965.0,0,MORTGAGE,13250.0,HOMEIMPROVEMENT,13.99,0.36,3,634,No,1
23,female,Bachelor,66243.0,0,MORTGAGE,2000.0,PERSONAL,5.42,0.03,2,611,Yes,0
30,female,Master,156920.0,9,MORTGAGE,8500.0,HOMEIMPROVEMENT,12.84,0.05,5,634,Yes,0
35,female,Bachelor,81579.0,12,RENT,13000.0,VENTURE,11.81,0.16,14,675,No,0
28,male,Associate,81203.0,2,MORTGAGE,24322.0,VENTURE,14.58,0.3,8,644,Yes,0
29,male,Master,65775.0,9,MORTGAGE,13000.0,VENTURE,10.28,0.2,7,591,Yes,0
27,male,Associate,103008.0,9,MORTGAGE,7500.0,VENTURE,10.99,0.07,10,581,No,0
36,male,Associate,72983.0,9,RENT,15000.0,HOMEIMPROVEMENT,11.01,0.21,12,479,Yes,0
26,female,High School,72857.0,7,RENT,12800.0,VENTURE,12.84,0.18,2,671,Yes,0
29,female,Bachelor,145341.0,6,MORTGAGE,20000.0,EDUCATION,11.71,0.14,5,627,Yes,0
21,female,Master,54920.0,0,RENT,6800.0,PERSONAL,5.79,0.12,3,548,Yes,0
26,male,High School,49016.0,2,RENT,6000.0,MEDICAL,10.83,0.12,3,573,Yes,0
32,female,Associate,48586.0,12,RENT,20000.0,DEBTCONSOLIDATION,13.11,0.41,5,717,No,1
34,female,Associate,48593.0,8,MORTGAGE,6000.0,VENTURE,5.99,0.12,5,609,No,0
24,female,Associate,96024.0,0,OWN,3800.0,VENTURE,6.62,0.04,4,591,Yes,0
23,female,Bachelor,116179.0,3,RENT,10000.0,EDUCATION,10.65,0.09,3,675,Yes,0
23,female,Bachelor,46467.0,3,RENT,5000.0,MEDICAL,11.58,0.11,3,709,No,0
33,male,Associate,95723.0,8,MORTGAGE,4746.0,DEBTCONSOLIDATION,9.2,0.05,6,660,No,0
44,male,Bachelor,74278.0,24,RENT,10000.0,PERSONAL,15.96,0.13,15,657,Yes,0
35,female,Associate,74626.0,12,MORTGAGE,3500.0,HOMEIMPROVEMENT,7.9,0.05,9,684,Yes,0
27,male,Master,31184.0,5,OWN,8000.0,EDUCATION,9.52,0.26,6,675,Yes,0
36,female,Doctorate,79452.0,15,MORTGAGE,8000.0,MEDICAL,7.29,0.1,13,716,Yes,0
22,female,Associate,51447.0,0,RENT,8500.0,EDUCATION,12.53,0.17,4,529,Yes,0
22,female,High School,65391.0,0,MORTGAGE,11700.0,MEDICAL,12.87,0.18,2,603,Yes,0
26,male,Associate,241073.0,2,MORTGAGE,12000.0,MEDICAL,11.71,0.05,2,687,No,0
24,male,Master,120015.0,1,MORTGAGE,12000.0,DEBTCONSOLIDATION,6.03,0.1,2,564,No,0
33,male,High School,148572.0,13,RENT,12000.0,MEDICAL,11.83,0.08,7,690,No,0
24,female,Master,41021.0,2,RENT,7750.0,VENTURE,11.01,0.19,2,703,No,1
30,male,Bachelor,84676.0,7,MORTGAGE,10200.0,HOMEIMPROVEMENT,6.91,0.12,8,606,No,0
21,male,High School,49270.0,0,MORTGAGE,2500.0,MEDICAL,6.76,0.05,4,563,Yes,0
28,male,Master,210972.0,3,RENT,24500.0,VENTURE,11.01,0.12,8,606,No,0
27,male,Associate,52722.0,3,RENT,10000.0,MEDICAL,12.42,0.19,9,643,Yes,0
30,male,High School,65647.0,7,MORTGAGE,25000.0,EDUCATION,10.08,0.38,7,598,Yes,0
36,female,Associate,61015.0,12,RENT,18000.0,PERSONAL,13.8,0.3,12,718,No,1
23,male,Bachelor,54759.0,0,MORTGAGE,3500.0,VENTURE,11.01,0.06,4,651,Yes,0
38,female,High School,36991.0,17,RENT,10000.0,EDUCATION,7.51,0.27,14,693,No,1
28,female,Associate,109137.0,5,RENT,7000.0,DEBTCONSOLIDATION,12.87,0.06,10,673,No,0
38,female,Associate,48932.0,14,RENT,18225.0,EDUCATION,12.42,0.37,17,625,No,1
27,female,Bachelor,58777.0,3,MORTGAGE,6000.0,PERSONAL,9.0,0.1,5,651,No,0
29,male,Bachelor,111053.0,5,RENT,6000.0,EDUCATION,10.38,0.05,10,640,Yes,0
22,female,Bachelor,91324.0,0,RENT,10600.0,EDUCATION,10.99,0.12,3,627,No,0
23,male,High School,128310.0,0,MORTGAGE,8550.0,EDUCATION,9.88,0.07,2,612,Yes,0
34,male,Associate,103238.0,13,RENT,10000.0,HOMEIMPROVEMENT,12.87,0.1,7,616,Yes,0
24,female,Bachelor,34092.0,1,MORTGAGE,10000.0,MEDICAL,10.86,0.29,2,646,Yes,0
25,male,Associate,48934.0,3,RENT,5000.0,MEDICAL,12.82,0.1,3,633,No,0
29,female,Bachelor,95102.0,3,RENT,9600.0,DEBTCONSOLIDATION,11.59,0.1,7,560,Yes,0
32,male,Bachelor,48999.0,9,RENT,4000.0,MEDICAL,13.58,0.08,7,633,No,0
31,female,Master,43542.0,7,MORTGAGE,9000.0,MEDICAL,6.03,0.21,9,644,Yes,0
35,female,High School,157123.0,9,MORTGAGE,6657.0,HOMEIMPROVEMENT,17.37,0.04,5,659,Yes,0
27,male,Bachelor,110101.0,8,MORTGAGE,14700.0,DEBTCONSOLIDATION,7.88,0.13,6,670,No,0
31,female,Bachelor,66964.0,12,RENT,11000.0,VENTURE,11.01,0.16,9,658,Yes,0
22,male,Associate,50649.0,1,RENT,4800.0,MEDICAL,12.4,0.09,4,632,Yes,0
57,female,High School,96907.0,36,MORTGAGE,4800.0,VENTURE,12.03,0.05,18,689,No,0
29,male,High School,28177.0,8,RENT,6000.0,EDUCATION,11.83,0.21,9,655,Yes,0
28,female,Doctorate,37961.0,5,RENT,6000.0,PERSONAL,9.32,0.16,8,678,No,0
26,female,Associate,108802.0,6,MORTGAGE,6000.0,EDUCATION,9.91,0.06,3,654,No,0
27,female,Associate,217120.0,3,MORTGAGE,8000.0,MEDICAL,13.23,0.04,7,644,No,0
23,female,Bachelor,79207.0,0,RENT,12500.0,EDUCATION,11.48,0.16,4,652,Yes,0
31,female,Master,345369.0,7,MORTGAGE,25000.0,EDUCATION,16.09,0.07,10,623,Yes,0
28,female,Doctorate,41846.0,5,RENT,10000.0,PERSONAL,14.74,0.24,9,611,No,0
26,male,High School,82432.0,6,RENT,20000.0,EDUCATION,10.75,0.24,4,710,No,0
24,male,Bachelor,157145.0,3,MORTGAGE,6000.0,DEBTCONSOLIDATION,10.59,0.04,2,636,Yes,0
29,male,High School,91182.0,8,MORTGAGE,8000.0,MEDICAL,12.99,0.09,10,636,Yes,0
22,male,High School,48853.0,0,RENT,6000.0,EDUCATION,12.1,0.12,4,580,Yes,0
28,male,High School,55025.0,5,RENT,4800.0,PERSONAL,6.76,0.09,4,609,No,0
32,male,Bachelor,150920.0,11,MORTGAGE,12381.0,PERSONAL,10.87,0.08,10,680,Yes,0
26,female,Associate,25168.0,7,RENT,6000.0,VENTURE,9.99,0.24,2,684,No,0
25,female,Associate,48066.0,3,RENT,7500.0,MEDICAL,15.62,0.16,2,543,No,1
23,female,Associate,108861.0,1,RENT,7000.0,PERSONAL,11.0,0.06,3,662,No,0
33,male,Bachelor,48363.0,8,RENT,1000.0,VENTURE,8.71,0.02,11,642,Yes,0
24,female,High School,69417.0,0,MORTGAGE,12888.0,PERSONAL,7.9,0.19,3,598,Yes,0
46,male,High School,108938.0,27,MORTGAGE,20000.0,DEBTCONSOLIDATION,6.91,0.18,15,708,Yes,0
28,female,Bachelor,138960.0,4,MORTGAGE,18000.0,DEBTCONSOLIDATION,10.37,0.13,7,733,Yes,0
31,male,Bachelor,147383.0,11,RENT,25600.0,EDUCATION,15.96,0.17,7,667,Yes,0
24,male,Bachelor,40927.0,0,RENT,2800.0,PERSONAL,16.0,0.07,3,591,No,1
23,male,Bachelor,61177.0,2,OWN,2800.0,VENTURE,10.59,0.05,2,679,Yes,0
31,female,Associate,99199.0,9,MORTGAGE,9000.0,DEBTCONSOLIDATION,5.42,0.09,10,626,No,0
26,male,Master,133019.0,4,MORTGAGE,18000.0,MEDICAL,11.07,0.14,5,568,Yes,0
39,male,Associate,29282.0,18,RENT,5850.0,PERSONAL,15.2,0.2,12,684,No,0
23,female,Master,67426.0,2,MORTGAGE,15250.0,PERSONAL,15.68,0.23,2,614,No,1
24,male,Bachelor,87418.0,6,MORTGAGE,9000.0,EDUCATION,11.01,0.1,2,680,No,0
28,female,Master,63087.0,3,RENT,8000.0,DEBTCONSOLIDATION,7.55,0.13,8,656,Yes,0
35,male,Bachelor,120845.0,12,MORTGAGE,12000.0,EDUCATION,15.76,0.1,6,674,No,0
31,male,High School,61259.0,8,RENT,12000.0,DEBTCONSOLIDATION,6.03,0.2,6,612,Yes,0
22,female,Bachelor,38686.0,0,RENT,7000.0,EDUCATION,11.83,0.18,4,573,Yes,0
29,male,Associate,40109.0,3,RENT,4027.0,MEDICAL,12.71,0.1,6,610,Yes,0
28,female,Associate,45434.0,5,MORTGAGE,12716.0,MEDICAL,9.01,0.28,6,662,Yes,0
31,female,Master,72748.0,9,MORTGAGE,18341.0,EDUCATION,15.66,0.25,10,728,No,0
24,male,Master,60977.0,2,MORTGAGE,6000.0,HOMEIMPROVEMENT,9.63,0.1,3,646,No,0
27,female,High School,116156.0,3,MORTGAGE,12500.0,HOMEIMPROVEMENT,19.03,0.11,5,512,Yes,0
51,female,Bachelor,82135.0,25,MORTGAGE,15000.0,PERSONAL,13.11,0.18,27,669,Yes,0
24,female,Master,132677.0,1,MORTGAGE,5600.0,PERSONAL,12.98,0.04,4,684,Yes,0
25,female,Bachelor,48571.0,1,RENT,12000.0,VENTURE,5.79,0.25,2,668,No,0
26,female,Associate,109124.0,1,RENT,14000.0,HOMEIMPROVEMENT,6.03,0.13,2,596,Yes,0
32,male,Bachelor,77010.0,9,MORTGAGE,13977.0,PERSONAL,7.21,0.18,5,677,No,0
22,male,High School,47417.0,2,RENT,4000.0,EDUCATION,10.59,0.08,3,441,Yes,0
27,female,Master,76600.0,8,MORTGAGE,4400.0,DEBTCONSOLIDATION,5.99,0.06,8,669,Yes,0
31,female,Associate,51397.0,9,RENT,10000.0,EDUCATION,15.77,0.19,9,608,Yes,0
31,male,Associate,91075.0,8,MORTGAGE,2500.0,HOMEIMPROVEMENT,12.99,0.03,5,688,Yes,0
26,female,Master,238525.0,1,MORTGAGE,12000.0,DEBTCONSOLIDATION,5.99,0.05,4,638,Yes,0
22,male,Master,29550.0,0,RENT,10000.0,DEBTCONSOLIDATION,11.01,0.34,3,633,No,1
23,male,High School,59149.0,2,RENT,3850.0,MEDICAL,8.49,0.07,2,574,Yes,0
24,female,Associate,79599.0,2,MORTGAGE,15000.0,MEDICAL,6.54,0.19,4,673,No,0
24,male,Associate,19837.0,1,RENT,8000.0,HOMEIMPROVEMENT,13.57,0.4,2,675,No,1
26,male,Bachelor,102949.0,1,MORTGAGE,4650.0,EDUCATION,8.49,0.05,2,643,Yes,0
33,male,Bachelor,51502.0,8,RENT,5000.0,MEDICAL,6.37,0.1,9,595,Yes,0
27,female,Associate,127310.0,6,MORTGAGE,11000.0,EDUCATION,7.49,0.09,5,688,Yes,0
21,female,High School,73035.0,0,MORTGAGE,5000.0,DEBTCONSOLIDATION,13.48,0.07,2,699,Yes,0
35,male,Bachelor,49022.0,10,OWN,5000.0,PERSONAL,7.68,0.1,10,680,Yes,0
21,female,Associate,40405.0,0,RENT,2000.0,HOMEIMPROVEMENT,13.73,0.05,4,674,No,1
23,male,Bachelor,49145.0,0,MORTGAGE,4000.0,EDUCATION,6.39,0.08,3,554,Yes,0
28,female,Bachelor,36732.0,3,OWN,7500.0,HOMEIMPROVEMENT,12.98,0.2,8,581,Yes,0
26,male,Bachelor,69402.0,4,RENT,12000.0,MEDICAL,10.99,0.17,4,610,No,0
41,female,Associate,70737.0,17,MORTGAGE,6000.0,HOMEIMPROVEMENT,8.26,0.08,12,541,Yes,0
31,male,Bachelor,43170.0,9,RENT,3425.0,VENTURE,13.43,0.08,7,676,Yes,0
21,male,High School,231235.0,0,MORTGAGE,20000.0,EDUCATION,6.54,0.09,2,642,Yes,0
25,female,Bachelor,122175.0,6,MORTGAGE,15000.0,EDUCATION,14.0,0.12,3,627,No,0
33,female,High School,90766.0,9,MORTGAGE,12000.0,MEDICAL,11.01,0.13,8,598,Yes,0
24,female,Associate,57585.0,2,MORTGAGE,6000.0,HOMEIMPROVEMENT,7.66,0.1,3,573,Yes,0
24,male,Associate,271098.0,3,MORTGAGE,7098.0,DEBTCONSOLIDATION,9.27,0.03,3,604,No,0
26,female,High School,67074.0,6,MORTGAGE,6338.0,EDUCATION,10.66,0.09,4,597,No,0
23,male,Bachelor,97134.0,3,OWN,30000.0,VENTURE,9.91,0.31,3,629,Yes,0
28,female,High School,78570.0,6,MORTGAGE,1454.0,PERSONAL,9.73,0.02,6,636,No,0
29,male,Associate,150946.0,4,RENT,3000.0,EDUCATION,10.69,0.02,6,597,Yes,0
23,male,Master,103117.0,0,RENT,12000.0,VENTURE,13.16,0.12,2,675,Yes,0
28,female,Bachelor,46835.0,7,MORTGAGE,16500.0,HOMEIMPROVEMENT,8.92,0.35,4,696,Yes,0
24,female,Associate,85100.0,3,MORTGAGE,15000.0,VENTURE,11.46,0.18,2,523,Yes,0
37,male,High School,61074.0,16,RENT,8000.0,DEBTCONSOLIDATION,11.01,0.13,16,692,No,0
30,female,Bachelor,48585.0,9,RENT,4000.0,DEBTCONSOLIDATION,12.99,0.08,9,688,No,0
30,male,High School,83749.0,10,RENT,3600.0,MEDICAL,13.99,0.04,10,633,Yes,0
23,male,Master,40269.0,0,RENT,2000.0,EDUCATION,12.25,0.05,3,601,No,0
43,male,High School,36768.0,16,RENT,3000.0,MEDICAL,12.35,0.08,12,645,No,0
31,female,Master,101573.0,10,MORTGAGE,25000.0,HOMEIMPROVEMENT,17.34,0.25,5,653,No,1
28,female,High School,43091.0,4,RENT,6000.0,MEDICAL,11.94,0.14,10,650,No,0
25,female,Associate,60955.0,1,RENT,4000.0,PERSONAL,14.61,0.07,4,624,No,0
41,female,High School,114769.0,19,MORTGAGE,25000.0,PERSONAL,11.01,0.22,12,648,No,0
24,female,Associate,48690.0,0,RENT,5000.0,MEDICAL,14.22,0.1,4,582,Yes,0
25,male,Associate,66850.0,0,RENT,3600.0,PERSONAL,11.05,0.05,4,676,No,0
25,male,High School,70905.0,2,MORTGAGE,3150.0,EDUCATION,6.17,0.04,4,636,Yes,0
24,male,Bachelor,93948.0,0,RENT,9000.0,VENTURE,12.84,0.1,4,668,No,0
26,female,Bachelor,61091.0,5,MORTGAGE,10000.0,EDUCATION,7.63,0.16,3,598,Yes,0
30,female,Bachelor,91119.0,7,RENT,5600.0,PERSONAL,15.99,0.06,7,675,No,0
24,male,Master,75875.0,1,RENT,11500.0,EDUCATION,5.79,0.15,3,616,Yes,0
28,female,Bachelor,49400.0,4,MORTGAGE,1900.0,EDUCATION,5.99,0.04,10,624,Yes,0
25,male,High School,46670.0,2,RENT,15000.0,PERSONAL,16.45,0.32,3,665,No,1
21,female,Bachelor,62124.0,0,RENT,1500.0,HOMEIMPROVEMENT,15.58,0.02,4,701,No,1
26,male,High School,55290.0,1,RENT,1500.0,VENTURE,10.25,0.03,3,600,No,0
29,male,Bachelor,51402.0,3,RENT,9018.0,PERSONAL,12.7,0.18,5,533,No,0
29,male,Associate,76374.0,8,MORTGAGE,7384.0,MEDICAL,10.42,0.1,9,667,No,0
24,female,Bachelor,25833.0,1,RENT,5685.0,EDUCATION,8.4,0.22,4,558,Yes,0
28,female,Master,119794.0,8,OWN,8000.0,HOMEIMPROVEMENT,11.01,0.07,7,615,No,0
21,male,High School,32675.0,0,RENT,5000.0,EDUCATION,13.49,0.15,2,478,Yes,0
28,male,High School,87243.0,2,MORTGAGE,6000.0,EDUCATION,15.37,0.07,10,645,Yes,0
30,female,Associate,52658.0,12,MORTGAGE,4200.0,HOMEIMPROVEMENT,13.49,0.08,7,646,No,0
29,female,Master,40555.0,6,MORTGAGE,7100.0,VENTURE,16.77,0.18,7,624,Yes,0
44,male,Associate,59881.0,24,MORTGAGE,3600.0,VENTURE,16.29,0.06,14,675,Yes,0
29,male,High School,121179.0,6,MORTGAGE,13000.0,PERSONAL,15.33,0.11,6,660,Yes,0
36,male,Master,46838.0,13,MORTGAGE,1500.0,VENTURE,11.01,0.03,15,625,No,0
28,male,Bachelor,193154.0,7,OWN,23000.0,PERSONAL,11.83,0.12,8,673,Yes,0
26,female,Associate,82431.0,4,RENT,3500.0,DEBTCONSOLIDATION,15.28,0.04,3,668,No,1
31,female,Associate,176384.0,10,MORTGAGE,2500.0,EDUCATION,16.7,0.01,9,686,Yes,0
30,female,High School,124134.0,7,MORTGAGE,25000.0,PERSONAL,12.19,0.2,8,588,Yes,0
26,male,Associate,29275.0,6,RENT,5000.0,VENTURE,7.49,0.17,2,650,Yes,0
28,male,Master,163419.0,2,RENT,25000.0,PERSONAL,11.39,0.15,6,716,No,0
28,female,High School,15192.0,5,RENT,2400.0,MEDICAL,12.68,0.16,8,496,No,1
32,female,Bachelor,156982.0,8,MORTGAGE,7500.0,EDUCATION,7.29,0.05,6,664,No,0
22,male,Bachelor,67074.0,0,RENT,6000.0,DEBTCONSOLIDATION,8.9,0.09,4,699,Yes,0
25,male,Master,84992.0,1,RENT,15000.0,PERSONAL,11.89,0.18,2,705,No,0
29,female,Associate,55271.0,8,OWN,10000.0,MEDICAL,17.58,0.18,6,595,Yes,0
27,male,Master,108756.0,5,RENT,10000.0,DEBTCONSOLIDATION,7.66,0.09,7,714,Yes,0
45,female,Bachelor,63380.0,21,OWN,9600.0,EDUCATION,8.66,0.15,16,676,No,0
25,female,Master,35355.0,2,MORTGAGE,6250.0,HOMEIMPROVEMENT,10.25,0.18,2,581,Yes,0
37,female,Associate,79089.0,18,MORTGAGE,4000.0,PERSONAL,10.75,0.05,15,630,No,0
24,male,Bachelor,27861.0,0,OWN,4750.0,HOMEIMPROVEMENT,11.36,0.17,3,562,Yes,0
23,female,Bachelor,64734.0,0,RENT,3000.0,MEDICAL,10.99,0.05,4,583,No,0
56,female,High School,108575.0,32,MORTGAGE,7200.0,PERSONAL,6.17,0.07,21,683,Yes,0
31,female,Bachelor,82676.0,8,OWN,10000.0,VENTURE,11.01,0.12,7,670,Yes,0
24,female,Associate,85410.0,0,OWN,15000.0,EDUCATION,12.18,0.18,2,599,Yes,0
24,female,Master,18389.0,0,RENT,2000.0,VENTURE,10.65,0.11,4,668,Yes,0
30,male,High School,60219.0,5,RENT,19775.0,PERSONAL,12.42,0.33,9,569,No,1
27,male,Master,49286.0,3,RENT,6600.0,VENTURE,11.14,0.13,7,674,No,0
41,male,Associate,44217.0,20,RENT,10000.0,DEBTCONSOLIDATION,6.03,0.23,15,670,Yes,0
23,male,Bachelor,50224.0,2,MORTGAGE,6000.0,DEBTCONSOLIDATION,9.32,0.12,3,616,Yes,0
47,male,Associate,50316.0,20,RENT,10000.0,MEDICAL,13.79,0.2,16,507,Yes,0
23,male,High School,87466.0,3,MORTGAGE,11875.0,EDUCATION,10.38,0.14,3,616,Yes,0
45,male,High School,84406.0,21,OWN,6000.0,VENTURE,7.9,0.07,13,693,No,0
22,female,Associate,45385.0,0,MORTGAGE,7500.0,EDUCATION,10.95,0.17,2,676,No,0
26,male,Associate,87089.0,4,MORTGAGE,7500.0,HOMEIMPROVEMENT,10.99,0.09,3,661,No,0
32,female,Master,36929.0,6,RENT,3500.0,PERSONAL,11.71,0.09,10,659,No,1
23,male,High School,60893.0,3,MORTGAGE,6100.0,VENTURE,11.01,0.1,4,644,No,0
36,female,Bachelor,90820.0,13,MORTGAGE,10000.0,HOMEIMPROVEMENT,11.75,0.11,12,696,Yes,0
33,male,Bachelor,71455.0,8,RENT,3000.0,VENTURE,11.49,0.04,5,716,No,0
26,male,Bachelor,48985.0,1,RENT,7200.0,EDUCATION,10.92,0.15,5,622,Yes,0
23,male,Associate,36617.0,2,RENT,6000.0,EDUCATION,11.71,0.16,3,609,No,0
23,male,Master,85197.0,0,MORTGAGE,12000.0,VENTURE,11.11,0.14,2,618,No,0
26,female,Bachelor,58466.0,4,RENT,8400.0,DEBTCONSOLIDATION,11.12,0.14,2,516,Yes,0
23,male,Bachelor,28753.0,0,RENT,5300.0,EDUCATION,7.9,0.18,3,615,No,0
25,male,High School,70759.0,3,RENT,5990.0,PERSONAL,5.85,0.08,5,631,No,0
25,male,High School,66498.0,0,MORTGAGE,10000.0,VENTURE,8.94,0.15,2,537,Yes,0
22,male,Bachelor,28578.0,0,RENT,6250.0,MEDICAL,12.73,0.22,2,525,No,0
35,female,Master,109055.0,15,RENT,12000.0,DEBTCONSOLIDATION,10.68,0.11,9,645,Yes,0
29,male,Associate,27409.0,2,RENT,4000.0,PERSONAL,12.42,0.15,7,613,No,0
26,male,High School,84455.0,0,MORTGAGE,5000.0,VENTURE,11.66,0.06,4,668,Yes,0
34,female,Associate,30995.0,14,RENT,3000.0,VENTURE,7.66,0.1,8,593,Yes,0
27,female,Associate,73372.0,0,MORTGAGE,14455.0,MEDICAL,12.39,0.2,6,561,Yes,0
36,female,Associate,840912.0,14,MORTGAGE,25000.0,MEDICAL,12.53,0.03,13,629,Yes,0
23,male,Master,34197.0,1,MORTGAGE,1200.0,EDUCATION,13.92,0.04,3,655,Yes,0
22,female,Associate,90873.0,0,RENT,10000.0,VENTURE,6.54,0.11,4,586,Yes,0
38,female,High School,120812.0,19,RENT,16000.0,HOMEIMPROVEMENT,11.01,0.13,11,660,Yes,0
22,male,Bachelor,73001.0,0,OWN,15000.0,VENTURE,16.49,0.21,2,594,Yes,0
27,female,Associate,96955.0,4,RENT,7500.0,DEBTCONSOLIDATION,12.18,0.08,5,567,Yes,0
35,male,Master,112473.0,13,RENT,14000.0,VENTURE,13.16,0.12,6,710,No,0
23,female,Associate,67043.0,0,MORTGAGE,8000.0,MEDICAL,7.49,0.12,4,642,No,0
22,male,Bachelor,31921.0,0,RENT,4800.0,MEDICAL,10.99,0.15,4,676,No,0
34,male,Bachelor,50979.0,11,OWN,22750.0,VENTURE,6.91,0.45,10,679,No,0
22,male,High School,102629.0,0,MORTGAGE,6000.0,PERSONAL,11.01,0.06,4,519,Yes,0
31,male,Master,58666.0,8,RENT,2000.0,HOMEIMPROVEMENT,13.74,0.03,8,706,Yes,0
34,male,High School,117602.0,14,RENT,20000.0,HOMEIMPROVEMENT,13.22,0.17,7,613,No,0
45,male,Associate,37619.0,22,MORTGAGE,1000.0,MEDICAL,15.23,0.03,11,689,No,0
34,female,Bachelor,44132.0,12,RENT,4000.0,MEDICAL,13.61,0.09,7,656,No,0
22,female,Associate,34723.0,1,RENT,5000.0,VENTURE,17.51,0.14,4,655,No,1
28,female,Bachelor,30969.0,6,RENT,4099.0,PERSONAL,11.58,0.13,6,615,Yes,0
24,female,Master,97300.0,0,MORTGAGE,5514.0,MEDICAL,8.82,0.06,2,667,Yes,0
28,female,Associate,130860.0,2,MORTGAGE,27400.0,PERSONAL,10.99,0.21,8,642,No,0
23,male,Associate,33227.0,0,RENT,18000.0,VENTURE,11.54,0.54,4,679,No,1
24,female,Associate,39174.0,0,OWN,15000.0,HOMEIMPROVEMENT,11.01,0.38,3,681,Yes,0
25,female,High School,79231.0,3,RENT,18000.0,HOMEIMPROVEMENT,13.99,0.23,3,562,Yes,0
21,female,Bachelor,72915.0,0,MORTGAGE,6000.0,PERSONAL,6.91,0.08,4,624,No,0
23,male,Master,72699.0,0,MORTGAGE,16000.0,EDUCATION,7.49,0.22,3,638,Yes,0
35,female,Bachelor,65868.0,11,RENT,3000.0,DEBTCONSOLIDATION,12.61,0.05,6,576,Yes,0
30,male,High School,115807.0,3,MORTGAGE,6000.0,PERSONAL,10.74,0.05,6,642,Yes,0
44,male,High School,69289.0,23,RENT,4200.0,MEDICAL,11.01,0.06,13,654,Yes,0
23,female,High School,35124.0,0,MORTGAGE,10000.0,EDUCATION,10.75,0.28,2,664,Yes,0
22,female,Master,35698.0,0,MORTGAGE,2500.0,EDUCATION,6.91,0.07,3,663,Yes,0
39,male,Associate,102703.0,17,MORTGAGE,5000.0,VENTURE,11.86,0.05,15,662,Yes,0
25,female,Associate,112370.0,4,RENT,12000.0,EDUCATION,11.01,0.11,3,499,Yes,0
25,male,Master,66826.0,4,RENT,10000.0,VENTURE,13.16,0.15,2,549,Yes,0
24,male,Associate,62164.0,0,OWN,10000.0,VENTURE,15.31,0.16,2,582,Yes,0
21,male,Associate,39503.0,0,RENT,15000.0,DEBTCONSOLIDATION,11.13,0.38,3,639,No,1
28,female,Associate,60846.0,7,RENT,14000.0,VENTURE,19.04,0.23,5,664,No,0
32,male,Associate,55160.0,8,RENT,15000.0,PERSONAL,12.18,0.27,6,647,No,1
23,male,Bachelor,84873.0,0,MORTGAGE,4000.0,EDUCATION,11.01,0.05,4,691,Yes,0
24,male,Master,74877.0,1,RENT,15000.0,HOMEIMPROVEMENT,18.25,0.2,4,693,Yes,0
24,male,Master,72918.0,2,MORTGAGE,3000.0,VENTURE,7.51,0.04,4,650,Yes,0
23,male,Associate,72711.0,4,MORTGAGE,4000.0,MEDICAL,7.66,0.06,2,664,No,0
21,female,Bachelor,61298.0,0,MORTGAGE,3500.0,VENTURE,6.03,0.06,4,579,No,0
28,male,Associate,61059.0,4,MORTGAGE,6250.0,PERSONAL,12.0,0.1,6,681,Yes,0
30,female,Master,108831.0,8,RENT,10000.0,EDUCATION,14.2,0.09,10,720,No,0
24,male,Bachelor,78712.0,2,RENT,3600.0,EDUCATION,11.96,0.05,4,658,No,0
29,male,Bachelor,127034.0,5,MORTGAGE,12000.0,VENTURE,6.62,0.09,7,602,Yes,0
24,male,Bachelor,85145.0,4,OWN,10000.0,MEDICAL,11.01,0.12,2,575,Yes,0
26,female,Bachelor,115422.0,0,RENT,24153.0,EDUCATION,8.89,0.21,3,643,No,0
25,male,Master,144983.0,5,RENT,25110.0,EDUCATION,11.1,0.17,3,642,No,0
27,male,Associate,310859.0,1,RENT,35000.0,EDUCATION,18.64,0.11,7,632,No,1
22,female,Bachelor,30942.0,0,RENT,2500.0,DEBTCONSOLIDATION,11.14,0.08,3,625,No,0
32,female,Bachelor,68254.0,9,MORTGAGE,10000.0,PERSONAL,7.14,0.15,8,569,No,0
22,female,Master,103265.0,0,MORTGAGE,10000.0,VENTURE,13.99,0.1,4,524,Yes,0
29,male,High School,19845.0,8,RENT,5275.0,PERSONAL,14.72,0.27,8,660,No,1
27,female,Master,47888.0,8,RENT,8000.0,EDUCATION,11.03,0.17,9,667,No,0
29,male,Associate,81768.0,7,MORTGAGE,10000.0,VENTURE,7.14,0.12,8,655,Yes,0
29,male,Associate,75611.0,5,RENT,12000.0,PERSONAL,19.03,0.16,6,590,No,0
26,female,High School,27133.0,4,OWN,7504.0,MEDICAL,10.96,0.28,3,559,Yes,0
28,male,Bachelor,25179.0,7,RENT,3000.0,VENTURE,11.01,0.12,6,652,No,0
25,female,Bachelor,104514.0,0,MORTGAGE,12204.0,MEDICAL,7.29,0.12,2,571,Yes,0
25,male,Bachelor,92111.0,2,RENT,5000.0,EDUCATION,7.9,0.05,3,619,Yes,0
22,male,High School,37355.0,0,OWN,2500.0,EDUCATION,7.29,0.07,3,622,Yes,0
27,male,Associate,222942.0,3,MORTGAGE,35000.0,PERSONAL,11.01,0.16,8,666,No,0
25,female,Master,51037.0,0,OWN,7200.0,HOMEIMPROVEMENT,7.24,0.14,6,683,No,0
27,female,Bachelor,60684.0,5,MORTGAGE,8000.0,VENTURE,6.75,0.13,5,701,No,0
25,female,Bachelor,90901.0,3,RENT,11250.0,HOMEIMPROVEMENT,11.01,0.12,3,653,Yes,0
44,male,High School,43832.0,20,RENT,4000.0,VENTURE,15.2,0.09,12,664,No,0
60,male,Associate,38908.0,35,RENT,4650.0,DEBTCONSOLIDATION,13.23,0.12,27,671,No,0
29,male,Associate,68362.0,5,RENT,4800.0,PERSONAL,6.39,0.07,6,646,Yes,0
25,male,Associate,74279.0,4,MORTGAGE,15000.0,HOMEIMPROVEMENT,12.64,0.2,2,538,No,0
24,male,High School,144832.0,2,MORTGAGE,20000.0,EDUCATION,9.99,0.14,4,543,Yes,0
22,female,High School,51597.0,0,RENT,10000.0,EDUCATION,11.79,0.19,4,564,Yes,0
32,male,Associate,37354.0,7,OWN,5000.0,MEDICAL,13.59,0.13,10,675,Yes,0
23,male,Bachelor,39623.0,0,RENT,8500.0,MEDICAL,13.16,0.21,4,610,Yes,0
24,female,Associate,72145.0,0,RENT,10000.0,PERSONAL,5.99,0.14,4,609,Yes,0
26,female,Bachelor,35426.0,0,RENT,7000.0,MEDICAL,5.42,0.2,4,613,No,0
30,male,Associate,47993.0,6,RENT,6848.0,MEDICAL,12.93,0.14,8,596,Yes,0
23,female,Associate,103123.0,0,RENT,5000.0,EDUCATION,11.11,0.05,2,565,Yes,0
30,male,Bachelor,108823.0,5,MORTGAGE,8000.0,VENTURE,11.01,0.07,9,704,Yes,0
36,male,Bachelor,103086.0,16,RENT,3525.0,MEDICAL,11.4,0.03,12,590,Yes,0
22,female,High School,39626.0,0,MORTGAGE,10000.0,EDUCATION,10.83,0.25,3,667,Yes,0
41,male,High School,29856.0,20,MORTGAGE,1500.0,MEDICAL,11.01,0.05,15,611,Yes,0
24,male,Associate,48138.0,2,RENT,5000.0,DEBTCONSOLIDATION,16.77,0.1,3,545,No,1
27,female,Bachelor,45025.0,5,MORTGAGE,5500.0,DEBTCONSOLIDATION,13.57,0.12,8,690,Yes,0
24,male,Bachelor,76693.0,3,MORTGAGE,20000.0,VENTURE,11.49,0.26,3,666,No,0
26,female,Associate,136399.0,3,MORTGAGE,3170.0,EDUCATION,11.01,0.02,3,560,Yes,0
36,male,High School,58726.0,12,MORTGAGE,1500.0,MEDICAL,13.92,0.03,11,515,No,1
24,male,Associate,13987.0,3,RENT,5000.0,VENTURE,7.88,0.36,2,638,No,1
29,male,Associate,57554.0,7,RENT,5000.0,PERSONAL,10.62,0.09,7,615,Yes,0
22,female,Associate,61142.0,0,MORTGAGE,7800.0,PERSONAL,6.62,0.13,3,639,Yes,0
22,male,Associate,70623.0,2,RENT,12000.0,VENTURE,11.49,0.17,4,651,No,0
24,male,High School,48960.0,0,OWN,2000.0,PERSONAL,14.35,0.04,2,640,Yes,0
24,male,High School,35392.0,1,MORTGAGE,6000.0,MEDICAL,9.99,0.17,3,604,Yes,0
28,female,Bachelor,54705.0,7,MORTGAGE,4263.0,VENTURE,7.35,0.08,5,617,Yes,0
24,female,High School,64796.0,3,MORTGAGE,13500.0,PERSONAL,10.99,0.21,4,654,Yes,0
30,male,High School,58682.0,5,RENT,10000.0,EDUCATION,12.18,0.17,9,585,Yes,0
22,male,High School,181175.0,1,MORTGAGE,9500.0,MEDICAL,12.87,0.05,4,537,Yes,0
32,female,Bachelor,119435.0,10,MORTGAGE,5400.0,DEBTCONSOLIDATION,9.38,0.05,6,710,No,0
31,female,Doctorate,81562.0,9,RENT,3000.0,VENTURE,7.51,0.04,10,623,Yes,0
29,male,High School,86948.0,4,MORTGAGE,6000.0,DEBTCONSOLIDATION,9.63,0.07,10,625,Yes,0
29,male,Associate,152251.0,9,MORTGAGE,6450.0,EDUCATION,10.37,0.04,7,627,No,0
26,female,Master,87279.0,4,MORTGAGE,10000.0,HOMEIMPROVEMENT,11.01,0.11,3,613,No,0
31,male,Associate,65642.0,8,MORTGAGE,6000.0,VENTURE,6.7,0.09,5,610,Yes,0
28,male,Master,67919.0,6,MORTGAGE,5000.0,MEDICAL,11.01,0.07,7,707,Yes,0
24,male,Bachelor,105383.0,1,MORTGAGE,12000.0,HOMEIMPROVEMENT,8.59,0.11,3,609,Yes,0
24,female,High School,204866.0,1,RENT,12009.0,HOMEIMPROVEMENT,11.26,0.06,3,589,Yes,0
26,male,High School,115342.0,4,RENT,8000.0,PERSONAL,11.13,0.07,4,610,Yes,0
41,female,High School,47966.0,19,RENT,5000.0,VENTURE,11.01,0.1,15,583,Yes,0
24,female,Associate,62190.0,4,MORTGAGE,8000.0,EDUCATION,10.96,0.13,3,668,Yes,0
21,female,High School,56184.0,0,MORTGAGE,4000.0,VENTURE,11.01,0.07,3,605,Yes,0
23,male,Associate,90359.0,3,RENT,18500.0,EDUCATION,11.26,0.2,3,697,Yes,0
22,male,High School,226405.0,2,MORTGAGE,2087.0,VENTURE,8.4,0.01,5,672,Yes,0
23,female,Bachelor,130922.0,0,RENT,10000.0,DEBTCONSOLIDATION,11.01,0.08,3,624,No,1
27,male,Associate,94659.0,1,MORTGAGE,5125.0,VENTURE,8.59,0.05,8,652,Yes,0
22,male,Associate,60660.0,0,RENT,6000.0,DEBTCONSOLIDATION,13.49,0.1,2,600,No,0
28,male,Bachelor,28776.0,8,RENT,4900.0,MEDICAL,7.88,0.17,6,691,No,0
22,male,Bachelor,66151.0,0,MORTGAGE,15750.0,PERSONAL,6.62,0.24,4,662,Yes,0
27,male,High School,74888.0,0,MORTGAGE,6000.0,HOMEIMPROVEMENT,10.99,0.08,7,646,Yes,0
29,female,Associate,78849.0,5,MORTGAGE,10000.0,HOMEIMPROVEMENT,6.99,0.13,9,572,Yes,0
29,male,Bachelor,63525.0,4,MORTGAGE,7800.0,HOMEIMPROVEMENT,10.36,0.12,9,550,Yes,0
30,male,Master,55071.0,2,MORTGAGE,15000.0,PERSONAL,11.02,0.27,6,657,No,0
43,female,Associate,54648.0,21,RENT,7000.0,EDUCATION,9.67,0.13,14,700,No,0
24,male,Associate,65830.0,4,RENT,10000.0,DEBTCONSOLIDATION,14.11,0.15,4,662,No,1
24,female,Master,89747.0,2,MORTGAGE,3900.0,DEBTCONSOLIDATION,5.99,0.04,4,615,Yes,0
26,male,Associate,62135.0,3,RENT,16269.0,MEDICAL,15.17,0.26,8,623,No,1
31,female,Master,38032.0,7,RENT,5000.0,VENTURE,11.12,0.13,9,712,Yes,0
26,male,Associate,116006.0,3,RENT,19000.0,PERSONAL,13.22,0.16,2,663,No,0
31,male,Bachelor,25118.0,10,RENT,4760.0,MEDICAL,10.52,0.19,8,688,No,0
39,female,Doctorate,39978.0,16,RENT,2400.0,PERSONAL,8.88,0.06,17,698,No,0
31,male,Associate,65572.0,8,MORTGAGE,3728.0,EDUCATION,8.49,0.06,7,649,Yes,0
24,male,Bachelor,79934.0,1,RENT,7000.0,VENTURE,11.49,0.09,3,673,Yes,0
24,female,Associate,126960.0,3,MORTGAGE,5907.0,DEBTCONSOLIDATION,11.22,0.05,3,625,Yes,0
23,male,Bachelor,84982.0,0,MORTGAGE,20000.0,EDUCATION,6.17,0.24,2,668,No,0
24,male,Bachelor,70776.0,5,RENT,5000.0,HOMEIMPROVEMENT,13.24,0.07,4,574,Yes,0
25,female,Bachelor,73026.0,3,OWN,16000.0,PERSONAL,13.57,0.22,4,593,No,0
21,female,Bachelor,73183.0,2,RENT,10000.0,MEDICAL,12.18,0.14,4,676,No,0
22,female,Associate,80633.0,0,MORTGAGE,10000.0,DEBTCONSOLIDATION,11.49,0.12,3,569,Yes,0
24,male,High School,78653.0,1,RENT,5000.0,PERSONAL,10.73,0.06,3,637,Yes,0
30,female,High School,60915.0,5,RENT,4228.0,MEDICAL,12.62,0.07,7,644,Yes,0
41,male,High School,170189.0,18,MORTGAGE,6000.0,VENTURE,11.15,0.04,15,658,No,0
23,male,High School,43206.0,0,RENT,5000.0,MEDICAL,10.97,0.12,3,632,Yes,0
32,male,High School,66814.0,11,RENT,10000.0,MEDICAL,8.49,0.15,10,705,No,0
25,male,Master,79248.0,7,MORTGAGE,10000.0,MEDICAL,10.75,0.13,4,636,Yes,0
23,female,Bachelor,102994.0,3,RENT,12000.0,MEDICAL,11.01,0.12,2,647,Yes,0
24,female,High School,102901.0,3,MORTGAGE,12000.0,MEDICAL,7.67,0.12,4,673,No,0
31,female,Master,342166.0,9,MORTGAGE,5000.0,VENTURE,11.01,0.01,9,586,Yes,0
22,female,Bachelor,50863.0,0,MORTGAGE,15000.0,EDUCATION,13.49,0.29,4,661,No,0
24,male,High School,55019.0,1,RENT,12000.0,VENTURE,10.99,0.22,3,569,Yes,0
30,male,Master,133125.0,8,MORTGAGE,10000.0,VENTURE,10.65,0.08,8,686,Yes,0
25,male,Bachelor,70427.0,4,MORTGAGE,17000.0,MEDICAL,10.95,0.24,4,642,Yes,0
23,male,Bachelor,92226.0,0,RENT,7000.0,EDUCATION,6.75,0.08,4,672,No,0
28,female,Master,66881.0,3,RENT,12000.0,HOMEIMPROVEMENT,10.36,0.18,7,617,Yes,0
25,female,Bachelor,47219.0,4,MORTGAGE,12000.0,EDUCATION,10.38,0.25,3,704,No,0
30,male,Associate,252823.0,6,MORTGAGE,24250.0,HOMEIMPROVEMENT,12.87,0.1,6,613,Yes,0
23,male,Bachelor,78945.0,0,MORTGAGE,5500.0,EDUCATION,7.88,0.07,3,709,No,0
26,female,Master,222668.0,3,RENT,13500.0,VENTURE,5.99,0.06,3,482,Yes,0
22,female,Bachelor,29833.0,1,OWN,8000.0,MEDICAL,9.91,0.27,2,592,No,0
33,female,High School,53894.0,10,MORTGAGE,16000.0,VENTURE,7.9,0.3,10,656,Yes,0
26,male,Bachelor,94562.0,3,RENT,18000.0,EDUCATION,13.45,0.19,4,708,No,0
35,male,Associate,96201.0,11,MORTGAGE,9600.0,PERSONAL,14.61,0.1,5,614,Yes,0
23,female,Associate,78838.0,1,RENT,9975.0,VENTURE,7.51,0.13,2,667,Yes,0
25,male,Associate,52773.0,0,RENT,4000.0,EDUCATION,12.92,0.08,4,690,Yes,0
39,female,High School,92835.0,14,RENT,6400.0,VENTURE,11.01,0.07,15,615,Yes,0
45,female,Associate,44269.0,21,RENT,6000.0,EDUCATION,11.01,0.14,12,616,Yes,0
24,female,High School,37003.0,0,RENT,10000.0,MEDICAL,6.04,0.27,4,539,No,1
27,female,Associate,78773.0,4,OWN,5000.0,MEDICAL,7.88,0.06,5,579,No,0
25,female,Associate,37020.0,6,RENT,4800.0,EDUCATION,11.18,0.13,4,666,Yes,0
33,male,Master,90691.0,11,RENT,3600.0,VENTURE,15.27,0.04,9,702,Yes,0
30,male,Associate,63402.0,4,RENT,7000.0,HOMEIMPROVEMENT,10.42,0.11,8,583,Yes,0
24,male,Bachelor,175284.0,4,RENT,14000.0,VENTURE,12.84,0.08,4,704,Yes,0
27,female,Bachelor,35706.0,3,RENT,3000.0,EDUCATION,7.88,0.08,7,665,No,1
23,female,High School,94617.0,0,MORTGAGE,4200.0,EDUCATION,13.06,0.04,3,609,No,0
37,male,Associate,124630.0,16,RENT,18550.0,DEBTCONSOLIDATION,7.88,0.15,12,682,No,0
45,female,Master,143412.0,24,MORTGAGE,20000.0,VENTURE,11.01,0.14,15,732,Yes,0
23,female,High School,36775.0,1,RENT,5000.0,PERSONAL,11.59,0.14,4,652,Yes,0
26,female,Associate,40393.0,8,RENT,3500.0,VENTURE,10.25,0.09,2,632,No,0
24,female,Bachelor,78714.0,0,MORTGAGE,14000.0,EDUCATION,8.49,0.18,3,611,No,0
23,female,Associate,102753.0,3,MORTGAGE,10000.0,DEBTCONSOLIDATION,6.41,0.1,3,586,Yes,0
27,male,Associate,48930.0,4,MORTGAGE,13000.0,VENTURE,7.88,0.27,7,558,Yes,0
33,male,Associate,117347.0,10,RENT,7000.0,EDUCATION,12.98,0.06,8,689,No,0
29,male,Bachelor,89735.0,6,RENT,18000.0,VENTURE,17.04,0.2,10,710,No,1
49,female,Associate,109015.0,23,RENT,12000.0,EDUCATION,11.01,0.11,16,649,Yes,0
40,female,Bachelor,61037.0,19,MORTGAGE,12000.0,PERSONAL,11.01,0.2,17,670,Yes,0
25,female,Bachelor,33163.0,1,RENT,6000.0,VENTURE,11.86,0.18,3,621,No,0
22,female,High School,70567.0,0,RENT,10000.0,EDUCATION,6.65,0.14,3,587,Yes,0
24,male,Master,67251.0,2,MORTGAGE,5500.0,VENTURE,5.99,0.08,4,689,Yes,0
23,male,Master,120773.0,2,OTHER,15000.0,EDUCATION,11.01,0.12,2,506,Yes,0
23,female,Master,72978.0,0,MORTGAGE,15000.0,DEBTCONSOLIDATION,7.9,0.21,3,650,No,0
24,male,Master,130618.0,0,MORTGAGE,3994.0,VENTURE,12.69,0.03,4,687,Yes,0
23,male,High School,73126.0,0,MORTGAGE,20000.0,EDUCATION,7.85,0.27,3,418,Yes,0
26,male,Bachelor,108996.0,6,RENT,7200.0,DEBTCONSOLIDATION,9.91,0.07,2,562,Yes,0
29,female,Bachelor,66970.0,4,MORTGAGE,6400.0,VENTURE,7.88,0.1,9,695,Yes,0
22,male,Master,60990.0,0,MORTGAGE,5000.0,EDUCATION,7.51,0.08,2,641,Yes,0
23,male,Bachelor,49050.0,2,RENT,2500.0,HOMEIMPROVEMENT,12.88,0.05,3,535,Yes,0
23,male,High School,69575.0,0,OWN,9575.0,VENTURE,9.63,0.14,4,568,Yes,0
46,male,Bachelor,123209.0,19,RENT,15000.0,PERSONAL,13.22,0.12,17,716,Yes,0
24,male,High School,96531.0,0,MORTGAGE,30000.0,VENTURE,10.24,0.31,4,594,Yes,0
23,female,Master,19000.0,2,OWN,4475.0,MEDICAL,11.01,0.24,4,647,No,1
23,male,High School,52826.0,5,MORTGAGE,9000.0,PERSONAL,9.63,0.17,2,592,Yes,0
58,male,Bachelor,121416.0,35,RENT,12000.0,EDUCATION,8.9,0.1,30,744,Yes,0
33,female,Associate,87353.0,10,RENT,12000.0,VENTURE,10.84,0.14,5,640,Yes,0
25,male,Bachelor,44351.0,0,RENT,8400.0,PERSONAL,18.64,0.19,4,435,Yes,0
31,male,High School,66748.0,8,RENT,15206.0,PERSONAL,16.16,0.23,6,599,No,0
32,female,Doctorate,283195.0,8,RENT,25000.0,PERSONAL,12.53,0.09,7,589,Yes,0
23,male,Bachelor,33778.0,5,RENT,5800.0,VENTURE,13.06,0.17,4,627,Yes,0
22,male,Associate,96401.0,0,MORTGAGE,7000.0,EDUCATION,7.74,0.07,3,548,Yes,0
24,male,Associate,85430.0,4,OTHER,9000.0,PERSONAL,10.77,0.11,4,637,No,0
24,female,Bachelor,57624.0,0,OWN,4000.0,PERSONAL,9.5,0.07,4,668,Yes,0
23,female,Associate,129387.0,1,MORTGAGE,24250.0,EDUCATION,12.18,0.19,3,592,Yes,0
24,male,Bachelor,87791.0,1,MORTGAGE,25000.0,HOMEIMPROVEMENT,10.74,0.28,4,680,Yes,0
25,female,Bachelor,147412.0,1,MORTGAGE,10000.0,PERSONAL,13.57,0.07,4,596,No,0
26,female,Bachelor,111951.0,3,RENT,12000.0,DEBTCONSOLIDATION,11.71,0.11,4,599,Yes,0
36,male,High School,72962.0,15,MORTGAGE,8000.0,VENTURE,13.92,0.11,14,675,Yes,0
25,male,Associate,54844.0,1,MORTGAGE,10000.0,EDUCATION,10.14,0.18,4,666,Yes,0
30,male,Bachelor,252918.0,8,MORTGAGE,24000.0,DEBTCONSOLIDATION,11.49,0.09,6,593,Yes,0
29,male,High School,61237.0,10,OWN,4200.0,MEDICAL,9.91,0.07,6,538,Yes,0
23,female,Associate,108966.0,0,RENT,10000.0,DEBTCONSOLIDATION,7.49,0.09,3,604,Yes,0
37,female,High School,42406.0,14,RENT,4500.0,MEDICAL,14.51,0.11,10,589,No,1
52,male,High School,78289.0,26,RENT,5000.0,EDUCATION,11.26,0.06,20,660,No,0
27,male,Associate,55151.0,7,RENT,10400.0,DEBTCONSOLIDATION,14.65,0.19,9,664,Yes,0
26,female,Associate,66825.0,6,RENT,3200.0,DEBTCONSOLIDATION,8.49,0.05,2,594,No,0
27,male,Bachelor,61188.0,5,RENT,8000.0,HOMEIMPROVEMENT,7.9,0.13,9,647,No,0
55,male,High School,150774.0,32,MORTGAGE,8400.0,PERSONAL,9.63,0.06,18,697,No,0
22,female,Associate,40385.0,0,MORTGAGE,12500.0,EDUCATION,14.26,0.31,2,660,No,0
25,female,Master,72972.0,0,RENT,10000.0,EDUCATION,11.01,0.14,4,665,Yes,0
25,female,Associate,43536.0,5,RENT,6377.0,PERSONAL,15.4,0.15,4,614,No,1
22,female,Bachelor,80378.0,0,OWN,5000.0,EDUCATION,7.9,0.06,4,523,Yes,0
47,female,High School,55032.0,25,OWN,11200.0,MEDICAL,6.62,0.2,12,661,Yes,0
48,male,High School,50434.0,27,RENT,5000.0,MEDICAL,7.29,0.1,16,602,No,0
26,male,High School,102928.0,2,MORTGAGE,15000.0,DEBTCONSOLIDATION,12.73,0.15,3,631,Yes,0
58,male,Bachelor,62551.0,33,RENT,13500.0,PERSONAL,11.58,0.22,21,750,No,0
29,female,High School,31031.0,6,OWN,10000.0,MEDICAL,13.49,0.32,5,514,Yes,0
29,male,High School,71629.0,3,MORTGAGE,16000.0,VENTURE,9.88,0.22,6,667,Yes,0
36,male,High School,200240.0,17,RENT,10000.0,MEDICAL,7.88,0.05,17,696,No,0
24,male,High School,163372.0,3,RENT,16000.0,EDUCATION,16.69,0.1,2,667,Yes,0
28,female,Bachelor,37056.0,4,RENT,10000.0,VENTURE,14.54,0.27,7,593,No,1
22,female,High School,28703.0,0,RENT,3000.0,MEDICAL,5.79,0.1,2,595,Yes,0
33,male,Associate,75456.0,10,RENT,7000.0,MEDICAL,7.03,0.09,9,638,No,0
29,male,Associate,59308.0,10,RENT,5000.0,DEBTCONSOLIDATION,13.98,0.08,5,728,No,0
28,male,Associate,49991.0,9,RENT,9867.0,EDUCATION,9.4,0.2,9,555,No,0
34,male,Bachelor,157037.0,12,MORTGAGE,5000.0,PERSONAL,17.56,0.03,8,703,No,0
29,female,Master,65623.0,5,RENT,6000.0,DEBTCONSOLIDATION,7.9,0.09,7,707,No,0
25,male,High School,79070.0,3,RENT,10000.0,EDUCATION,13.79,0.13,3,568,No,0
23,female,Bachelor,90025.0,0,RENT,22000.0,DEBTCONSOLIDATION,10.59,0.24,3,640,Yes,0
30,female,High School,113953.0,8,MORTGAGE,10000.0,DEBTCONSOLIDATION,14.27,0.09,10,621,Yes,0
23,female,Master,49098.0,0,RENT,4600.0,VENTURE,10.59,0.09,3,669,Yes,0
27,female,Bachelor,120705.0,3,MORTGAGE,10000.0,MEDICAL,12.24,0.08,9,595,Yes,0
39,male,Associate,61429.0,18,MORTGAGE,16000.0,VENTURE,11.67,0.26,13,621,Yes,0
23,female,High School,94745.0,0,RENT,3000.0,VENTURE,16.89,0.03,3,591,Yes,0
24,male,High School,28750.0,2,RENT,5000.0,EDUCATION,11.01,0.17,4,651,Yes,0
38,male,High School,61304.0,15,RENT,9200.0,EDUCATION,9.25,0.15,11,659,Yes,0
21,female,Associate,51804.0,1,RENT,10400.0,DEBTCONSOLIDATION,11.49,0.2,4,501,No,0
32,female,Bachelor,67069.0,8,MORTGAGE,7000.0,MEDICAL,6.92,0.1,8,717,No,0
24,female,Associate,48807.0,3,RENT,2000.0,MEDICAL,11.01,0.04,4,652,No,0
25,female,High School,61434.0,4,MORTGAGE,3000.0,VENTURE,14.65,0.05,3,656,Yes,0
23,male,Associate,74731.0,0,MORTGAGE,7174.0,PERSONAL,10.99,0.1,4,629,Yes,0
34,female,Associate,85120.0,10,RENT,6000.0,EDUCATION,11.89,0.07,5,654,Yes,0
36,male,High School,50350.0,14,MORTGAGE,7200.0,HOMEIMPROVEMENT,16.32,0.14,11,693,No,0
30,male,Bachelor,82893.0,10,MORTGAGE,6000.0,EDUCATION,13.13,0.07,6,599,No,0
22,female,High School,59865.0,0,MORTGAGE,6500.0,MEDICAL,12.68,0.11,2,635,No,1
29,male,Bachelor,85250.0,8,RENT,4350.0,EDUCATION,11.01,0.05,10,624,Yes,0
29,male,Bachelor,25418.0,10,RENT,2000.0,HOMEIMPROVEMENT,7.9,0.08,9,669,No,1
25,female,Master,75566.0,2,MORTGAGE,9501.0,EDUCATION,6.58,0.13,3,699,No,0
23,male,Bachelor,89202.0,0,MORTGAGE,7500.0,DEBTCONSOLIDATION,11.01,0.08,2,695,No,0
31,female,High School,83868.0,11,RENT,16000.0,HOMEIMPROVEMENT,5.99,0.19,9,604,Yes,0
29,male,High School,181009.0,10,RENT,15000.0,HOMEIMPROVEMENT,16.32,0.08,5,668,Yes,0
27,female,High School,104201.0,5,RENT,15000.0,DEBTCONSOLIDATION,6.91,0.14,5,619,No,0
26,female,Bachelor,40001.0,2,MORTGAGE,3500.0,HOMEIMPROVEMENT,8.59,0.09,2,569,Yes,0
23,male,Associate,57343.0,1,OWN,9000.0,VENTURE,11.01,0.16,4,640,Yes,0
26,female,Bachelor,42104.0,3,RENT,5500.0,VENTURE,13.11,0.13,3,621,Yes,0
35,female,Bachelor,127331.0,11,MORTGAGE,3000.0,PERSONAL,10.37,0.02,7,681,Yes,0
23,female,Associate,72988.0,0,MORTGAGE,4500.0,MEDICAL,7.4,0.06,3,562,Yes,0
25,female,Bachelor,45473.0,4,MORTGAGE,8400.0,PERSONAL,10.72,0.18,4,686,No,0
23,female,Associate,68293.0,0,MORTGAGE,6000.0,DEBTCONSOLIDATION,11.78,0.09,3,696,No,0
25,female,Bachelor,75092.0,3,OWN,3500.0,VENTURE,13.57,0.05,4,653,Yes,0
22,male,High School,47956.0,0,RENT,10000.0,EDUCATION,11.01,0.21,3,569,No,1
28,male,Bachelor,51491.0,5,RENT,3000.0,MEDICAL,10.25,0.06,10,563,Yes,0
24,female,High School,102887.0,0,MORTGAGE,1000.0,EDUCATION,9.99,0.01,4,543,Yes,0
27,female,Bachelor,51321.0,2,RENT,14000.0,DEBTCONSOLIDATION,9.88,0.27,5,689,No,1
24,female,Master,56079.0,2,RENT,2000.0,EDUCATION,12.98,0.04,4,588,Yes,0
23,male,High School,55181.0,0,RENT,10000.0,EDUCATION,11.1,0.18,3,597,Yes,0
25,male,Master,55055.0,5,RENT,10000.0,MEDICAL,12.69,0.18,2,683,No,0
22,female,Bachelor,78955.0,0,MORTGAGE,6500.0,MEDICAL,9.25,0.08,4,649,No,0
26,female,Bachelor,27001.0,0,RENT,6000.0,MEDICAL,10.59,0.22,4,648,No,0
23,male,Bachelor,49200.0,0,OWN,2000.0,VENTURE,11.01,0.04,4,694,No,0
25,male,High School,179943.0,1,OWN,7112.0,VENTURE,10.09,0.04,3,632,No,0
34,female,Associate,78897.0,12,MORTGAGE,11200.0,DEBTCONSOLIDATION,7.88,0.14,6,649,No,0
28,male,Bachelor,69784.0,8,MORTGAGE,6000.0,VENTURE,12.73,0.09,10,650,Yes,0
23,male,High School,78910.0,3,RENT,6000.0,MEDICAL,9.63,0.08,3,593,Yes,0
29,male,Bachelor,136545.0,4,MORTGAGE,25000.0,HOMEIMPROVEMENT,13.16,0.18,9,660,No,1
38,male,High School,61108.0,15,RENT,4000.0,VENTURE,7.88,0.07,12,608,Yes,0
24,male,High School,120708.0,0,MORTGAGE,13000.0,DEBTCONSOLIDATION,11.48,0.11,4,620,No,0
31,male,Associate,57318.0,10,RENT,8000.0,EDUCATION,11.01,0.14,8,554,Yes,0
28,male,Bachelor,31375.0,0,RENT,7000.0,DEBTCONSOLIDATION,12.53,0.22,8,661,No,0
33,male,Master,44204.0,8,RENT,6000.0,MEDICAL,13.22,0.14,8,639,Yes,0
23,male,Associate,54964.0,0,RENT,4800.0,PERSONAL,13.34,0.09,4,529,No,0
29,male,High School,101673.0,9,MORTGAGE,8000.0,DEBTCONSOLIDATION,14.96,0.08,5,645,No,1
23,female,Associate,73079.0,1,OWN,10000.0,VENTURE,13.22,0.14,4,628,Yes,0
33,female,Bachelor,111986.0,11,MORTGAGE,13038.0,DEBTCONSOLIDATION,8.5,0.12,7,690,No,0
37,male,Bachelor,75420.0,13,RENT,7000.0,MEDICAL,10.31,0.09,14,657,Yes,0
25,female,Bachelor,85956.0,3,RENT,9664.0,VENTURE,8.43,0.11,5,613,Yes,0
25,male,Bachelor,46958.0,3,MORTGAGE,10000.0,DEBTCONSOLIDATION,7.29,0.21,2,472,Yes,0
35,male,Master,47514.0,11,RENT,10000.0,MEDICAL,12.36,0.21,7,642,No,1
42,male,Associate,99341.0,20,RENT,12000.0,VENTURE,13.24,0.12,13,709,Yes,0
32,male,Master,204852.0,9,RENT,10000.0,PERSONAL,11.14,0.05,5,656,No,0
33,female,Bachelor,50214.0,14,RENT,8400.0,MEDICAL,11.71,0.17,6,646,Yes,0
26,male,Bachelor,132804.0,2,RENT,12000.0,PERSONAL,7.89,0.09,2,558,Yes,0
20,female,Master,118478.0,0,MORTGAGE,24250.0,EDUCATION,11.01,0.2,4,594,No,0
22,female,High School,112779.0,0,MORTGAGE,3600.0,MEDICAL,7.9,0.03,3,704,No,0
23,female,Bachelor,49113.0,5,RENT,2400.0,DEBTCONSOLIDATION,8.9,0.05,3,617,Yes,0
23,female,Master,78972.0,0,MORTGAGE,5500.0,EDUCATION,7.88,0.07,2,656,No,0
24,female,High School,32949.0,0,RENT,2506.0,EDUCATION,6.87,0.08,6,650,Yes,0
50,female,High School,128164.0,29,MORTGAGE,10200.0,MEDICAL,9.32,0.08,15,709,Yes,0
26,male,Bachelor,133051.0,3,MORTGAGE,10000.0,HOMEIMPROVEMENT,10.8,0.08,4,562,Yes,0
28,female,Bachelor,138858.0,5,MORTGAGE,4500.0,PERSONAL,12.68,0.03,7,672,Yes,0
31,female,Associate,22192.0,7,OWN,2500.0,VENTURE,14.74,0.11,7,538,Yes,0
34,male,High School,37024.0,7,RENT,11982.0,DEBTCONSOLIDATION,9.69,0.32,6,613,No,1
22,male,Bachelor,64770.0,3,MORTGAGE,6600.0,VENTURE,14.46,0.1,4,686,Yes,0
23,female,Master,82345.0,0,RENT,7500.0,PERSONAL,10.48,0.09,3,560,Yes,0
28,male,Associate,63685.0,2,RENT,10000.0,PERSONAL,12.69,0.16,7,673,No,0
27,male,Bachelor,60895.0,6,RENT,15000.0,VENTURE,13.16,0.25,9,669,No,0
44,male,Associate,66074.0,21,RENT,5000.0,MEDICAL,12.61,0.08,14,632,No,1
35,male,High School,91857.0,13,RENT,1000.0,PERSONAL,13.49,0.01,8,678,Yes,0
24,male,Associate,84907.0,1,OTHER,9000.0,PERSONAL,9.63,0.11,4,594,No,0
30,female,Associate,147120.0,6,MORTGAGE,11200.0,HOMEIMPROVEMENT,5.42,0.08,9,723,No,0
28,female,Master,45599.0,9,RENT,6400.0,PERSONAL,12.02,0.14,6,681,No,0
23,male,Master,48943.0,4,OWN,15000.0,EDUCATION,12.45,0.31,4,699,No,0
26,female,Bachelor,61144.0,2,RENT,13000.0,MEDICAL,11.26,0.21,3,597,Yes,0
28,male,Bachelor,36793.0,3,RENT,2400.0,PERSONAL,9.25,0.07,6,682,Yes,0
33,female,Bachelor,45397.0,12,MORTGAGE,13000.0,PERSONAL,10.36,0.29,7,608,Yes,0
28,male,Bachelor,97211.0,4,MORTGAGE,7412.0,EDUCATION,12.63,0.08,10,705,Yes,0
23,male,Master,42957.0,0,RENT,5483.0,PERSONAL,6.7,0.13,3,622,No,0
28,female,Master,240873.0,9,MORTGAGE,15000.0,MEDICAL,8.9,0.06,10,686,Yes,0
21,male,Bachelor,69084.0,0,RENT,3000.0,VENTURE,5.42,0.04,2,551,Yes,0
33,male,Bachelor,49123.0,13,MORTGAGE,16678.0,MEDICAL,9.51,0.34,7,656,Yes,0
26,male,Associate,99670.0,3,RENT,18000.0,HOMEIMPROVEMENT,10.29,0.18,7,593,No,0
38,male,High School,50551.0,13,RENT,6000.0,DEBTCONSOLIDATION,13.61,0.12,17,699,Yes,0
26,female,Doctorate,113779.0,5,MORTGAGE,5000.0,DEBTCONSOLIDATION,7.68,0.04,3,636,Yes,0
25,male,Bachelor,37197.0,4,MORTGAGE,10625.0,EDUCATION,16.49,0.29,4,655,Yes,0
27,male,Master,29895.0,4,RENT,2111.0,MEDICAL,13.45,0.07,4,697,No,0
31,female,High School,240810.0,9,MORTGAGE,25000.0,HOMEIMPROVEMENT,12.77,0.1,9,609,Yes,0
27,female,Bachelor,25047.0,4,RENT,4000.0,EDUCATION,12.05,0.16,5,664,No,0
27,male,Bachelor,120832.0,3,MORTGAGE,12000.0,HOMEIMPROVEMENT,6.03,0.1,7,682,No,0
30,male,Associate,67898.0,12,RENT,6000.0,MEDICAL,10.25,0.09,5,648,Yes,0
24,male,Bachelor,66025.0,0,RENT,2400.0,PERSONAL,8.0,0.04,3,683,Yes,0
22,male,Associate,51348.0,0,RENT,5000.0,PERSONAL,12.87,0.1,3,588,No,0
25,male,High School,40270.0,0,RENT,10000.0,VENTURE,7.51,0.25,4,563,Yes,0
23,female,Master,72920.0,1,RENT,9000.0,VENTURE,9.6,0.12,4,591,Yes,0
22,female,Associate,108856.0,0,MORTGAGE,4812.0,EDUCATION,9.64,0.04,3,620,No,0
23,male,Bachelor,128257.0,0,MORTGAGE,8550.0,MEDICAL,9.88,0.07,2,525,Yes,0
22,female,Associate,79230.0,2,RENT,15000.0,VENTURE,16.95,0.19,3,586,No,0
29,male,Bachelor,82783.0,2,RENT,10000.0,MEDICAL,10.65,0.12,5,689,Yes,0
27,female,Associate,111368.0,3,MORTGAGE,12000.0,HOMEIMPROVEMENT,6.62,0.11,7,543,No,0
25,female,Master,47944.0,0,RENT,2000.0,HOMEIMPROVEMENT,7.66,0.04,4,670,No,1
30,male,Bachelor,204882.0,9,RENT,24780.0,HOMEIMPROVEMENT,14.27,0.12,7,545,No,0
24,male,High School,41067.0,3,OWN,12250.0,VENTURE,13.11,0.3,4,635,Yes,0
24,female,Associate,66996.0,5,MORTGAGE,3000.0,DEBTCONSOLIDATION,11.12,0.04,2,555,No,0
27,female,Associate,75173.0,7,RENT,9162.0,HOMEIMPROVEMENT,13.17,0.12,5,625,Yes,0
22,male,Associate,102990.0,0,RENT,8000.0,PERSONAL,13.92,0.08,3,600,Yes,0
28,female,Associate,107648.0,4,MORTGAGE,10000.0,DEBTCONSOLIDATION,11.22,0.09,6,662,Yes,0
22,male,High School,52522.0,0,MORTGAGE,8500.0,VENTURE,14.24,0.16,3,602,Yes,0
23,male,High School,44135.0,0,RENT,1200.0,DEBTCONSOLIDATION,13.99,0.03,4,569,Yes,0
38,male,Associate,35022.0,15,OWN,13000.0,VENTURE,8.32,0.37,12,653,No,0
25,female,Master,96561.0,0,OWN,10000.0,EDUCATION,14.72,0.1,3,625,No,0
32,male,Associate,102979.0,12,MORTGAGE,6000.0,DEBTCONSOLIDATION,12.99,0.06,7,599,Yes,0
31,female,Master,64565.0,5,RENT,6895.0,VENTURE,11.45,0.11,7,679,No,0
24,male,Bachelor,78479.0,2,RENT,5000.0,PERSONAL,7.9,0.06,3,658,No,0
31,male,Associate,78949.0,10,RENT,10000.0,VENTURE,7.66,0.13,9,592,Yes,0
26,male,Associate,127119.0,2,MORTGAGE,4917.0,HOMEIMPROVEMENT,11.31,0.04,4,609,Yes,0
32,male,Master,60930.0,12,RENT,6000.0,PERSONAL,9.37,0.1,8,683,No,0
28,male,Bachelor,44385.0,6,RENT,6000.0,EDUCATION,13.75,0.14,8,618,No,0
27,female,Master,21811.0,4,RENT,1000.0,VENTURE,7.56,0.05,5,602,Yes,0
28,male,Bachelor,121307.0,5,MORTGAGE,13000.0,VENTURE,8.59,0.11,5,697,Yes,0
27,male,Bachelor,41525.0,6,MORTGAGE,3000.0,MEDICAL,12.88,0.07,8,625,Yes,0
22,male,High School,94772.0,2,MORTGAGE,15000.0,DEBTCONSOLIDATION,7.88,0.16,3,640,No,0
28,male,Associate,74248.0,3,MORTGAGE,12000.0,PERSONAL,8.57,0.16,6,691,Yes,0
24,female,High School,111304.0,0,MORTGAGE,22000.0,DEBTCONSOLIDATION,10.99,0.2,4,569,Yes,0
31,male,Bachelor,61772.0,8,RENT,5000.0,EDUCATION,12.6,0.08,7,543,Yes,0
24,male,Master,78179.0,3,RENT,3000.0,DEBTCONSOLIDATION,15.21,0.04,4,603,No,1
26,female,Doctorate,126774.0,7,MORTGAGE,15000.0,MEDICAL,8.94,0.12,4,619,Yes,0
36,female,Master,36783.0,15,RENT,5500.0,EDUCATION,8.9,0.15,11,739,Yes,0
29,male,Master,88985.0,8,MORTGAGE,12000.0,EDUCATION,8.88,0.13,10,733,No,0
22,male,High School,61027.0,1,RENT,4250.0,MEDICAL,12.69,0.07,4,627,Yes,0
27,male,High School,80494.0,4,MORTGAGE,10000.0,VENTURE,8.08,0.12,7,645,Yes,0
27,male,Bachelor,58646.0,6,RENT,5500.0,MEDICAL,11.5,0.09,5,600,Yes,0
39,male,Bachelor,49260.0,16,OWN,15000.0,HOMEIMPROVEMENT,6.25,0.3,13,671,No,0
30,female,Bachelor,77577.0,6,RENT,10000.0,DEBTCONSOLIDATION,11.99,0.13,6,697,No,0
23,female,Associate,29660.0,3,MORTGAGE,1375.0,MEDICAL,11.11,0.05,3,678,No,1
27,male,Associate,55125.0,4,MORTGAGE,18000.0,MEDICAL,12.87,0.33,8,502,Yes,0
23,female,Associate,43779.0,1,MORTGAGE,11000.0,EDUCATION,11.01,0.25,3,683,No,0
23,male,High School,85782.0,1,OWN,10500.0,EDUCATION,13.92,0.12,4,673,No,0
29,female,Master,55107.0,7,RENT,8700.0,EDUCATION,7.88,0.16,9,700,Yes,0
28,female,Master,51239.0,7,RENT,9600.0,EDUCATION,14.61,0.19,9,732,No,0
23,female,Master,111856.0,2,RENT,2500.0,VENTURE,10.74,0.02,3,681,Yes,0
23,female,Bachelor,50889.0,2,RENT,7356.0,EDUCATION,12.0,0.14,3,593,Yes,0
23,male,Master,60846.0,1,RENT,9507.0,EDUCATION,7.03,0.16,3,717,No,0
27,female,High School,55821.0,4,MORTGAGE,1000.0,VENTURE,16.29,0.02,5,668,Yes,0
24,male,Master,63173.0,0,OWN,5000.0,PERSONAL,7.4,0.08,2,616,Yes,0
24,male,Associate,44069.0,0,RENT,1500.0,PERSONAL,10.0,0.03,3,646,Yes,0
21,male,Associate,36893.0,0,MORTGAGE,2400.0,EDUCATION,11.71,0.07,3,622,Yes,0
25,female,High School,61234.0,6,OWN,10000.0,VENTURE,10.75,0.16,2,662,Yes,0
27,male,Associate,39260.0,5,RENT,8500.0,MEDICAL,9.35,0.22,6,645,Yes,0
30,female,Master,36078.0,8,RENT,5400.0,DEBTCONSOLIDATION,7.14,0.15,10,620,Yes,0
45,female,Associate,54908.0,26,MORTGAGE,14000.0,EDUCATION,6.62,0.25,12,581,No,0
24,male,Associate,53872.0,0,RENT,12000.0,DEBTCONSOLIDATION,11.56,0.22,4,550,No,1
21,male,Bachelor,53711.0,1,MORTGAGE,12000.0,DEBTCONSOLIDATION,11.01,0.22,2,650,Yes,0
29,male,High School,103224.0,5,MORTGAGE,10000.0,VENTURE,16.63,0.1,8,541,Yes,0
44,male,Associate,43877.0,18,MORTGAGE,12000.0,VENTURE,13.41,0.27,13,596,Yes,0
28,male,High School,42810.0,4,OWN,5000.0,VENTURE,14.27,0.12,10,549,No,0
23,male,High School,77071.0,0,RENT,4865.0,EDUCATION,10.98,0.06,4,644,Yes,0
29,female,Bachelor,534783.0,5,MORTGAGE,25000.0,PERSONAL,9.62,0.05,5,577,Yes,0
23,female,Associate,88737.0,1,RENT,6000.0,MEDICAL,12.53,0.07,4,543,Yes,0
22,male,Bachelor,121098.0,0,RENT,10000.0,EDUCATION,10.65,0.08,3,559,No,0
28,female,Bachelor,31023.0,3,RENT,5000.0,EDUCATION,7.51,0.16,8,715,No,0
34,male,Associate,77596.0,13,MORTGAGE,8000.0,HOMEIMPROVEMENT,6.91,0.1,6,690,Yes,0
22,female,High School,141247.0,0,MORTGAGE,6000.0,EDUCATION,8.49,0.04,4,629,Yes,0
37,male,High School,27364.0,14,RENT,4000.0,MEDICAL,10.0,0.15,17,713,Yes,0
23,male,Bachelor,70483.0,0,RENT,5000.0,PERSONAL,13.16,0.07,3,695,No,0
25,male,Bachelor,50534.0,3,RENT,10000.0,HOMEIMPROVEMENT,12.7,0.2,5,651,No,1
29,male,Associate,117217.0,6,RENT,25000.0,PERSONAL,10.37,0.21,10,666,Yes,0
24,male,Master,70636.0,2,RENT,5000.0,PERSONAL,12.72,0.07,3,647,No,0
27,male,Associate,58484.0,6,RENT,10000.0,DEBTCONSOLIDATION,10.62,0.17,7,682,No,0
25,female,Associate,87005.0,1,RENT,11200.0,PERSONAL,10.36,0.13,2,700,No,0
24,female,Associate,15542.0,0,OWN,2500.0,EDUCATION,12.69,0.16,4,655,No,1
24,male,Associate,65826.0,3,MORTGAGE,16028.0,PERSONAL,10.78,0.24,4,566,Yes,0
26,male,Bachelor,43427.0,2,OWN,4800.0,HOMEIMPROVEMENT,6.03,0.11,2,641,Yes,0
43,male,Bachelor,366106.0,21,MORTGAGE,20000.0,VENTURE,16.65,0.05,13,630,No,0
22,male,Bachelor,46713.0,3,OWN,3000.0,VENTURE,12.92,0.06,3,650,No,0
31,female,Associate,106273.0,9,RENT,6000.0,DEBTCONSOLIDATION,11.99,0.06,5,669,Yes,0
32,male,Bachelor,45540.0,7,OWN,4943.0,EDUCATION,11.17,0.11,7,701,Yes,0
32,female,Master,78876.0,12,RENT,19000.0,MEDICAL,12.84,0.24,5,706,Yes,0
29,female,Bachelor,156374.0,4,MORTGAGE,27300.0,PERSONAL,10.57,0.17,6,608,Yes,0
29,female,Bachelor,47231.0,7,RENT,2200.0,VENTURE,12.92,0.05,8,649,Yes,0
28,male,Master,88660.0,8,MORTGAGE,15600.0,DEBTCONSOLIDATION,6.03,0.18,9,620,Yes,0
27,female,Bachelor,72804.0,9,MORTGAGE,6000.0,PERSONAL,11.48,0.08,10,653,Yes,0
24,male,Associate,69484.0,1,MORTGAGE,2400.0,MEDICAL,12.69,0.03,4,608,Yes,0
31,female,Associate,80505.0,11,RENT,2546.0,EDUCATION,11.35,0.03,10,562,Yes,0
21,male,Associate,43051.0,0,MORTGAGE,1500.0,EDUCATION,9.63,0.03,2,681,No,0
26,male,Bachelor,44556.0,3,RENT,7000.0,PERSONAL,14.22,0.16,4,648,Yes,0
31,female,Master,24784.0,8,OWN,6400.0,VENTURE,5.42,0.26,6,548,Yes,0
23,female,Master,115175.0,0,MORTGAGE,4976.0,EDUCATION,6.19,0.04,4,601,Yes,0
26,female,High School,66752.0,4,MORTGAGE,5000.0,VENTURE,7.96,0.07,4,614,Yes,0
23,male,Master,58437.0,0,RENT,9800.0,DEBTCONSOLIDATION,7.88,0.17,4,659,No,0
28,female,Associate,120941.0,4,MORTGAGE,20000.0,VENTURE,11.48,0.17,5,551,Yes,0
23,female,Master,100392.0,0,RENT,12000.0,VENTURE,7.51,0.12,3,570,Yes,0
30,male,High School,109144.0,5,MORTGAGE,10000.0,PERSONAL,5.79,0.09,7,644,Yes,0
27,male,Bachelor,38854.0,6,MORTGAGE,14104.0,HOMEIMPROVEMENT,11.9,0.36,9,701,Yes,0
40,male,Bachelor,79054.0,16,RENT,5000.0,HOMEIMPROVEMENT,9.63,0.06,17,673,No,0
27,female,Master,84683.0,5,MORTGAGE,14750.0,MEDICAL,7.49,0.17,9,641,Yes,0
23,female,Bachelor,127785.0,2,RENT,15000.0,VENTURE,15.95,0.12,3,667,No,0
28,male,Master,96777.0,6,MORTGAGE,12000.0,DEBTCONSOLIDATION,12.18,0.12,5,714,No,0
26,female,Bachelor,183214.0,6,MORTGAGE,5800.0,EDUCATION,7.88,0.03,3,604,Yes,0
23,female,Associate,47772.0,1,RENT,10000.0,PERSONAL,11.99,0.21,3,657,No,1
27,male,Bachelor,82578.0,2,MORTGAGE,6000.0,PERSONAL,11.86,0.07,6,667,Yes,0
36,male,Associate,75669.0,16,MORTGAGE,12000.0,PERSONAL,16.89,0.16,14,725,No,0
26,male,High School,58254.0,3,MORTGAGE,3000.0,VENTURE,10.77,0.05,4,655,Yes,0
25,male,Associate,92183.0,2,MORTGAGE,20000.0,EDUCATION,6.54,0.22,2,653,No,0
24,male,High School,53794.0,3,MORTGAGE,24748.0,DEBTCONSOLIDATION,14.27,0.46,2,624,No,1
27,male,High School,157291.0,0,MORTGAGE,4800.0,PERSONAL,9.63,0.03,9,671,Yes,0
26,male,High School,88451.0,6,MORTGAGE,10625.0,EDUCATION,6.03,0.12,4,559,Yes,0
25,male,Bachelor,44219.0,0,RENT,10000.0,DEBTCONSOLIDATION,11.14,0.23,4,698,No,0
27,female,Master,72065.0,4,RENT,15000.0,DEBTCONSOLIDATION,10.75,0.21,7,669,No,0
27,male,Associate,53526.0,3,RENT,1200.0,MEDICAL,15.23,0.02,5,615,Yes,0
22,female,Associate,49282.0,0,RENT,10000.0,VENTURE,11.01,0.2,2,679,Yes,0
23,male,High School,145089.0,0,MORTGAGE,3610.0,DEBTCONSOLIDATION,10.26,0.02,4,608,No,0
24,female,High School,91229.0,2,OTHER,12000.0,HOMEIMPROVEMENT,14.26,0.13,3,663,Yes,0
22,male,Master,51478.0,2,RENT,6000.0,EDUCATION,11.01,0.12,3,669,Yes,0
23,female,High School,87615.0,1,RENT,10000.0,PERSONAL,10.59,0.11,4,667,Yes,0
22,female,Master,70536.0,0,MORTGAGE,4000.0,VENTURE,7.29,0.06,3,581,Yes,0
32,female,Associate,63580.0,10,MORTGAGE,20000.0,HOMEIMPROVEMENT,11.01,0.31,9,637,No,0
25,male,High School,51659.0,3,RENT,8000.0,EDUCATION,11.0,0.15,4,620,Yes,0
24,female,Master,54896.0,0,RENT,6000.0,EDUCATION,11.01,0.11,3,637,Yes,0
24,male,Bachelor,58598.0,0,RENT,10000.0,PERSONAL,14.01,0.17,4,686,No,0
27,male,Bachelor,132879.0,4,MORTGAGE,25000.0,PERSONAL,11.19,0.19,3,685,Yes,0
25,female,Bachelor,43298.0,6,RENT,3500.0,EDUCATION,7.43,0.08,4,660,No,0
22,female,Master,58839.0,0,MORTGAGE,15000.0,VENTURE,6.17,0.25,4,624,Yes,0
23,female,Bachelor,173598.0,0,MORTGAGE,10000.0,PERSONAL,5.99,0.06,2,691,Yes,0
33,male,Associate,120770.0,11,MORTGAGE,25000.0,HOMEIMPROVEMENT,10.39,0.21,8,687,Yes,0
34,male,High School,107595.0,10,RENT,35000.0,HOMEIMPROVEMENT,18.25,0.33,8,576,No,1
46,female,Doctorate,57399.0,25,MORTGAGE,6000.0,VENTURE,7.14,0.1,15,690,No,0
24,male,High School,36845.0,0,RENT,3600.0,VENTURE,8.49,0.1,3,623,Yes,0
22,male,High School,29941.0,0,RENT,1923.0,EDUCATION,11.57,0.06,4,613,Yes,0
25,female,Bachelor,69508.0,3,MORTGAGE,6000.0,VENTURE,7.99,0.09,3,661,Yes,0
30,male,Bachelor,82934.0,6,RENT,10000.0,PERSONAL,10.75,0.12,7,545,Yes,0
25,male,Associate,90801.0,3,MORTGAGE,12000.0,HOMEIMPROVEMENT,7.29,0.13,3,643,Yes,0
29,male,Bachelor,164149.0,7,RENT,10000.0,DEBTCONSOLIDATION,7.14,0.06,6,683,No,0
22,male,High School,61499.0,2,RENT,2000.0,VENTURE,11.01,0.03,4,659,Yes,0
22,male,Bachelor,61070.0,2,MORTGAGE,10000.0,VENTURE,11.03,0.16,4,678,Yes,0
23,male,Bachelor,103067.0,4,RENT,10000.0,MEDICAL,11.89,0.1,4,677,No,0
25,male,Master,72954.0,4,OWN,3000.0,HOMEIMPROVEMENT,13.79,0.04,2,556,Yes,0
27,male,Associate,133399.0,2,MORTGAGE,16000.0,EDUCATION,7.9,0.12,7,649,Yes,0
23,male,Master,49063.0,0,RENT,9000.0,VENTURE,11.24,0.18,4,542,Yes,0
28,female,Bachelor,97278.0,5,RENT,3025.0,VENTURE,9.99,0.03,8,604,Yes,0
31,female,Associate,312794.0,9,MORTGAGE,25000.0,DEBTCONSOLIDATION,13.57,0.08,10,694,No,0
21,male,Associate,24837.0,3,RENT,8000.0,MEDICAL,12.21,0.32,4,695,No,1
30,male,High School,21005.0,10,RENT,4000.0,VENTURE,14.22,0.19,7,607,No,1
25,male,Bachelor,37052.0,3,RENT,3000.0,MEDICAL,11.51,0.08,4,701,Yes,0
30,male,Associate,43064.0,4,RENT,2000.0,EDUCATION,9.7,0.05,8,610,Yes,0
24,male,High School,77527.0,4,RENT,5500.0,EDUCATION,10.75,0.07,4,589,Yes,0
26,female,Doctorate,141216.0,2,MORTGAGE,6000.0,HOMEIMPROVEMENT,7.51,0.04,4,576,No,0
27,female,High School,54879.0,5,RENT,18000.0,PERSONAL,13.16,0.33,7,611,No,1
22,female,High School,97112.0,0,MORTGAGE,7250.0,PERSONAL,11.01,0.07,3,558,Yes,0
42,male,Master,145263.0,17,MORTGAGE,9250.0,EDUCATION,11.86,0.06,13,667,No,0
33,female,Bachelor,118595.0,10,MORTGAGE,25000.0,VENTURE,11.83,0.21,10,691,No,0
29,female,Associate,65280.0,8,MORTGAGE,11225.0,HOMEIMPROVEMENT,11.14,0.17,7,664,No,0
21,male,Bachelor,28576.0,1,RENT,6250.0,PERSONAL,13.48,0.22,3,673,No,0
28,male,Associate,130170.0,9,RENT,20000.0,PERSONAL,15.31,0.15,7,664,No,1
35,male,Associate,157060.0,10,MORTGAGE,5000.0,DEBTCONSOLIDATION,10.65,0.03,7,643,Yes,0
23,male,High School,37074.0,0,RENT,5600.0,VENTURE,11.01,0.15,4,644,No,0
35,female,Master,98240.0,11,MORTGAGE,5400.0,DEBTCONSOLIDATION,11.01,0.05,5,660,No,0
36,male,High School,96917.0,18,RENT,6000.0,HOMEIMPROVEMENT,12.87,0.06,16,469,Yes,0
25,male,Bachelor,87355.0,1,RENT,8000.0,DEBTCONSOLIDATION,7.9,0.09,4,617,Yes,0
27,male,Bachelor,59693.0,2,RENT,4000.0,VENTURE,10.59,0.07,5,690,Yes,0
22,female,Associate,48614.0,0,RENT,10000.0,EDUCATION,9.99,0.21,2,545,Yes,0
26,female,Associate,66901.0,5,RENT,15000.0,MEDICAL,11.12,0.22,2,619,Yes,0
25,female,Bachelor,85032.0,1,MORTGAGE,11538.0,VENTURE,10.01,0.14,3,586,Yes,0
26,female,Bachelor,44034.0,2,MORTGAGE,10000.0,PERSONAL,9.88,0.23,3,640,No,0
25,male,High School,72883.0,7,RENT,1200.0,MEDICAL,7.66,0.02,3,667,Yes,0
28,male,Bachelor,167193.0,6,MORTGAGE,12000.0,DEBTCONSOLIDATION,12.99,0.07,7,590,Yes,0
39,female,Associate,181597.0,15,MORTGAGE,21000.0,DEBTCONSOLIDATION,11.01,0.12,12,619,Yes,0
27,male,Bachelor,168787.0,3,OWN,24100.0,VENTURE,11.83,0.14,10,666,No,0
27,male,Associate,29889.0,5,OWN,6000.0,EDUCATION,11.01,0.2,7,573,Yes,0
30,male,Associate,96744.0,9,RENT,14400.0,PERSONAL,13.44,0.15,6,528,Yes,0
25,female,Master,144908.0,5,MORTGAGE,28000.0,PERSONAL,7.9,0.19,2,637,Yes,0
46,female,Associate,53558.0,21,RENT,1661.0,EDUCATION,13.12,0.03,16,708,No,0
26,female,Bachelor,46770.0,2,RENT,7000.0,EDUCATION,7.51,0.15,3,630,No,0
27,male,Associate,53728.0,2,RENT,5000.0,PERSONAL,13.79,0.09,8,555,No,1
33,female,Bachelor,80404.0,11,OWN,3500.0,MEDICAL,11.01,0.04,9,698,Yes,0
22,male,Master,92061.0,0,RENT,6924.0,EDUCATION,11.3,0.08,2,697,Yes,0
27,male,Bachelor,41914.0,6,RENT,3394.0,MEDICAL,10.72,0.08,7,587,Yes,0
26,female,Master,63783.0,7,MORTGAGE,6500.0,VENTURE,10.74,0.1,2,666,Yes,0
23,female,Master,67066.0,0,RENT,4500.0,VENTURE,8.49,0.07,3,602,Yes,0
36,female,Master,60879.0,18,MORTGAGE,10000.0,DEBTCONSOLIDATION,6.03,0.16,13,627,No,0
28,female,Associate,96926.0,9,MORTGAGE,21000.0,PERSONAL,11.36,0.22,7,651,Yes,0
31,female,Associate,70421.0,13,OWN,14500.0,MEDICAL,13.06,0.21,7,669,No,0
40,male,Associate,100575.0,19,MORTGAGE,2800.0,EDUCATION,12.18,0.03,13,653,No,1
23,male,Associate,169121.0,4,MORTGAGE,12000.0,PERSONAL,5.42,0.07,3,667,Yes,0
27,male,Associate,23770.0,6,RENT,1500.0,PERSONAL,7.14,0.06,10,687,No,0
30,male,Master,66057.0,9,RENT,10000.0,HOMEIMPROVEMENT,6.17,0.15,10,660,No,0
25,female,Associate,20918.0,1,RENT,1200.0,MEDICAL,10.38,0.06,2,630,No,0
33,female,Bachelor,103124.0,9,RENT,10000.0,PERSONAL,11.01,0.1,5,692,Yes,0
22,male,Associate,79029.0,1,MORTGAGE,13000.0,DEBTCONSOLIDATION,10.38,0.16,2,609,Yes,0
25,female,Bachelor,31124.0,1,OWN,17500.0,MEDICAL,14.22,0.56,2,606,Yes,0
32,male,Associate,76573.0,8,MORTGAGE,7066.0,VENTURE,16.77,0.09,8,601,Yes,0
28,male,Bachelor,103355.0,6,RENT,9521.0,EDUCATION,10.25,0.09,8,664,No,0
34,male,Bachelor,145114.0,13,MORTGAGE,25000.0,HOMEIMPROVEMENT,15.83,0.17,8,696,Yes,0
25,female,High School,91042.0,5,RENT,10000.0,PERSONAL,7.49,0.11,3,675,Yes,0
28,female,High School,84875.0,7,RENT,15000.0,PERSONAL,13.39,0.18,10,676,Yes,0
33,male,Master,53144.0,12,RENT,10000.0,PERSONAL,6.92,0.19,6,674,Yes,0
33,female,Bachelor,26925.0,14,RENT,6500.0,DEBTCONSOLIDATION,11.01,0.24,5,677,Yes,0
22,female,Associate,48992.0,2,MORTGAGE,10000.0,VENTURE,11.01,0.2,3,614,No,0
27,female,Master,27797.0,3,RENT,1000.0,PERSONAL,14.84,0.04,5,628,Yes,0
24,female,Master,31033.0,1,OWN,5000.0,VENTURE,8.2,0.16,3,685,No,0
24,female,Bachelor,36940.0,0,RENT,5000.0,EDUCATION,11.62,0.14,2,659,No,0
30,male,High School,99520.0,7,RENT,7200.0,EDUCATION,11.01,0.07,7,606,Yes,0
23,female,Master,63554.0,0,OWN,6000.0,EDUCATION,10.75,0.09,4,580,Yes,0
24,female,Master,58399.0,0,RENT,7000.0,MEDICAL,9.38,0.12,4,664,Yes,0
26,male,Bachelor,64743.0,1,RENT,15000.0,VENTURE,10.39,0.23,4,608,Yes,0
24,female,High School,39552.0,5,RENT,9250.0,PERSONAL,14.66,0.23,5,640,No,1
24,female,Bachelor,97159.0,2,MORTGAGE,5000.0,VENTURE,15.62,0.05,2,695,Yes,0
23,female,Master,47851.0,0,RENT,6000.0,MEDICAL,14.09,0.13,3,693,No,1
22,male,Associate,78823.0,0,MORTGAGE,4000.0,DEBTCONSOLIDATION,7.14,0.05,4,624,Yes,0
28,female,Associate,78025.0,4,MORTGAGE,12000.0,VENTURE,6.03,0.15,8,653,No,0
45,male,Associate,27752.0,25,RENT,2500.0,VENTURE,5.99,0.09,11,614,No,0
26,male,High School,151118.0,6,MORTGAGE,10200.0,PERSONAL,7.49,0.07,2,538,Yes,0
22,female,High School,72916.0,1,RENT,7000.0,EDUCATION,6.91,0.1,2,690,No,0
22,female,High School,73027.0,0,OTHER,8000.0,VENTURE,16.0,0.11,2,683,Yes,0
23,female,High School,63402.0,0,RENT,5000.0,PERSONAL,7.49,0.08,3,654,Yes,0
28,female,Associate,102990.0,5,MORTGAGE,20000.0,DEBTCONSOLIDATION,9.62,0.19,5,539,Yes,0
24,male,Bachelor,38242.0,0,RENT,2725.0,PERSONAL,10.74,0.07,2,563,Yes,0
27,male,Bachelor,37942.0,1,MORTGAGE,5444.0,EDUCATION,9.67,0.14,7,675,No,0
26,male,High School,87511.0,6,RENT,3000.0,HOMEIMPROVEMENT,7.29,0.03,2,617,Yes,0
26,female,Associate,121083.0,1,MORTGAGE,2000.0,HOMEIMPROVEMENT,5.42,0.02,2,606,Yes,0
40,female,Associate,58253.0,17,MORTGAGE,8000.0,HOMEIMPROVEMENT,15.95,0.14,11,671,Yes,0
23,male,Associate,73019.0,1,RENT,5600.0,PERSONAL,7.29,0.08,2,599,Yes,0
23,male,Master,78953.0,1,RENT,3000.0,VENTURE,13.61,0.04,3,676,No,0
35,female,Master,132980.0,14,MORTGAGE,4000.0,MEDICAL,13.79,0.03,6,667,No,0
28,female,Associate,43108.0,5,RENT,6000.0,EDUCATION,11.89,0.14,10,582,Yes,0
34,female,Bachelor,192903.0,9,OWN,23722.0,PERSONAL,11.83,0.12,8,676,Yes,0
25,female,Bachelor,54645.0,7,MORTGAGE,5800.0,MEDICAL,6.99,0.11,2,647,No,0
23,female,Associate,85130.0,4,MORTGAGE,1618.0,MEDICAL,11.15,0.02,4,688,No,0
25,male,Master,109003.0,0,MORTGAGE,10000.0,VENTURE,15.28,0.09,2,591,No,0
24,female,Associate,63163.0,2,MORTGAGE,3500.0,VENTURE,6.76,0.06,3,552,Yes,0
33,male,High School,39366.0,14,RENT,4000.0,DEBTCONSOLIDATION,8.32,0.1,7,628,Yes,0
27,male,Associate,133760.0,3,RENT,28000.0,PERSONAL,7.9,0.21,8,618,Yes,0
26,male,Associate,41957.0,5,RENT,5500.0,PERSONAL,16.89,0.13,2,573,Yes,0
24,female,Master,96132.0,1,MORTGAGE,6500.0,VENTURE,11.78,0.07,3,676,No,1
25,male,Associate,78848.0,0,MORTGAGE,15000.0,PERSONAL,11.12,0.19,4,587,No,0
25,male,Bachelor,18878.0,4,RENT,2114.0,VENTURE,12.43,0.11,4,620,Yes,0
26,male,Master,151353.0,4,RENT,15500.0,EDUCATION,7.88,0.1,2,660,No,0
35,female,Associate,278379.0,14,MORTGAGE,25000.0,EDUCATION,17.32,0.09,10,684,No,1
23,female,Associate,73283.0,2,RENT,10400.0,VENTURE,14.91,0.14,4,593,Yes,0
26,male,Master,51158.0,4,RENT,3500.0,PERSONAL,10.74,0.07,4,613,No,0
23,male,Bachelor,90846.0,2,RENT,10000.0,PERSONAL,11.3,0.11,4,635,Yes,0
30,male,Bachelor,139090.0,5,MORTGAGE,20000.0,EDUCATION,12.68,0.14,7,666,Yes,0
24,female,High School,73250.0,0,MORTGAGE,5000.0,DEBTCONSOLIDATION,6.86,0.07,3,534,Yes,0
24,male,Associate,34328.0,0,RENT,6400.0,VENTURE,14.75,0.19,2,619,No,0
22,male,Master,97069.0,1,RENT,4000.0,EDUCATION,11.12,0.04,4,692,No,0
29,male,Associate,100537.0,5,MORTGAGE,10000.0,EDUCATION,7.5,0.1,5,496,Yes,0
22,female,Master,21770.0,1,RENT,3250.0,DEBTCONSOLIDATION,6.91,0.15,2,594,No,1
27,male,Master,44102.0,4,MORTGAGE,5500.0,HOMEIMPROVEMENT,10.36,0.12,5,614,Yes,0
26,female,Bachelor,124533.0,5,MORTGAGE,5000.0,EDUCATION,11.78,0.04,6,686,Yes,0
30,female,Master,121606.0,5,RENT,20000.0,MEDICAL,18.3,0.16,6,689,No,1
28,male,Associate,36889.0,5,RENT,7796.0,PERSONAL,14.04,0.21,10,668,Yes,0
29,female,High School,108928.0,8,MORTGAGE,6000.0,PERSONAL,13.98,0.06,10,660,Yes,0
24,male,Bachelor,77583.0,0,MORTGAGE,14241.0,MEDICAL,8.93,0.18,4,614,Yes,0
24,female,Master,61174.0,3,RENT,7200.0,DEBTCONSOLIDATION,12.84,0.12,3,609,No,0
23,male,High School,51480.0,0,RENT,7000.0,MEDICAL,13.1,0.14,2,555,No,0
26,female,Associate,33119.0,5,RENT,3000.0,DEBTCONSOLIDATION,5.85,0.09,3,645,Yes,0
38,male,Associate,60810.0,16,MORTGAGE,12000.0,EDUCATION,13.3,0.2,11,657,Yes,0
26,male,Master,53841.0,4,RENT,4500.0,MEDICAL,7.74,0.08,3,704,Yes,0
22,male,Associate,30385.0,0,OWN,10000.0,VENTURE,11.01,0.33,2,645,Yes,0
39,female,Bachelor,50864.0,16,RENT,11500.0,VENTURE,14.09,0.23,13,584,No,0
29,female,High School,77026.0,4,RENT,1600.0,DEBTCONSOLIDATION,11.83,0.02,5,644,Yes,0
28,female,Bachelor,31015.0,6,RENT,3500.0,MEDICAL,7.14,0.11,10,627,Yes,0
23,male,Bachelor,44493.0,2,RENT,1200.0,MEDICAL,10.37,0.03,3,669,Yes,0
22,female,Associate,57259.0,0,RENT,8000.0,EDUCATION,12.18,0.14,4,585,Yes,0
32,male,Associate,76589.0,13,MORTGAGE,8000.0,PERSONAL,6.17,0.1,8,673,No,0
24,male,Bachelor,180751.0,0,MORTGAGE,15000.0,MEDICAL,11.01,0.08,2,684,Yes,0
61,female,Master,62093.0,40,RENT,20000.0,MEDICAL,14.09,0.32,21,727,No,1
29,male,Master,77256.0,9,OWN,20000.0,EDUCATION,8.9,0.26,10,709,Yes,0
22,male,High School,106435.0,0,MORTGAGE,15000.0,EDUCATION,11.82,0.14,4,584,Yes,0
32,female,Associate,48976.0,9,RENT,9600.0,VENTURE,11.24,0.2,8,692,Yes,0
27,female,Bachelor,83075.0,4,RENT,8700.0,HOMEIMPROVEMENT,7.88,0.1,5,673,Yes,0
26,male,Bachelor,67018.0,7,MORTGAGE,12500.0,MEDICAL,11.01,0.19,3,660,Yes,0
27,male,Bachelor,91221.0,5,MORTGAGE,8000.0,VENTURE,10.95,0.09,7,644,Yes,0
30,female,Master,32712.0,10,MORTGAGE,5000.0,MEDICAL,7.14,0.15,6,667,Yes,0
43,female,Associate,25238.0,19,OWN,5000.0,EDUCATION,7.14,0.2,15,704,No,0
27,male,Associate,48607.0,0,RENT,6000.0,EDUCATION,11.28,0.12,7,599,Yes,0
22,male,Bachelor,61012.0,0,RENT,13000.0,DEBTCONSOLIDATION,12.42,0.21,2,558,Yes,0
29,male,Bachelor,98107.0,6,MORTGAGE,10000.0,PERSONAL,7.25,0.1,9,613,Yes,0
22,male,Associate,67000.0,0,RENT,6000.0,EDUCATION,14.27,0.09,2,631,Yes,0
24,female,Bachelor,44120.0,0,MORTGAGE,6400.0,HOMEIMPROVEMENT,9.38,0.15,4,586,No,0
21,male,Associate,48134.0,0,MORTGAGE,1000.0,EDUCATION,7.49,0.02,3,662,No,0
22,female,High School,18817.0,0,RENT,6000.0,MEDICAL,6.03,0.32,3,621,No,1
23,female,Bachelor,109238.0,0,MORTGAGE,21600.0,MEDICAL,11.01,0.2,2,610,No,1
38,male,High School,104895.0,15,MORTGAGE,5000.0,PERSONAL,15.0,0.05,13,555,Yes,0
33,male,Associate,102828.0,10,MORTGAGE,3817.0,MEDICAL,5.64,0.04,12,626,No,0
29,male,Associate,34666.0,5,RENT,5000.0,VENTURE,11.01,0.14,10,632,No,0
28,female,High School,53829.0,7,MORTGAGE,8000.0,MEDICAL,10.59,0.15,6,605,Yes,0
26,female,Associate,141310.0,3,MORTGAGE,14400.0,VENTURE,11.01,0.1,4,704,No,0
23,male,High School,58504.0,0,RENT,10000.0,DEBTCONSOLIDATION,7.29,0.17,2,572,No,0
24,male,High School,109314.0,3,MORTGAGE,7500.0,EDUCATION,11.01,0.07,3,678,No,0
24,male,Associate,54061.0,1,OWN,5000.0,VENTURE,10.65,0.09,3,661,Yes,0
48,male,High School,71782.0,25,RENT,6000.0,EDUCATION,5.99,0.08,12,604,No,0
32,female,Associate,55138.0,7,MORTGAGE,8000.0,PERSONAL,14.65,0.15,8,625,Yes,0
25,male,High School,97020.0,2,MORTGAGE,18000.0,EDUCATION,5.79,0.19,3,636,No,0
23,female,Bachelor,51147.0,0,MORTGAGE,3500.0,PERSONAL,9.7,0.07,3,696,No,0
25,male,Bachelor,97337.0,3,RENT,6875.0,MEDICAL,11.86,0.07,2,590,Yes,0
26,male,Bachelor,25012.0,3,MORTGAGE,4800.0,MEDICAL,5.99,0.19,3,682,Yes,0
23,male,High School,79867.0,1,MORTGAGE,16800.0,PERSONAL,13.05,0.21,2,618,No,0
21,male,High School,60415.0,0,RENT,10000.0,DEBTCONSOLIDATION,11.71,0.17,3,603,Yes,0
25,male,Associate,101670.0,3,RENT,10000.0,DEBTCONSOLIDATION,11.01,0.1,4,568,Yes,0
29,female,Associate,54722.0,7,OWN,8000.0,MEDICAL,12.21,0.15,10,664,No,0
26,female,Bachelor,30374.0,5,RENT,4375.0,MEDICAL,5.79,0.14,4,538,No,0
32,female,Associate,169073.0,10,MORTGAGE,11000.0,EDUCATION,5.42,0.07,8,690,No,0
30,female,High School,61004.0,6,MORTGAGE,1400.0,DEBTCONSOLIDATION,10.36,0.02,8,583,Yes,0
22,female,Master,72877.0,0,MORTGAGE,8000.0,EDUCATION,7.14,0.11,2,699,Yes,0
25,male,Associate,66893.0,0,RENT,8500.0,HOMEIMPROVEMENT,14.22,0.13,3,559,Yes,0
26,male,Associate,48922.0,3,RENT,3600.0,EDUCATION,7.5,0.07,4,590,Yes,0
31,female,Master,66703.0,10,RENT,5000.0,PERSONAL,11.01,0.07,10,678,Yes,0
23,female,Associate,144981.0,1,MORTGAGE,6000.0,MEDICAL,9.72,0.04,3,671,No,0
28,female,High School,62238.0,7,MORTGAGE,8411.0,EDUCATION,10.74,0.14,6,601,Yes,0
28,female,Associate,36792.0,4,RENT,10000.0,DEBTCONSOLIDATION,8.96,0.27,6,682,No,1
25,male,Master,25093.0,5,MORTGAGE,4000.0,VENTURE,5.79,0.16,4,707,No,0
29,male,Bachelor,24979.0,5,OWN,3000.0,VENTURE,8.0,0.12,5,715,No,0
22,male,Associate,75908.0,1,RENT,11100.0,PERSONAL,11.01,0.15,3,685,Yes,0
24,female,Bachelor,49111.0,2,RENT,9600.0,VENTURE,14.65,0.2,4,701,No,0
22,female,High School,77409.0,0,MORTGAGE,3250.0,EDUCATION,7.88,0.04,4,648,Yes,0
24,female,Associate,10721.0,6,RENT,1000.0,EDUCATION,11.36,0.09,4,630,No,0
28,female,High School,80302.0,6,RENT,7500.0,VENTURE,11.28,0.09,7,667,No,1
23,female,Associate,57670.0,3,MORTGAGE,6000.0,VENTURE,5.99,0.1,2,658,Yes,0
22,female,Master,34935.0,0,RENT,1200.0,MEDICAL,12.69,0.03,3,672,No,0
32,male,High School,121293.0,7,MORTGAGE,4500.0,EDUCATION,11.01,0.04,5,669,No,0
44,male,High School,115163.0,22,MORTGAGE,10000.0,VENTURE,10.95,0.09,15,629,Yes,0
24,male,High School,45951.0,1,RENT,4500.0,PERSONAL,5.42,0.1,4,636,No,0
49,female,High School,97223.0,27,RENT,4800.0,HOMEIMPROVEMENT,7.88,0.05,15,547,Yes,0
24,male,Associate,97163.0,3,MORTGAGE,6000.0,HOMEIMPROVEMENT,6.17,0.06,3,618,Yes,0
28,female,Bachelor,84907.0,6,MORTGAGE,5600.0,VENTURE,6.62,0.07,5,717,Yes,0
40,female,Associate,108948.0,17,RENT,1500.0,EDUCATION,14.27,0.01,14,637,Yes,0
21,male,Associate,25710.0,0,OWN,2400.0,MEDICAL,11.49,0.09,4,623,No,0
24,female,Bachelor,50177.0,2,OWN,14400.0,VENTURE,14.35,0.29,2,569,No,0
29,female,Master,49933.0,5,RENT,3307.0,DEBTCONSOLIDATION,14.12,0.07,6,657,No,1
25,male,High School,48719.0,1,OWN,6000.0,EDUCATION,13.47,0.12,3,632,Yes,0
27,female,Bachelor,91088.0,4,RENT,15000.0,HOMEIMPROVEMENT,10.64,0.16,6,535,Yes,0
35,male,High School,44180.0,13,MORTGAGE,5000.0,EDUCATION,11.12,0.11,6,658,No,0
21,female,High School,55078.0,0,MORTGAGE,4500.0,MEDICAL,7.14,0.08,2,658,Yes,0
25,male,High School,59807.0,3,MORTGAGE,24619.0,HOMEIMPROVEMENT,12.87,0.41,3,673,No,0
23,male,Associate,52715.0,0,RENT,9000.0,EDUCATION,6.17,0.17,3,657,No,0
26,male,Master,41924.0,2,RENT,9600.0,MEDICAL,9.88,0.23,2,603,No,0
23,male,High School,57614.0,0,RENT,5000.0,DEBTCONSOLIDATION,10.25,0.09,2,682,Yes,0
32,male,Master,54403.0,11,MORTGAGE,15000.0,PERSONAL,7.51,0.28,5,670,No,0
25,female,Bachelor,189287.0,0,MORTGAGE,28000.0,PERSONAL,7.49,0.15,4,666,No,0
23,female,Associate,90979.0,1,MORTGAGE,3000.0,EDUCATION,14.11,0.03,3,554,Yes,0
22,male,High School,49052.0,0,RENT,14000.0,EDUCATION,13.11,0.29,3,608,No,1
22,male,High School,72903.0,0,MORTGAGE,5600.0,VENTURE,7.49,0.08,4,533,Yes,0
21,female,Bachelor,51356.0,0,RENT,11200.0,VENTURE,16.77,0.22,4,686,No,0
32,male,Bachelor,288685.0,11,MORTGAGE,6243.0,MEDICAL,5.95,0.02,5,686,Yes,0
34,female,Master,44301.0,12,OWN,1200.0,VENTURE,5.42,0.03,8,677,Yes,0
24,female,High School,73964.0,0,MORTGAGE,25000.0,VENTURE,10.59,0.34,3,614,Yes,0
26,male,High School,163171.0,3,MORTGAGE,15000.0,EDUCATION,15.33,0.09,2,663,Yes,0
28,male,Master,132911.0,9,MORTGAGE,15000.0,HOMEIMPROVEMENT,6.54,0.11,6,647,Yes,0
23,male,Associate,61200.0,0,RENT,4900.0,EDUCATION,8.49,0.08,3,555,Yes,0
23,female,Master,64433.0,0,MORTGAGE,4000.0,EDUCATION,9.36,0.06,3,672,Yes,0
22,female,High School,49147.0,1,RENT,2400.0,EDUCATION,12.73,0.05,2,660,Yes,0
28,male,Associate,361403.0,5,MORTGAGE,35000.0,DEBTCONSOLIDATION,10.95,0.1,8,644,Yes,0
28,male,Bachelor,48126.0,4,MORTGAGE,5000.0,DEBTCONSOLIDATION,12.53,0.1,6,567,Yes,0
29,male,Master,48800.0,8,RENT,7000.0,VENTURE,7.14,0.14,5,631,Yes,0
26,female,Bachelor,115542.0,3,MORTGAGE,5000.0,PERSONAL,12.68,0.04,3,575,Yes,0
28,male,High School,51570.0,6,RENT,2250.0,MEDICAL,6.99,0.04,8,641,No,1
30,female,Associate,80366.0,8,MORTGAGE,15000.0,DEBTCONSOLIDATION,11.14,0.19,5,571,No,0
23,male,High School,156614.0,1,OWN,13500.0,PERSONAL,5.42,0.09,2,663,Yes,0
27,female,Bachelor,135781.0,4,MORTGAGE,13000.0,EDUCATION,13.57,0.1,10,537,No,0
29,female,Master,113905.0,6,MORTGAGE,4800.0,MEDICAL,10.99,0.04,5,597,Yes,0
32,female,Associate,277107.0,9,RENT,15000.0,HOMEIMPROVEMENT,5.99,0.05,5,566,Yes,0
29,male,High School,42787.0,8,MORTGAGE,8000.0,EDUCATION,12.68,0.19,9,651,No,0
28,male,High School,60979.0,6,MORTGAGE,9000.0,MEDICAL,11.01,0.15,10,670,No,0
24,female,Master,46461.0,2,RENT,15000.0,EDUCATION,19.82,0.32,2,681,No,1
32,female,Bachelor,115155.0,6,MORTGAGE,18000.0,DEBTCONSOLIDATION,10.49,0.16,9,662,Yes,0
30,female,High School,78455.0,10,MORTGAGE,15000.0,EDUCATION,11.83,0.19,10,652,Yes,0
23,female,Bachelor,96697.0,2,MORTGAGE,24000.0,DEBTCONSOLIDATION,11.71,0.25,3,650,No,0
24,male,Master,31001.0,3,MORTGAGE,9000.0,VENTURE,7.14,0.29,4,688,No,0
24,male,Associate,87405.0,4,RENT,7400.0,EDUCATION,15.65,0.08,3,618,Yes,0
33,female,Bachelor,41557.0,10,RENT,10000.0,DEBTCONSOLIDATION,14.22,0.24,9,651,Yes,0
35,male,Associate,45528.0,14,RENT,14000.0,DEBTCONSOLIDATION,7.88,0.31,8,656,No,1
26,male,Associate,91165.0,3,MORTGAGE,6000.0,VENTURE,14.96,0.07,3,708,No,0
33,female,Associate,48867.0,13,RENT,4000.0,DEBTCONSOLIDATION,7.88,0.08,10,550,Yes,0
36,female,High School,61158.0,11,RENT,7200.0,VENTURE,13.98,0.12,15,662,Yes,0
29,male,Bachelor,60991.0,7,MORTGAGE,16000.0,VENTURE,10.68,0.26,6,650,Yes,0
25,male,Bachelor,112857.0,5,MORTGAGE,2000.0,DEBTCONSOLIDATION,15.23,0.02,4,668,Yes,0
28,female,High School,110593.0,5,RENT,4997.0,EDUCATION,13.5,0.05,11,557,No,0
23,female,Associate,94440.0,1,MORTGAGE,5000.0,EDUCATION,11.71,0.05,2,683,Yes,0
41,female,Associate,84821.0,19,MORTGAGE,5000.0,PERSONAL,12.69,0.06,12,695,No,0
37,male,Associate,122930.0,13,RENT,14000.0,VENTURE,11.01,0.11,13,557,No,0
31,male,Associate,115023.0,9,RENT,2500.0,DEBTCONSOLIDATION,13.72,0.02,7,638,Yes,0
22,male,Bachelor,48651.0,0,OWN,6000.0,EDUCATION,11.48,0.12,4,637,Yes,0
32,female,High School,94124.0,6,RENT,9600.0,DEBTCONSOLIDATION,12.61,0.1,13,681,Yes,0
23,male,High School,49179.0,0,RENT,10000.0,EDUCATION,13.12,0.2,4,629,No,0
24,male,High School,91288.0,0,MORTGAGE,5500.0,PERSONAL,11.86,0.06,4,545,No,0
24,male,High School,98806.0,0,RENT,8000.0,VENTURE,12.84,0.08,2,658,Yes,0
28,male,Bachelor,43857.0,2,MORTGAGE,2400.0,VENTURE,10.71,0.05,7,599,No,0
30,female,High School,145138.0,6,MORTGAGE,11000.0,EDUCATION,6.03,0.08,5,651,Yes,0
23,male,Master,50407.0,2,MORTGAGE,7500.0,MEDICAL,10.71,0.15,2,717,No,0
25,male,High School,72953.0,3,RENT,12000.0,VENTURE,11.86,0.16,4,659,Yes,0
25,female,Associate,108961.0,1,MORTGAGE,6000.0,PERSONAL,7.86,0.06,3,664,No,0
42,male,Doctorate,75488.0,18,RENT,10000.0,VENTURE,8.49,0.13,14,507,Yes,0
25,male,Associate,259923.0,1,MORTGAGE,25000.0,HOMEIMPROVEMENT,16.07,0.1,2,686,No,0
25,male,Associate,142704.0,0,MORTGAGE,15000.0,DEBTCONSOLIDATION,10.37,0.11,4,666,Yes,0
32,male,High School,32102.0,6,MORTGAGE,2400.0,VENTURE,14.96,0.07,6,566,No,0
27,female,Associate,41635.0,3,RENT,2100.0,PERSONAL,12.15,0.05,9,682,No,0
42,female,High School,181718.0,21,OWN,8150.0,PERSONAL,6.99,0.04,17,628,Yes,0
27,female,Associate,54820.0,7,RENT,7000.0,EDUCATION,7.49,0.13,9,622,Yes,0
39,female,Associate,36814.0,14,RENT,6000.0,PERSONAL,10.75,0.16,14,509,No,0
25,female,Bachelor,49750.0,2,MORTGAGE,9700.0,MEDICAL,9.63,0.19,4,538,Yes,0
25,male,Bachelor,35332.0,1,OWN,6000.0,VENTURE,11.01,0.17,3,629,Yes,0
22,female,High School,114789.0,0,MORTGAGE,24000.0,DEBTCONSOLIDATION,7.9,0.21,4,651,No,0
26,female,Associate,129688.0,1,RENT,9800.0,MEDICAL,8.9,0.08,3,670,Yes,0
29,male,High School,57669.0,8,MORTGAGE,5000.0,DEBTCONSOLIDATION,9.76,0.09,10,660,Yes,0
38,male,High School,123830.0,16,MORTGAGE,8854.0,MEDICAL,11.56,0.07,10,660,No,0
29,male,Associate,178568.0,4,MORTGAGE,10000.0,VENTURE,11.31,0.06,8,550,Yes,0
22,male,Associate,30687.0,0,RENT,4800.0,MEDICAL,10.65,0.16,2,448,Yes,0
29,male,High School,41741.0,9,RENT,2000.0,VENTURE,14.72,0.05,5,668,Yes,0
24,female,Master,62059.0,0,MORTGAGE,8500.0,HOMEIMPROVEMENT,8.94,0.14,3,684,No,0
26,male,High School,49089.0,4,RENT,8200.0,VENTURE,6.62,0.17,4,602,Yes,0
24,male,High School,33668.0,0,RENT,4000.0,PERSONAL,10.5,0.12,4,618,Yes,0
26,male,Associate,26887.0,2,RENT,5000.0,DEBTCONSOLIDATION,9.99,0.19,4,668,Yes,0
23,female,Bachelor,90916.0,0,RENT,10000.0,DEBTCONSOLIDATION,9.63,0.11,2,634,Yes,0
23,male,Bachelor,49066.0,1,RENT,12000.0,DEBTCONSOLIDATION,12.18,0.24,4,595,Yes,0
28,female,Associate,198676.0,5,MORTGAGE,12400.0,DEBTCONSOLIDATION,11.26,0.06,8,558,Yes,0
35,female,Bachelor,72848.0,12,MORTGAGE,6400.0,DEBTCONSOLIDATION,9.86,0.09,11,684,No,0
22,female,High School,36947.0,0,RENT,8000.0,VENTURE,12.53,0.22,2,597,Yes,0
24,male,Bachelor,48776.0,3,MORTGAGE,8000.0,VENTURE,11.01,0.16,4,613,Yes,0
50,female,High School,144907.0,28,RENT,12000.0,MEDICAL,9.62,0.08,12,653,Yes,0
32,male,Master,120639.0,10,MORTGAGE,6000.0,PERSONAL,10.99,0.05,7,666,No,0
28,female,High School,71410.0,10,MORTGAGE,8400.0,MEDICAL,13.57,0.12,9,635,Yes,0
25,female,Master,48556.0,1,RENT,8000.0,EDUCATION,10.38,0.16,4,693,Yes,0
24,male,Associate,34565.0,0,RENT,1000.0,MEDICAL,12.53,0.03,4,627,Yes,0
24,male,Associate,171378.0,0,OWN,7500.0,VENTURE,7.88,0.04,2,637,No,0
26,female,Master,46346.0,5,RENT,10000.0,VENTURE,14.91,0.22,2,589,Yes,0
27,female,Associate,47379.0,5,RENT,5918.0,EDUCATION,9.21,0.12,4,614,Yes,0
32,male,Associate,61100.0,10,RENT,8000.0,MEDICAL,10.62,0.13,8,658,Yes,0
27,female,Associate,86122.0,6,RENT,15000.0,EDUCATION,9.01,0.17,6,602,Yes,0
31,female,Associate,116350.0,7,MORTGAGE,22500.0,MEDICAL,11.36,0.19,5,602,No,0
35,male,Bachelor,25163.0,14,RENT,5500.0,EDUCATION,12.69,0.22,7,611,No,0
28,female,High School,82573.0,4,RENT,14800.0,EDUCATION,9.99,0.18,9,660,Yes,0
26,male,Associate,181234.0,3,MORTGAGE,12033.0,DEBTCONSOLIDATION,8.11,0.07,4,638,No,0
27,female,Bachelor,69750.0,4,RENT,5000.0,PERSONAL,11.26,0.07,6,682,Yes,0
24,male,Master,33144.0,0,RENT,8000.0,VENTURE,8.9,0.24,4,585,Yes,0
25,male,Bachelor,47135.0,5,MORTGAGE,12000.0,VENTURE,10.38,0.25,3,631,No,0
33,female,Bachelor,45535.0,15,MORTGAGE,3000.0,EDUCATION,6.92,0.07,5,597,Yes,0
30,female,High School,110024.0,5,MORTGAGE,13600.0,VENTURE,12.42,0.12,7,558,Yes,0
37,female,High School,35598.0,13,RENT,5500.0,EDUCATION,6.03,0.15,15,687,Yes,0
34,female,Bachelor,78575.0,7,RENT,5000.0,HOMEIMPROVEMENT,10.59,0.06,9,636,Yes,0
24,female,High School,53117.0,2,RENT,3000.0,PERSONAL,8.0,0.06,2,605,Yes,0
25,male,High School,19423.0,3,OWN,3200.0,VENTURE,18.09,0.16,2,586,No,1
22,male,High School,93034.0,1,MORTGAGE,12400.0,MEDICAL,7.51,0.13,4,659,No,0
23,female,Master,50171.0,1,MORTGAGE,4500.0,VENTURE,10.95,0.09,4,643,Yes,0
32,male,High School,37121.0,7,MORTGAGE,7500.0,DEBTCONSOLIDATION,11.01,0.2,8,562,Yes,0
22,male,Associate,68230.0,0,RENT,14000.0,VENTURE,12.21,0.21,3,608,Yes,0
31,male,Associate,109085.0,10,MORTGAGE,18000.0,MEDICAL,12.41,0.17,9,517,Yes,0
24,female,Associate,115937.0,4,RENT,7000.0,DEBTCONSOLIDATION,9.91,0.06,2,645,No,0
38,male,High School,98472.0,17,RENT,24000.0,HOMEIMPROVEMENT,8.49,0.24,13,564,Yes,0
23,male,Master,54929.0,3,MORTGAGE,4725.0,VENTURE,11.99,0.09,2,620,No,0
29,male,High School,75652.0,3,RENT,9000.0,DEBTCONSOLIDATION,11.01,0.12,7,606,Yes,0
39,female,Bachelor,64554.0,14,RENT,6500.0,EDUCATION,7.29,0.1,17,647,Yes,0
27,female,Associate,48524.0,3,MORTGAGE,3000.0,PERSONAL,9.41,0.06,7,552,Yes,0
35,male,High School,103125.0,12,MORTGAGE,1163.0,EDUCATION,8.98,0.01,11,577,Yes,0
35,male,Bachelor,52701.0,15,RENT,1200.0,MEDICAL,13.8,0.02,7,653,No,0
28,male,Bachelor,99300.0,5,RENT,4000.0,DEBTCONSOLIDATION,8.73,0.04,10,621,Yes,0
30,female,Master,34632.0,9,RENT,2531.0,MEDICAL,10.71,0.07,8,586,No,0
25,female,High School,56096.0,5,MORTGAGE,4000.0,PERSONAL,8.85,0.07,5,648,Yes,0
23,male,Associate,77300.0,0,RENT,5000.0,EDUCATION,9.99,0.06,4,680,Yes,0
26,female,Bachelor,45176.0,3,RENT,5500.0,VENTURE,11.35,0.12,6,628,No,0
27,female,Master,56404.0,8,RENT,13000.0,EDUCATION,14.59,0.23,10,615,Yes,0
26,male,Bachelor,15015.0,7,RENT,1000.0,DEBTCONSOLIDATION,10.6,0.07,3,659,No,0
30,male,High School,42009.0,3,RENT,3029.0,PERSONAL,10.32,0.07,10,604,No,1
25,male,Bachelor,104146.0,5,MORTGAGE,13000.0,VENTURE,8.49,0.12,4,666,Yes,0
23,male,Bachelor,89921.0,3,RENT,3500.0,EDUCATION,12.87,0.04,3,634,Yes,0
38,male,Associate,88072.0,17,MORTGAGE,5000.0,PERSONAL,12.3,0.06,16,516,Yes,0
28,male,Associate,65803.0,6,RENT,12700.0,DEBTCONSOLIDATION,11.71,0.19,7,613,No,1
26,male,High School,215048.0,3,MORTGAGE,8000.0,PERSONAL,15.06,0.04,3,631,Yes,0
23,female,Associate,39111.0,3,MORTGAGE,10000.0,EDUCATION,11.71,0.26,2,669,Yes,0
27,male,Bachelor,87248.0,7,MORTGAGE,9500.0,MEDICAL,13.99,0.11,6,619,Yes,0
26,female,High School,62338.0,1,RENT,9000.0,DEBTCONSOLIDATION,13.61,0.14,2,566,No,0
21,male,Associate,53924.0,0,RENT,10000.0,VENTURE,14.74,0.19,3,643,Yes,0
53,male,Associate,29526.0,32,RENT,5000.0,EDUCATION,14.42,0.17,27,670,No,1
43,male,Associate,89388.0,17,MORTGAGE,11000.0,MEDICAL,9.91,0.12,15,593,Yes,0
34,male,Associate,104010.0,12,OWN,5000.0,VENTURE,7.4,0.05,6,605,Yes,0
29,male,High School,85085.0,6,MORTGAGE,7000.0,HOMEIMPROVEMENT,7.66,0.08,10,651,Yes,0
26,female,Bachelor,94758.0,4,RENT,20000.0,HOMEIMPROVEMENT,13.31,0.21,4,444,Yes,0
27,male,High School,31110.0,4,RENT,7000.0,MEDICAL,8.9,0.23,10,675,Yes,0
25,male,Bachelor,65652.0,1,MORTGAGE,9533.0,PERSONAL,13.57,0.15,3,655,Yes,0
32,male,Master,60862.0,10,MORTGAGE,7500.0,MEDICAL,10.39,0.12,7,663,Yes,0
26,female,Associate,110263.0,5,RENT,10000.0,DEBTCONSOLIDATION,11.01,0.09,4,586,Yes,0
25,male,High School,42937.0,0,RENT,6000.0,PERSONAL,13.03,0.14,4,601,Yes,0
23,male,High School,97209.0,5,MORTGAGE,15000.0,EDUCATION,12.42,0.15,2,591,Yes,0
31,female,Bachelor,202597.0,9,MORTGAGE,25000.0,VENTURE,13.06,0.12,5,650,No,0
33,male,Master,141789.0,8,MORTGAGE,16000.0,MEDICAL,15.99,0.11,5,681,No,1
30,female,High School,61234.0,9,MORTGAGE,5000.0,MEDICAL,10.98,0.08,8,686,No,0
21,male,Associate,79804.0,0,MORTGAGE,13250.0,VENTURE,10.37,0.17,4,618,No,0
21,female,High School,67790.0,0,RENT,6000.0,MEDICAL,11.01,0.09,4,600,No,0
32,male,Associate,38891.0,9,OWN,3400.0,MEDICAL,13.16,0.09,8,590,Yes,0
22,female,High School,80404.0,3,MORTGAGE,20000.0,PERSONAL,10.25,0.25,4,636,Yes,0
22,male,Associate,50062.0,0,OWN,2500.0,MEDICAL,14.96,0.05,4,560,Yes,0
22,male,Bachelor,61123.0,1,RENT,15000.0,PERSONAL,8.2,0.25,3,652,Yes,0
28,male,Bachelor,31047.0,7,MORTGAGE,6000.0,HOMEIMPROVEMENT,14.72,0.19,10,715,No,0
26,female,Associate,42804.0,4,OWN,5600.0,VENTURE,11.11,0.13,4,601,Yes,0
24,female,Associate,94980.0,4,MORTGAGE,6000.0,VENTURE,7.49,0.06,4,646,Yes,0
24,male,High School,88060.0,2,MORTGAGE,19000.0,PERSONAL,10.85,0.22,4,619,Yes,0
25,female,Master,53212.0,3,MORTGAGE,3600.0,EDUCATION,14.79,0.07,2,690,Yes,0
29,male,Bachelor,58583.0,3,MORTGAGE,4500.0,VENTURE,5.42,0.08,6,698,Yes,0
39,female,High School,60921.0,18,RENT,8000.0,HOMEIMPROVEMENT,9.19,0.13,14,710,No,0
28,female,Associate,49723.0,4,MORTGAGE,12000.0,VENTURE,12.23,0.24,5,670,Yes,0
25,female,Associate,60889.0,4,MORTGAGE,20000.0,PERSONAL,15.27,0.33,4,576,Yes,0
25,male,Bachelor,39108.0,3,MORTGAGE,5600.0,DEBTCONSOLIDATION,7.9,0.14,3,705,No,0
27,male,High School,144919.0,2,MORTGAGE,8400.0,DEBTCONSOLIDATION,7.14,0.06,6,634,Yes,0
24,female,Bachelor,126986.0,2,MORTGAGE,18000.0,VENTURE,8.94,0.14,3,627,No,0
21,female,Associate,87582.0,0,MORTGAGE,8000.0,VENTURE,6.99,0.09,2,624,Yes,0
41,male,Associate,110099.0,20,MORTGAGE,2400.0,VENTURE,10.74,0.02,16,612,Yes,0
22,male,High School,57166.0,0,RENT,12000.0,MEDICAL,13.0,0.21,3,625,No,0
36,male,Associate,72851.0,13,MORTGAGE,8000.0,EDUCATION,13.92,0.11,15,694,No,0
23,male,High School,114500.0,0,RENT,10000.0,EDUCATION,10.99,0.09,4,642,Yes,0
29,female,Master,108843.0,2,RENT,2400.0,HOMEIMPROVEMENT,13.49,0.02,9,612,No,0
25,female,High School,46950.0,2,MORTGAGE,3500.0,PERSONAL,6.03,0.07,2,650,Yes,0
27,female,Bachelor,54095.0,3,RENT,10000.0,MEDICAL,16.77,0.18,9,612,Yes,0
28,female,Associate,170887.0,3,MORTGAGE,12807.0,PERSONAL,11.31,0.07,7,516,Yes,0
28,female,High School,251909.0,8,OWN,15000.0,HOMEIMPROVEMENT,14.84,0.06,8,621,Yes,0
31,female,Bachelor,145978.0,8,RENT,18400.0,HOMEIMPROVEMENT,11.01,0.13,10,698,No,0
25,female,High School,133048.0,3,MORTGAGE,25000.0,PERSONAL,11.49,0.19,4,652,Yes,0
22,male,Bachelor,39540.0,2,RENT,6500.0,PERSONAL,11.83,0.16,2,603,Yes,0
25,male,High School,96781.0,1,MORTGAGE,18000.0,PERSONAL,10.73,0.19,3,564,Yes,0
27,male,Doctorate,91343.0,4,MORTGAGE,18050.0,MEDICAL,10.0,0.2,7,583,No,0
21,female,Associate,43130.0,0,OWN,7000.0,VENTURE,14.59,0.16,3,642,Yes,0
24,male,High School,136234.0,0,MORTGAGE,24000.0,PERSONAL,9.99,0.18,4,635,Yes,0
36,female,Master,48577.0,15,RENT,10000.0,DEBTCONSOLIDATION,7.92,0.21,9,613,Yes,0
25,male,Associate,144945.0,1,MORTGAGE,21000.0,HOMEIMPROVEMENT,7.9,0.14,2,603,Yes,0
28,female,Master,96946.0,8,OWN,15000.0,PERSONAL,11.01,0.15,10,672,Yes,0
22,male,Associate,84903.0,0,MORTGAGE,2000.0,EDUCATION,7.9,0.02,3,645,No,0
30,female,High School,180847.0,5,MORTGAGE,12000.0,HOMEIMPROVEMENT,11.52,0.07,8,603,Yes,0
27,female,High School,51314.0,3,OWN,8500.0,PERSONAL,10.38,0.17,7,483,Yes,0
25,male,Master,36767.0,2,MORTGAGE,8000.0,VENTURE,9.32,0.22,4,694,No,0
30,male,Associate,103182.0,9,RENT,25000.0,HOMEIMPROVEMENT,12.21,0.24,6,663,Yes,0
32,male,Master,157007.0,7,MORTGAGE,28000.0,EDUCATION,8.49,0.18,7,678,No,0
22,male,Associate,38556.0,0,MORTGAGE,2000.0,MEDICAL,7.29,0.05,3,654,No,0
40,male,Associate,26633.0,18,RENT,1500.0,MEDICAL,11.12,0.06,16,672,Yes,0
23,male,Bachelor,73052.0,0,RENT,5000.0,DEBTCONSOLIDATION,14.04,0.07,3,666,Yes,0
32,female,Associate,88804.0,7,RENT,10000.0,DEBTCONSOLIDATION,8.59,0.11,8,645,Yes,0
25,female,High School,85118.0,1,RENT,8000.0,PERSONAL,15.96,0.09,3,616,Yes,0
22,female,Bachelor,36519.0,0,RENT,5000.0,EDUCATION,13.26,0.14,4,476,Yes,0
31,male,Associate,169107.0,8,MORTGAGE,14000.0,MEDICAL,11.01,0.08,7,706,No,0
37,male,Bachelor,27245.0,16,RENT,3000.0,MEDICAL,12.18,0.11,16,698,No,0
26,female,Associate,266319.0,4,MORTGAGE,9000.0,PERSONAL,11.26,0.03,2,637,No,0
22,female,Bachelor,56946.0,0,MORTGAGE,4000.0,EDUCATION,10.62,0.07,3,639,Yes,0
24,male,Associate,65604.0,2,MORTGAGE,8000.0,PERSONAL,10.99,0.12,3,646,No,0
26,female,High School,79256.0,1,OWN,7000.0,MEDICAL,13.92,0.09,3,659,No,0
26,male,Associate,70842.0,2,MORTGAGE,2774.0,EDUCATION,12.44,0.04,6,656,Yes,0
22,male,Bachelor,133070.0,1,MORTGAGE,8000.0,DEBTCONSOLIDATION,13.85,0.06,2,657,Yes,0
25,male,Bachelor,80568.0,4,MORTGAGE,4390.0,EDUCATION,7.49,0.05,4,684,Yes,0
33,female,Bachelor,54838.0,10,RENT,12000.0,MEDICAL,7.88,0.22,6,501,Yes,0
24,female,High School,43093.0,3,RENT,4250.0,PERSONAL,6.99,0.1,2,711,Yes,0
24,male,Master,45128.0,2,OTHER,5000.0,EDUCATION,11.58,0.11,3,673,Yes,0
38,female,Associate,115068.0,18,MORTGAGE,4000.0,EDUCATION,9.63,0.03,12,686,No,0
32,male,Associate,104085.0,8,MORTGAGE,4875.0,VENTURE,10.43,0.05,8,679,Yes,0
43,male,High School,48946.0,22,RENT,4000.0,PERSONAL,10.99,0.08,11,671,No,0
30,female,Bachelor,80594.0,9,MORTGAGE,2814.0,DEBTCONSOLIDATION,13.16,0.03,7,513,Yes,0
41,male,Doctorate,65605.0,23,RENT,10000.0,MEDICAL,13.23,0.15,17,600,Yes,0
22,male,High School,13178.0,0,RENT,3250.0,VENTURE,11.01,0.25,2,668,No,1
30,male,Master,39400.0,6,OWN,5500.0,VENTURE,8.0,0.14,8,616,Yes,0
30,female,Master,205260.0,11,RENT,25000.0,EDUCATION,15.2,0.12,8,699,Yes,0
24,male,Associate,97266.0,0,MORTGAGE,2000.0,PERSONAL,15.27,0.02,3,598,Yes,0
29,female,High School,86331.0,8,RENT,9600.0,EDUCATION,10.97,0.11,6,508,Yes,0
23,male,Associate,102179.0,0,RENT,6000.0,EDUCATION,11.01,0.06,2,623,Yes,0
23,male,Bachelor,72625.0,1,MORTGAGE,20000.0,MEDICAL,11.83,0.28,4,545,No,1
30,female,Bachelor,95991.0,6,MORTGAGE,4899.0,MEDICAL,8.13,0.05,8,670,No,0
24,male,Master,113496.0,0,RENT,10600.0,PERSONAL,12.18,0.09,4,640,Yes,0
26,male,Bachelor,66953.0,4,RENT,9000.0,VENTURE,11.01,0.13,2,604,Yes,0
23,male,Bachelor,92048.0,0,RENT,7000.0,EDUCATION,6.54,0.08,4,624,Yes,0
26,female,Master,35760.0,3,RENT,3400.0,HOMEIMPROVEMENT,15.62,0.1,4,607,No,1
24,male,Bachelor,60914.0,2,RENT,5000.0,DEBTCONSOLIDATION,10.33,0.08,2,616,Yes,0
30,female,Associate,63257.0,9,MORTGAGE,14675.0,HOMEIMPROVEMENT,9.63,0.23,7,660,Yes,0
25,male,Master,49076.0,1,RENT,3000.0,PERSONAL,10.15,0.06,3,648,Yes,0
25,male,Bachelor,101814.0,5,MORTGAGE,5000.0,VENTURE,10.99,0.05,2,705,Yes,0
25,female,Master,39985.0,2,RENT,7200.0,MEDICAL,9.51,0.18,4,602,Yes,0
23,male,High School,49061.0,0,RENT,10000.0,DEBTCONSOLIDATION,13.22,0.2,4,638,No,0
38,female,Associate,108661.0,16,MORTGAGE,7000.0,DEBTCONSOLIDATION,6.99,0.06,16,678,Yes,0
24,female,Associate,108667.0,0,RENT,10000.0,PERSONAL,7.5,0.09,2,639,Yes,0
25,female,Bachelor,49260.0,1,RENT,15000.0,EDUCATION,12.58,0.3,3,720,No,1
25,female,Bachelor,34352.0,0,RENT,6420.0,VENTURE,13.36,0.19,4,688,No,0
23,female,Bachelor,38081.0,2,RENT,1000.0,PERSONAL,14.96,0.03,3,622,No,1
28,female,Master,26877.0,4,MORTGAGE,1477.0,VENTURE,13.01,0.05,6,621,Yes,0
22,male,Bachelor,44452.0,0,RENT,6000.0,EDUCATION,14.22,0.13,3,694,No,0
34,female,Master,116257.0,10,OWN,12000.0,VENTURE,11.99,0.1,6,665,Yes,0
34,female,High School,58376.0,12,RENT,10000.0,PERSONAL,15.7,0.17,9,635,Yes,0
28,female,Master,56588.0,4,RENT,12000.0,MEDICAL,11.01,0.21,8,582,No,0
27,female,Associate,60592.0,3,RENT,6000.0,VENTURE,11.36,0.1,9,638,Yes,0
25,female,Bachelor,58473.0,3,MORTGAGE,7350.0,PERSONAL,11.12,0.13,2,653,Yes,0
25,male,Master,49300.0,2,RENT,5000.0,DEBTCONSOLIDATION,12.99,0.1,3,537,Yes,0
26,male,Master,48908.0,6,RENT,12000.0,DEBTCONSOLIDATION,9.99,0.25,3,629,No,0
23,female,Bachelor,55703.0,4,MORTGAGE,3000.0,MEDICAL,11.49,0.05,4,668,No,0
28,female,Bachelor,193112.0,5,MORTGAGE,25000.0,HOMEIMPROVEMENT,12.5,0.13,5,612,Yes,0
25,male,High School,129315.0,4,MORTGAGE,24000.0,DEBTCONSOLIDATION,5.99,0.19,2,678,Yes,0
29,male,High School,51453.0,7,RENT,11300.0,DEBTCONSOLIDATION,10.0,0.22,5,679,Yes,0
24,female,Bachelor,126430.0,2,MORTGAGE,5000.0,VENTURE,15.28,0.04,2,662,No,0
26,female,High School,109200.0,4,RENT,8400.0,PERSONAL,11.01,0.08,2,679,No,0
30,male,Master,126985.0,7,MORTGAGE,20000.0,EDUCATION,11.83,0.16,5,599,Yes,0
31,male,Bachelor,259003.0,10,MORTGAGE,15000.0,MEDICAL,10.99,0.06,10,663,Yes,0
22,male,Master,54475.0,0,RENT,3200.0,PERSONAL,11.01,0.06,4,674,No,0
28,female,High School,48993.0,7,RENT,5000.0,VENTURE,10.61,0.1,10,636,Yes,0
28,male,Associate,109473.0,7,MORTGAGE,12000.0,DEBTCONSOLIDATION,6.91,0.11,9,644,No,0
29,female,High School,75774.0,9,MORTGAGE,20000.0,HOMEIMPROVEMENT,11.01,0.26,10,669,No,0
30,female,Master,116216.0,10,MORTGAGE,6000.0,VENTURE,5.42,0.05,7,670,No,0
30,male,Associate,110077.0,7,MORTGAGE,18374.0,HOMEIMPROVEMENT,12.06,0.17,7,621,No,0
29,male,High School,65768.0,10,RENT,2000.0,HOMEIMPROVEMENT,10.01,0.03,7,618,Yes,0
30,female,Associate,58818.0,10,RENT,7200.0,EDUCATION,10.39,0.12,8,619,No,0
27,female,Master,142447.0,4,MORTGAGE,16000.0,DEBTCONSOLIDATION,7.9,0.11,10,656,Yes,0
27,female,High School,100665.0,7,RENT,12000.0,DEBTCONSOLIDATION,9.85,0.12,6,672,Yes,0
22,male,High School,56509.0,0,RENT,6264.0,DEBTCONSOLIDATION,11.97,0.11,4,667,Yes,0
22,male,Associate,90951.0,1,MORTGAGE,6000.0,DEBTCONSOLIDATION,7.74,0.07,4,552,Yes,0
31,male,Bachelor,39731.0,10,RENT,2334.0,HOMEIMPROVEMENT,6.49,0.06,6,675,Yes,0
29,female,Bachelor,33273.0,6,RENT,5000.0,PERSONAL,6.76,0.15,9,674,Yes,0
23,male,High School,67577.0,0,MORTGAGE,5000.0,MEDICAL,14.95,0.07,3,645,No,1
26,male,Bachelor,32281.0,3,OWN,8000.0,HOMEIMPROVEMENT,5.79,0.25,4,675,No,0
41,male,Associate,82826.0,19,RENT,15000.0,EDUCATION,13.47,0.18,12,715,Yes,0
25,female,Bachelor,72733.0,5,MORTGAGE,12000.0,VENTURE,10.99,0.16,2,703,No,0
24,female,Master,26055.0,2,RENT,4000.0,DEBTCONSOLIDATION,13.43,0.15,4,714,Yes,0
39,female,High School,53563.0,19,MORTGAGE,2500.0,PERSONAL,7.68,0.05,15,558,Yes,0
28,male,High School,116285.0,5,RENT,5000.0,VENTURE,11.12,0.04,7,668,Yes,0
40,female,Bachelor,109983.0,20,MORTGAGE,7920.0,MEDICAL,9.23,0.07,12,542,Yes,0
21,male,Associate,71868.0,0,MORTGAGE,25000.0,EDUCATION,14.09,0.35,2,576,Yes,0
21,male,Master,79140.0,0,OWN,5000.0,MEDICAL,5.79,0.06,4,677,Yes,0
23,male,Bachelor,157069.0,0,MORTGAGE,6000.0,MEDICAL,5.42,0.04,2,667,No,0
23,male,High School,103373.0,5,RENT,6700.0,MEDICAL,15.23,0.06,2,623,No,0
23,female,Associate,79031.0,1,RENT,15000.0,VENTURE,8.94,0.19,3,668,Yes,0
29,female,Bachelor,89451.0,5,RENT,1993.0,DEBTCONSOLIDATION,7.54,0.02,7,683,No,0
22,female,Bachelor,39312.0,0,MORTGAGE,6000.0,EDUCATION,8.49,0.15,2,662,Yes,0
29,male,Master,96852.0,1,MORTGAGE,15000.0,MEDICAL,11.01,0.15,10,727,Yes,0
41,male,High School,57254.0,18,RENT,5000.0,PERSONAL,7.51,0.09,11,674,No,0
31,female,High School,95456.0,9,RENT,10000.0,EDUCATION,11.41,0.1,8,689,Yes,0
24,female,High School,156991.0,2,MORTGAGE,25000.0,HOMEIMPROVEMENT,10.74,0.16,3,653,No,0
23,female,Associate,41078.0,1,RENT,10000.0,EDUCATION,7.51,0.24,4,646,No,0
26,male,Bachelor,74170.0,3,MORTGAGE,12000.0,PERSONAL,10.99,0.16,3,628,Yes,0
29,male,Bachelor,49449.0,5,RENT,3600.0,DEBTCONSOLIDATION,8.59,0.07,5,658,Yes,0
22,female,High School,37046.0,0,RENT,7000.0,MEDICAL,9.79,0.19,3,593,Yes,0
29,female,Master,72918.0,6,RENT,4200.0,MEDICAL,8.63,0.06,10,661,Yes,0
39,female,Associate,72998.0,16,RENT,3600.0,PERSONAL,5.99,0.05,11,698,Yes,0
29,male,Master,137542.0,7,MORTGAGE,25953.0,PERSONAL,8.61,0.19,6,658,No,0
28,male,Bachelor,121835.0,6,MORTGAGE,15000.0,MEDICAL,8.94,0.12,9,674,No,0
23,male,High School,44505.0,3,RENT,9000.0,VENTURE,10.78,0.2,4,605,Yes,0
30,female,Associate,91212.0,6,RENT,11200.0,MEDICAL,13.16,0.12,5,619,Yes,0
25,male,High School,64975.0,3,RENT,7500.0,EDUCATION,10.39,0.12,4,639,Yes,0
23,male,Master,85260.0,0,RENT,3500.0,VENTURE,5.42,0.04,2,591,Yes,0
28,male,High School,109073.0,5,MORTGAGE,17600.0,HOMEIMPROVEMENT,16.35,0.16,5,606,No,0
37,female,Associate,94690.0,13,MORTGAGE,12000.0,DEBTCONSOLIDATION,9.83,0.13,11,589,Yes,0
27,male,Bachelor,102586.0,5,MORTGAGE,18000.0,VENTURE,7.51,0.18,10,642,Yes,0
35,male,High School,61106.0,14,RENT,3000.0,EDUCATION,7.88,0.05,8,675,Yes,0
47,male,Master,58865.0,24,RENT,2500.0,DEBTCONSOLIDATION,14.65,0.04,17,728,Yes,0
23,female,Associate,18678.0,0,RENT,1732.0,MEDICAL,12.68,0.09,3,556,Yes,0
36,male,High School,67190.0,11,MORTGAGE,3000.0,EDUCATION,11.01,0.04,14,574,No,0
22,male,Associate,51172.0,0,RENT,2500.0,EDUCATION,11.59,0.05,3,631,Yes,0
30,female,High School,72923.0,10,RENT,7200.0,HOMEIMPROVEMENT,6.76,0.1,8,592,Yes,0
23,female,Bachelor,59556.0,0,RENT,4500.0,DEBTCONSOLIDATION,12.21,0.08,4,559,Yes,0
25,male,Associate,49328.0,4,RENT,5000.0,DEBTCONSOLIDATION,12.43,0.1,3,596,Yes,0
40,male,Associate,199346.0,18,MORTGAGE,9000.0,DEBTCONSOLIDATION,7.51,0.05,16,620,Yes,0
22,male,Bachelor,64360.0,2,OWN,4800.0,EDUCATION,17.49,0.07,3,629,No,0
23,male,Master,27124.0,0,RENT,6600.0,EDUCATION,11.11,0.24,2,512,Yes,0
27,male,Bachelor,78933.0,2,MORTGAGE,10250.0,DEBTCONSOLIDATION,8.59,0.13,5,657,No,0
28,male,Master,144878.0,5,MORTGAGE,14400.0,MEDICAL,10.74,0.1,7,686,Yes,0
32,female,High School,169401.0,9,MORTGAGE,20000.0,MEDICAL,6.91,0.12,10,704,No,0
29,male,High School,80877.0,10,OWN,12000.0,VENTURE,6.99,0.15,8,594,Yes,0
28,male,Bachelor,49280.0,4,MORTGAGE,10000.0,DEBTCONSOLIDATION,10.26,0.2,6,640,No,0
44,male,Associate,110391.0,22,MORTGAGE,7900.0,MEDICAL,8.59,0.07,14,688,No,0
35,female,Master,46778.0,10,MORTGAGE,9600.0,VENTURE,7.49,0.21,9,646,Yes,0
28,female,Bachelor,78731.0,8,RENT,7000.0,HOMEIMPROVEMENT,8.49,0.09,6,676,No,0
23,female,High School,44116.0,0,OWN,18000.0,VENTURE,7.88,0.41,2,619,Yes,0
22,male,High School,193368.0,0,RENT,10000.0,VENTURE,8.94,0.05,3,549,Yes,0
27,male,Associate,70564.0,5,RENT,5900.0,DEBTCONSOLIDATION,9.32,0.08,7,618,Yes,0
27,male,Associate,129412.0,3,MORTGAGE,24717.0,PERSONAL,11.44,0.19,5,710,Yes,0
23,male,High School,61017.0,5,MORTGAGE,10000.0,MEDICAL,10.99,0.16,3,636,No,0
30,male,High School,94882.0,7,RENT,25000.0,HOMEIMPROVEMENT,11.01,0.26,9,635,No,1
22,female,High School,42890.0,0,MORTGAGE,5000.0,MEDICAL,7.9,0.12,3,597,Yes,0
47,female,Bachelor,22535.0,24,RENT,3000.0,PERSONAL,5.98,0.13,14,718,No,1
36,male,Associate,41719.0,13,MORTGAGE,5000.0,PERSONAL,10.65,0.12,15,715,No,0
22,female,Bachelor,90982.0,2,MORTGAGE,10600.0,EDUCATION,5.79,0.12,2,707,Yes,0
34,male,Master,110361.0,11,MORTGAGE,15000.0,VENTURE,11.01,0.14,10,717,No,0
25,male,Bachelor,70177.0,2,MORTGAGE,12275.0,HOMEIMPROVEMENT,11.01,0.17,3,663,Yes,0
23,female,Master,23759.0,2,RENT,6000.0,EDUCATION,10.59,0.25,2,604,No,1
21,female,High School,64752.0,1,RENT,10000.0,EDUCATION,7.51,0.15,4,600,Yes,0
31,male,Bachelor,43032.0,8,RENT,12000.0,DEBTCONSOLIDATION,7.46,0.28,10,595,No,1
26,male,Master,40770.0,3,RENT,4801.0,VENTURE,12.69,0.12,4,689,Yes,0
30,male,Bachelor,122826.0,6,RENT,18000.0,HOMEIMPROVEMENT,12.18,0.15,7,653,Yes,0
59,male,High School,210967.0,37,RENT,12000.0,PERSONAL,10.59,0.06,27,656,Yes,0
23,female,High School,85377.0,3,MORTGAGE,14056.0,DEBTCONSOLIDATION,14.18,0.16,4,565,Yes,0
25,male,High School,87192.0,3,MORTGAGE,14000.0,EDUCATION,12.42,0.16,2,596,Yes,0
23,female,Bachelor,81590.0,0,OWN,6400.0,PERSONAL,11.01,0.08,3,656,Yes,0
36,male,Bachelor,53957.0,18,RENT,16000.0,DEBTCONSOLIDATION,14.65,0.3,11,651,No,1
27,male,High School,102917.0,8,RENT,2000.0,DEBTCONSOLIDATION,14.22,0.02,9,674,No,0
22,male,High School,38044.0,0,MORTGAGE,3000.0,MEDICAL,12.54,0.08,3,671,No,0
34,female,Bachelor,74814.0,13,RENT,30000.0,MEDICAL,11.71,0.4,8,719,No,1
26,female,Associate,124953.0,7,MORTGAGE,6000.0,MEDICAL,11.01,0.05,6,625,Yes,0
27,female,Associate,46835.0,4,RENT,6000.0,DEBTCONSOLIDATION,10.29,0.13,7,668,No,0
28,female,Master,187574.0,4,MORTGAGE,10316.0,PERSONAL,8.28,0.05,6,677,Yes,0
26,male,High School,67257.0,4,MORTGAGE,5000.0,VENTURE,6.92,0.07,3,602,Yes,0
27,female,Master,50794.0,5,RENT,11091.0,DEBTCONSOLIDATION,14.65,0.22,5,664,No,1
26,male,High School,66845.0,3,RENT,12000.0,PERSONAL,7.88,0.18,4,659,No,0
25,female,Associate,40006.0,6,RENT,9000.0,PERSONAL,5.79,0.22,3,604,Yes,0
24,male,Associate,74912.0,2,MORTGAGE,2000.0,EDUCATION,13.49,0.03,3,571,No,0
58,female,Associate,24991.0,31,RENT,4000.0,EDUCATION,9.99,0.16,30,650,Yes,0
41,male,Associate,91016.0,22,MORTGAGE,5500.0,EDUCATION,12.87,0.06,16,633,No,0
25,female,Bachelor,166313.0,3,MORTGAGE,5000.0,MEDICAL,11.86,0.03,4,680,No,0
28,female,Bachelor,69577.0,5,MORTGAGE,13000.0,HOMEIMPROVEMENT,9.63,0.19,5,647,Yes,0
31,male,Master,49068.0,7,RENT,2500.0,MEDICAL,13.23,0.05,5,523,Yes,0
144,male,Associate,241424.0,121,MORTGAGE,6000.0,EDUCATION,11.86,0.02,2,807,No,0
23,female,Bachelor,144105.0,0,RENT,12000.0,EDUCATION,10.39,0.08,3,643,Yes,0
24,female,Associate,149887.0,0,MORTGAGE,12000.0,EDUCATION,10.36,0.08,4,661,Yes,0
36,male,High School,43026.0,12,MORTGAGE,5000.0,HOMEIMPROVEMENT,5.99,0.12,11,559,Yes,0
35,male,High School,110231.0,13,OWN,10000.0,MEDICAL,8.59,0.09,8,664,Yes,0
28,male,Bachelor,116648.0,7,MORTGAGE,6000.0,PERSONAL,12.69,0.05,10,707,No,0
22,male,High School,84747.0,2,MORTGAGE,6000.0,MEDICAL,6.03,0.07,2,662,Yes,0
26,male,High School,90905.0,3,MORTGAGE,20000.0,MEDICAL,13.61,0.22,5,676,No,0
22,male,High School,116274.0,0,MORTGAGE,25000.0,VENTURE,13.8,0.22,4,654,Yes,0
25,male,Associate,105315.0,2,MORTGAGE,10000.0,EDUCATION,10.35,0.09,3,665,No,0
29,male,Master,69762.0,8,RENT,3200.0,VENTURE,7.68,0.05,9,690,Yes,0
29,male,Associate,52756.0,4,RENT,4646.0,PERSONAL,6.07,0.09,6,570,Yes,0
25,female,Bachelor,52804.0,4,MORTGAGE,10000.0,DEBTCONSOLIDATION,7.88,0.19,3,678,Yes,0
35,male,Associate,106667.0,13,RENT,13600.0,PERSONAL,7.9,0.13,6,615,Yes,0
23,male,Associate,53026.0,0,RENT,10450.0,PERSONAL,13.57,0.2,3,618,No,0
24,male,High School,67049.0,0,MORTGAGE,6000.0,HOMEIMPROVEMENT,5.42,0.09,3,600,No,0
23,female,Associate,46831.0,2,OWN,5000.0,VENTURE,12.99,0.11,4,639,Yes,0
26,female,Bachelor,178736.0,0,MORTGAGE,7500.0,DEBTCONSOLIDATION,8.0,0.04,3,637,Yes,0
30,female,Bachelor,159141.0,10,RENT,21500.0,HOMEIMPROVEMENT,10.62,0.14,8,633,Yes,0
37,male,Doctorate,70660.0,18,RENT,7500.0,DEBTCONSOLIDATION,12.73,0.11,15,691,Yes,0
27,male,Bachelor,91447.0,3,MORTGAGE,6000.0,PERSONAL,7.74,0.07,7,583,Yes,0
21,male,Master,67526.0,0,RENT,6000.0,PERSONAL,11.01,0.09,3,661,No,0
22,female,Bachelor,46631.0,0,RENT,12000.0,EDUCATION,10.75,0.26,3,661,No,1
24,female,High School,73143.0,3,MORTGAGE,2800.0,EDUCATION,9.78,0.04,4,535,Yes,0
25,male,High School,73841.0,0,RENT,14400.0,PERSONAL,12.53,0.2,2,678,No,0
30,female,Bachelor,70493.0,6,RENT,8500.0,PERSONAL,11.01,0.12,5,632,Yes,0
40,female,Associate,115841.0,17,MORTGAGE,3200.0,HOMEIMPROVEMENT,11.01,0.03,17,693,Yes,0
26,female,Associate,85001.0,8,RENT,11600.0,DEBTCONSOLIDATION,6.99,0.14,3,671,Yes,0
64,male,High School,143858.0,44,MORTGAGE,5000.0,PERSONAL,8.0,0.03,22,698,No,0
24,male,Master,109152.0,1,MORTGAGE,35000.0,EDUCATION,12.68,0.32,2,627,Yes,0
25,female,High School,151103.0,3,RENT,3000.0,EDUCATION,13.58,0.02,4,558,Yes,0
25,female,High School,44727.0,3,MORTGAGE,18000.0,VENTURE,9.17,0.4,2,591,Yes,0
36,female,Associate,78848.0,13,RENT,15000.0,MEDICAL,13.72,0.19,11,638,No,0
24,male,Bachelor,67085.0,0,RENT,12000.0,EDUCATION,9.63,0.18,2,671,Yes,0
24,male,High School,32782.0,5,RENT,3000.0,MEDICAL,11.01,0.09,2,538,No,0
41,male,Associate,80193.0,17,RENT,6000.0,EDUCATION,10.47,0.07,13,625,No,0
24,female,Master,97178.0,4,RENT,12000.0,MEDICAL,12.69,0.12,2,694,Yes,0
24,male,Bachelor,75686.0,3,RENT,8000.0,VENTURE,11.14,0.11,4,626,No,0
27,female,Master,157172.0,4,RENT,10000.0,MEDICAL,11.49,0.06,10,507,Yes,0
28,male,Associate,34295.0,6,OWN,6000.0,HOMEIMPROVEMENT,8.9,0.17,8,606,No,0
24,male,Master,25319.0,0,RENT,7550.0,VENTURE,14.79,0.3,4,623,No,1
33,male,Bachelor,44264.0,10,MORTGAGE,7800.0,PERSONAL,7.14,0.18,10,600,No,0
23,male,Associate,42756.0,3,RENT,10000.0,EDUCATION,5.79,0.23,2,568,Yes,0
39,male,Bachelor,91327.0,18,MORTGAGE,7500.0,PERSONAL,12.06,0.08,15,646,Yes,0
31,male,Bachelor,41699.0,12,MORTGAGE,13000.0,PERSONAL,10.99,0.31,8,653,Yes,0
23,male,Associate,64305.0,2,RENT,4500.0,EDUCATION,6.76,0.07,4,661,Yes,0
23,male,Bachelor,159058.0,1,MORTGAGE,15000.0,PERSONAL,6.99,0.09,2,649,Yes,0
26,female,High School,104284.0,7,RENT,10000.0,VENTURE,13.49,0.1,4,654,No,0
28,male,High School,81729.0,4,RENT,5000.0,DEBTCONSOLIDATION,14.26,0.06,8,590,Yes,0
25,female,High School,20868.0,0,RENT,1500.0,MEDICAL,6.91,0.07,4,574,Yes,0
23,female,Associate,44585.0,0,RENT,4000.0,VENTURE,7.68,0.09,2,588,Yes,0
22,male,Associate,42824.0,0,RENT,8000.0,DEBTCONSOLIDATION,14.27,0.19,3,647,Yes,0
24,female,Master,58670.0,0,MORTGAGE,20000.0,HOMEIMPROVEMENT,12.03,0.34,3,501,Yes,0
26,male,Bachelor,88686.0,3,MORTGAGE,10000.0,DEBTCONSOLIDATION,14.09,0.11,3,663,No,1
27,female,Master,70818.0,3,RENT,5900.0,HOMEIMPROVEMENT,9.32,0.08,6,649,Yes,0
26,female,Associate,84848.0,3,MORTGAGE,14000.0,VENTURE,5.58,0.17,3,628,No,0
34,male,Associate,55994.0,11,MORTGAGE,6700.0,DEBTCONSOLIDATION,11.01,0.12,10,653,Yes,0
22,male,High School,69934.0,0,MORTGAGE,21000.0,MEDICAL,11.48,0.3,3,642,Yes,0
22,male,Master,73170.0,0,RENT,13000.0,DEBTCONSOLIDATION,8.94,0.18,2,663,Yes,0
33,female,Bachelor,205019.0,12,OWN,21000.0,HOMEIMPROVEMENT,14.26,0.1,5,578,No,0
28,female,Associate,87271.0,7,MORTGAGE,4500.0,MEDICAL,6.62,0.05,8,637,No,0
25,male,High School,24952.0,1,RENT,3100.0,MEDICAL,11.71,0.12,4,643,Yes,0
23,male,High School,70916.0,1,RENT,10000.0,DEBTCONSOLIDATION,7.88,0.14,2,638,Yes,0
29,female,Bachelor,89003.0,9,MORTGAGE,20096.0,HOMEIMPROVEMENT,14.17,0.23,8,686,Yes,0
39,male,Bachelor,138776.0,15,MORTGAGE,25000.0,VENTURE,15.58,0.18,17,667,Yes,0
24,male,Associate,125650.0,2,MORTGAGE,14000.0,PERSONAL,9.99,0.11,3,680,Yes,0
33,female,High School,37268.0,11,RENT,2400.0,VENTURE,9.91,0.06,5,680,No,0
23,male,Associate,45602.0,4,RENT,10400.0,EDUCATION,7.66,0.23,4,592,Yes,0
30,female,High School,16733.0,9,RENT,3949.0,PERSONAL,13.71,0.24,7,652,No,1
24,female,Bachelor,65602.0,2,MORTGAGE,6000.0,DEBTCONSOLIDATION,10.99,0.09,2,624,Yes,0
24,female,High School,56466.0,0,RENT,9000.0,MEDICAL,5.79,0.16,3,625,Yes,0
30,male,Master,102873.0,5,RENT,10000.0,DEBTCONSOLIDATION,13.16,0.1,10,655,Yes,0
33,male,High School,385074.0,12,MORTGAGE,14000.0,VENTURE,7.91,0.04,5,604,Yes,0
23,male,Master,115932.0,3,MORTGAGE,20000.0,VENTURE,11.11,0.17,2,668,No,0
25,female,Master,118316.0,2,RENT,10000.0,DEBTCONSOLIDATION,12.69,0.08,4,595,No,0
24,male,Associate,90980.0,0,MORTGAGE,3000.0,HOMEIMPROVEMENT,6.14,0.03,3,662,No,0
23,female,High School,39957.0,1,RENT,3000.0,VENTURE,10.0,0.08,2,641,Yes,0
31,male,High School,39284.0,9,MORTGAGE,6000.0,DEBTCONSOLIDATION,11.86,0.15,8,669,Yes,0
30,male,Bachelor,84767.0,8,MORTGAGE,10200.0,MEDICAL,12.42,0.12,6,623,Yes,0
27,female,High School,47842.0,6,RENT,2000.0,EDUCATION,16.07,0.04,7,655,No,0
23,female,High School,241092.0,2,MORTGAGE,5000.0,EDUCATION,7.43,0.02,2,621,Yes,0
27,female,Associate,55220.0,4,MORTGAGE,4000.0,PERSONAL,6.99,0.07,7,668,No,0
27,male,Associate,86016.0,0,RENT,8400.0,EDUCATION,12.61,0.1,10,625,No,0
42,male,Associate,37342.0,20,RENT,1500.0,VENTURE,12.98,0.04,14,703,No,0
25,male,Associate,48953.0,1,MORTGAGE,14000.0,VENTURE,7.14,0.29,5,517,Yes,0
22,female,Bachelor,44865.0,1,MORTGAGE,9950.0,VENTURE,7.29,0.22,3,658,Yes,0
24,male,Bachelor,114049.0,3,MORTGAGE,10000.0,HOMEIMPROVEMENT,15.85,0.09,3,671,Yes,0
24,male,Associate,60972.0,0,RENT,5000.0,VENTURE,11.01,0.08,4,616,Yes,0
26,male,Bachelor,154022.0,5,MORTGAGE,10000.0,HOMEIMPROVEMENT,7.51,0.06,3,530,Yes,0
22,female,Bachelor,50601.0,0,MORTGAGE,10000.0,EDUCATION,13.57,0.2,4,698,No,1
25,female,Bachelor,109060.0,5,MORTGAGE,10000.0,VENTURE,12.61,0.09,3,705,No,0
27,female,High School,51460.0,5,RENT,10000.0,EDUCATION,11.01,0.19,8,675,Yes,0
24,male,Associate,36805.0,0,MORTGAGE,2400.0,DEBTCONSOLIDATION,13.11,0.07,2,560,No,0
26,male,Bachelor,49265.0,4,RENT,4000.0,EDUCATION,6.76,0.08,4,603,Yes,0
23,female,High School,73062.0,0,RENT,8000.0,MEDICAL,13.73,0.11,3,573,Yes,0
28,female,Bachelor,103033.0,4,RENT,20000.0,HOMEIMPROVEMENT,13.92,0.19,9,668,Yes,0
28,male,Bachelor,88103.0,2,RENT,12000.0,DEBTCONSOLIDATION,7.49,0.14,6,690,Yes,0
26,male,Associate,139848.0,3,MORTGAGE,9925.0,DEBTCONSOLIDATION,7.29,0.07,4,646,Yes,0
21,female,Bachelor,51140.0,2,RENT,5000.0,EDUCATION,9.32,0.1,4,652,No,0
27,female,High School,55051.0,4,RENT,3600.0,VENTURE,12.42,0.07,8,455,Yes,0
32,male,Bachelor,58436.0,10,RENT,10000.0,EDUCATION,9.22,0.17,10,636,No,0
24,male,Bachelor,92686.0,3,MORTGAGE,12000.0,DEBTCONSOLIDATION,11.01,0.13,3,669,No,0
27,male,High School,84897.0,4,MORTGAGE,3000.0,PERSONAL,11.01,0.04,8,551,Yes,0
32,female,High School,107946.0,7,RENT,12000.0,MEDICAL,8.94,0.11,6,614,No,0
21,female,Associate,11893.0,0,RENT,3000.0,HOMEIMPROVEMENT,15.23,0.25,4,556,No,1
32,female,Associate,64549.0,8,MORTGAGE,24000.0,HOMEIMPROVEMENT,7.51,0.37,10,659,Yes,0
28,female,High School,45359.0,8,RENT,12000.0,MEDICAL,11.01,0.26,7,650,No,1
30,male,Associate,104216.0,4,MORTGAGE,14000.0,PERSONAL,10.66,0.13,9,616,No,0
32,female,Bachelor,67069.0,7,RENT,15000.0,VENTURE,6.54,0.22,5,699,No,0
29,female,High School,143194.0,5,MORTGAGE,3500.0,HOMEIMPROVEMENT,13.49,0.02,5,546,Yes,0
27,male,Associate,58396.0,2,RENT,9800.0,EDUCATION,8.59,0.17,5,646,Yes,0
39,male,Associate,66748.0,18,MORTGAGE,10000.0,PERSONAL,5.42,0.15,16,649,No,0
22,male,High School,99773.0,0,MORTGAGE,14265.0,MEDICAL,9.04,0.14,3,645,No,0
32,male,High School,235159.0,9,RENT,1250.0,DEBTCONSOLIDATION,13.23,0.01,7,659,No,0
23,female,Associate,61179.0,1,RENT,5000.0,DEBTCONSOLIDATION,10.25,0.08,2,685,Yes,0
26,male,Bachelor,44025.0,7,RENT,10000.0,PERSONAL,11.01,0.23,3,629,Yes,0
24,male,High School,84965.0,3,RENT,10000.0,VENTURE,12.41,0.12,2,584,Yes,0
30,female,Associate,145301.0,8,MORTGAGE,15000.0,HOMEIMPROVEMENT,10.99,0.1,6,702,No,0
22,male,Bachelor,228727.0,0,RENT,12600.0,EDUCATION,6.92,0.06,4,604,No,0
44,male,Bachelor,51835.0,19,MORTGAGE,13200.0,MEDICAL,6.17,0.25,14,609,Yes,0
25,male,Bachelor,37779.0,3,RENT,10000.0,DEBTCONSOLIDATION,10.37,0.26,3,635,No,1
26,male,Bachelor,132918.0,2,MORTGAGE,4000.0,DEBTCONSOLIDATION,6.92,0.03,2,632,Yes,0
24,male,Bachelor,163128.0,0,MORTGAGE,15000.0,EDUCATION,15.33,0.09,5,691,No,0
24,female,Bachelor,117719.0,4,RENT,8000.0,EDUCATION,15.31,0.07,3,678,Yes,0
26,female,Bachelor,44105.0,7,RENT,10200.0,PERSONAL,12.69,0.23,4,550,Yes,0
23,male,Bachelor,54936.0,1,RENT,4000.0,VENTURE,16.32,0.07,2,602,Yes,0
39,male,Bachelor,330854.0,12,RENT,12000.0,PERSONAL,8.49,0.04,14,687,Yes,0
27,male,Master,48771.0,5,RENT,10000.0,DEBTCONSOLIDATION,11.36,0.21,5,715,No,0
24,female,High School,162955.0,2,MORTGAGE,5225.0,VENTURE,7.49,0.03,3,580,No,0
21,male,Associate,33453.0,0,RENT,4800.0,EDUCATION,7.51,0.14,2,525,Yes,0
31,male,Associate,78913.0,7,MORTGAGE,7750.0,EDUCATION,7.51,0.1,8,622,Yes,0
28,female,Associate,65498.0,5,RENT,6457.0,DEBTCONSOLIDATION,11.03,0.1,5,635,No,0
31,female,Bachelor,45212.0,10,MORTGAGE,22000.0,VENTURE,12.73,0.49,6,670,No,0
24,male,High School,120283.0,0,MORTGAGE,12000.0,HOMEIMPROVEMENT,9.62,0.1,3,580,No,0
25,male,Associate,76367.0,2,RENT,1500.0,VENTURE,7.49,0.02,4,649,No,0
24,female,Master,49069.0,0,MORTGAGE,5000.0,MEDICAL,9.31,0.1,4,640,No,0
34,female,Associate,91072.0,11,MORTGAGE,25000.0,HOMEIMPROVEMENT,10.64,0.27,9,679,Yes,0
24,female,Master,58443.0,1,OWN,2800.0,HOMEIMPROVEMENT,12.53,0.05,4,679,Yes,0
26,female,Bachelor,90753.0,5,RENT,9484.0,PERSONAL,11.01,0.1,5,672,No,0
25,female,High School,58716.0,3,RENT,5500.0,MEDICAL,7.49,0.09,4,617,Yes,0
25,male,High School,240958.0,2,OWN,24000.0,HOMEIMPROVEMENT,14.96,0.1,3,590,Yes,0
25,male,High School,36868.0,1,OWN,10000.0,VENTURE,11.01,0.27,2,589,Yes,0
29,male,Bachelor,73022.0,4,MORTGAGE,8500.0,MEDICAL,6.92,0.12,7,651,No,0
35,male,Bachelor,32052.0,16,OWN,6000.0,PERSONAL,9.63,0.19,6,697,No,0
33,male,Associate,55192.0,12,RENT,7000.0,VENTURE,10.38,0.13,8,691,No,0
30,female,Bachelor,117626.0,8,MORTGAGE,6500.0,PERSONAL,7.29,0.06,10,672,No,0
29,male,Associate,86570.0,10,MORTGAGE,10000.0,MEDICAL,14.27,0.12,8,648,No,1
22,male,Bachelor,51621.0,1,MORTGAGE,9350.0,DEBTCONSOLIDATION,12.69,0.18,2,641,Yes,0
33,female,High School,44424.0,10,MORTGAGE,11752.0,EDUCATION,14.79,0.26,10,586,Yes,0
22,female,High School,72621.0,2,MORTGAGE,10000.0,PERSONAL,8.9,0.14,4,664,No,0
28,female,High School,86775.0,7,MORTGAGE,9800.0,VENTURE,12.21,0.11,5,625,Yes,0
32,female,High School,55185.0,10,RENT,5600.0,EDUCATION,11.36,0.1,10,665,Yes,0
23,female,Associate,103435.0,0,MORTGAGE,4000.0,EDUCATION,6.76,0.04,4,582,Yes,0
26,male,Associate,30991.0,5,RENT,9995.0,HOMEIMPROVEMENT,13.94,0.32,3,593,No,1
25,male,Master,45268.0,1,RENT,6000.0,EDUCATION,12.42,0.13,2,525,Yes,0
28,female,Associate,118980.0,6,RENT,4000.0,EDUCATION,7.51,0.03,7,622,No,1
23,female,High School,114119.0,2,MORTGAGE,18000.0,EDUCATION,6.54,0.16,3,668,Yes,0
34,male,Bachelor,95358.0,12,MORTGAGE,4800.0,PERSONAL,9.32,0.05,6,605,Yes,0
29,male,Associate,406668.0,5,RENT,24000.0,HOMEIMPROVEMENT,17.8,0.06,8,656,No,1
23,male,Associate,115157.0,1,RENT,15000.0,VENTURE,15.05,0.13,2,596,No,0
24,female,High School,70252.0,1,MORTGAGE,7000.0,DEBTCONSOLIDATION,6.99,0.1,4,611,Yes,0
41,male,Doctorate,27064.0,15,OWN,3500.0,EDUCATION,13.61,0.13,13,675,No,0
23,male,Master,73068.0,1,MORTGAGE,13200.0,MEDICAL,13.16,0.18,2,608,No,0
44,female,Associate,96637.0,24,MORTGAGE,10000.0,HOMEIMPROVEMENT,6.65,0.1,15,700,No,0
35,male,Associate,46655.0,15,MORTGAGE,2400.0,MEDICAL,10.37,0.05,5,565,Yes,0
22,male,Master,46769.0,0,MORTGAGE,3600.0,DEBTCONSOLIDATION,17.27,0.08,4,612,No,1
41,female,Bachelor,51433.0,17,RENT,2000.0,DEBTCONSOLIDATION,13.23,0.04,15,683,No,0
21,female,High School,73858.0,0,RENT,7500.0,EDUCATION,10.39,0.1,2,508,Yes,0
32,male,High School,86096.0,12,MORTGAGE,14000.0,MEDICAL,6.99,0.16,8,635,Yes,0
46,female,High School,223521.0,24,MORTGAGE,20000.0,VENTURE,11.36,0.09,15,708,Yes,0
28,male,Bachelor,151081.0,5,MORTGAGE,20000.0,DEBTCONSOLIDATION,11.03,0.13,6,613,No,0
23,female,Bachelor,63127.0,1,RENT,4800.0,EDUCATION,9.88,0.08,2,571,Yes,0
23,female,High School,144865.0,0,MORTGAGE,4000.0,EDUCATION,10.65,0.03,2,582,Yes,0
26,male,Associate,87751.0,3,MORTGAGE,11238.0,EDUCATION,9.93,0.13,4,610,Yes,0
22,female,High School,141360.0,0,MORTGAGE,11000.0,EDUCATION,6.92,0.08,4,632,Yes,0
28,male,Bachelor,45502.0,3,RENT,5500.0,PERSONAL,5.58,0.12,5,672,No,0
27,female,Associate,131819.0,6,MORTGAGE,3950.0,EDUCATION,6.03,0.03,7,688,No,0
31,male,Bachelor,44089.0,10,MORTGAGE,1000.0,EDUCATION,10.59,0.02,9,502,Yes,0
29,female,Associate,48612.0,6,RENT,14124.0,MEDICAL,12.55,0.29,7,591,No,1
24,female,Associate,48856.0,2,MORTGAGE,7500.0,DEBTCONSOLIDATION,12.22,0.15,4,678,Yes,0
24,male,High School,89741.0,0,RENT,4900.0,PERSONAL,12.87,0.05,3,666,Yes,0
34,male,Bachelor,121188.0,13,MORTGAGE,9800.0,PERSONAL,7.14,0.08,8,723,No,0
30,female,Associate,69440.0,7,MORTGAGE,4000.0,HOMEIMPROVEMENT,8.0,0.06,8,625,Yes,0
25,female,High School,87672.0,2,MORTGAGE,18000.0,VENTURE,16.1,0.21,3,533,Yes,0
25,female,Associate,39573.0,2,RENT,1500.0,DEBTCONSOLIDATION,7.29,0.04,3,581,Yes,0
31,female,Bachelor,122194.0,8,MORTGAGE,17000.0,DEBTCONSOLIDATION,11.01,0.14,8,516,Yes,0
25,male,Associate,93358.0,2,RENT,15000.0,PERSONAL,6.88,0.16,4,652,No,0
24,male,Master,86114.0,0,MORTGAGE,5000.0,DEBTCONSOLIDATION,14.96,0.06,3,663,No,1
28,male,Bachelor,135420.0,5,RENT,6000.0,MEDICAL,12.69,0.04,8,647,Yes,0
25,female,Associate,124931.0,2,MORTGAGE,7500.0,PERSONAL,6.54,0.06,3,642,Yes,0
22,male,Bachelor,63605.0,1,MORTGAGE,15000.0,EDUCATION,12.86,0.24,2,664,Yes,0
25,male,Bachelor,65659.0,2,RENT,6000.0,HOMEIMPROVEMENT,8.59,0.09,4,671,No,0
40,female,Associate,63352.0,17,RENT,15000.0,EDUCATION,18.62,0.24,16,617,No,1
29,female,Master,43891.0,9,RENT,10000.0,PERSONAL,11.01,0.23,6,687,Yes,0
25,female,Master,81207.0,2,MORTGAGE,7000.0,EDUCATION,8.63,0.09,3,631,Yes,0
43,female,High School,82505.0,16,OWN,5000.0,EDUCATION,6.99,0.06,15,617,Yes,0
28,male,Master,43880.0,8,MORTGAGE,4800.0,VENTURE,9.06,0.11,9,561,Yes,0
45,male,Associate,84775.0,21,OWN,6000.0,VENTURE,7.9,0.07,12,694,No,0
26,male,Bachelor,83883.0,4,RENT,8400.0,PERSONAL,17.27,0.1,2,643,Yes,0
38,male,High School,87463.0,14,MORTGAGE,4069.0,VENTURE,9.55,0.05,11,610,No,0
33,female,Associate,78014.0,11,MORTGAGE,8800.0,VENTURE,7.49,0.11,5,666,Yes,0
22,female,Associate,39855.0,0,MORTGAGE,5500.0,DEBTCONSOLIDATION,11.01,0.14,2,648,No,0
26,male,High School,40884.0,5,RENT,5400.0,PERSONAL,11.01,0.13,4,575,Yes,0
23,female,Associate,91179.0,1,RENT,6000.0,PERSONAL,6.03,0.07,4,692,Yes,0
40,female,Associate,661036.0,17,MORTGAGE,8000.0,MEDICAL,10.75,0.01,14,643,Yes,0
30,male,Bachelor,202369.0,7,RENT,18000.0,DEBTCONSOLIDATION,14.46,0.09,9,656,No,1
35,male,High School,79683.0,12,RENT,19000.0,HOMEIMPROVEMENT,11.14,0.24,7,614,Yes,0
31,female,Bachelor,53998.0,7,RENT,12000.0,DEBTCONSOLIDATION,17.27,0.22,7,607,No,1
24,male,Bachelor,33847.0,3,RENT,10000.0,DEBTCONSOLIDATION,12.73,0.3,2,656,No,1
37,female,High School,141382.0,14,MORTGAGE,10000.0,PERSONAL,8.94,0.07,11,531,Yes,0
27,male,High School,84875.0,5,RENT,18000.0,DEBTCONSOLIDATION,10.25,0.21,9,561,Yes,0
37,male,Bachelor,188225.0,17,MORTGAGE,4000.0,HOMEIMPROVEMENT,8.49,0.02,15,656,No,0
28,male,Master,31494.0,5,RENT,12000.0,MEDICAL,9.83,0.38,9,622,No,1
26,male,Master,175732.0,2,MORTGAGE,20000.0,EDUCATION,11.01,0.11,2,561,Yes,0
27,male,High School,59012.0,4,MORTGAGE,5000.0,PERSONAL,8.02,0.08,6,636,Yes,0
29,male,Associate,114759.0,3,MORTGAGE,2400.0,HOMEIMPROVEMENT,13.72,0.02,8,582,No,0
24,female,High School,74942.0,0,RENT,15000.0,DEBTCONSOLIDATION,11.01,0.2,4,637,Yes,0
31,male,Master,211083.0,12,MORTGAGE,7500.0,EDUCATION,19.69,0.04,9,684,No,0
24,male,Master,118515.0,4,OWN,12000.0,VENTURE,7.49,0.1,2,681,Yes,0
22,male,Associate,89807.0,1,MORTGAGE,12000.0,EDUCATION,11.01,0.13,4,711,No,0
24,male,Bachelor,33875.0,1,MORTGAGE,1936.0,PERSONAL,10.56,0.06,4,646,No,0
22,male,Associate,87482.0,0,MORTGAGE,5000.0,PERSONAL,12.69,0.06,3,659,No,0
28,male,Bachelor,67072.0,8,MORTGAGE,18000.0,EDUCATION,14.11,0.27,5,614,No,0
22,male,High School,91207.0,3,MORTGAGE,24151.0,VENTURE,11.71,0.26,4,648,Yes,0
25,female,Bachelor,102982.0,4,RENT,12000.0,VENTURE,13.58,0.12,4,519,Yes,0
28,female,Associate,27638.0,6,RENT,11500.0,EDUCATION,8.49,0.42,5,612,No,1
25,male,High School,103212.0,2,MORTGAGE,5500.0,PERSONAL,13.49,0.05,3,570,Yes,0
49,female,High School,139059.0,25,RENT,10000.0,PERSONAL,10.37,0.07,17,608,Yes,0
23,female,Master,67281.0,0,MORTGAGE,12375.0,EDUCATION,9.91,0.18,3,629,Yes,0
47,male,High School,63332.0,23,MORTGAGE,12000.0,MEDICAL,7.29,0.19,16,654,Yes,0
28,male,Bachelor,86187.0,6,MORTGAGE,9655.0,EDUCATION,7.5,0.11,5,648,Yes,0
29,male,Bachelor,112889.0,5,MORTGAGE,20000.0,PERSONAL,16.82,0.18,8,652,Yes,0
21,female,High School,65675.0,0,MORTGAGE,10000.0,PERSONAL,11.01,0.15,4,656,Yes,0
32,male,Bachelor,147145.0,7,MORTGAGE,10000.0,MEDICAL,8.17,0.07,8,645,No,0
21,female,Master,60714.0,0,RENT,11000.0,EDUCATION,10.0,0.18,3,697,Yes,0
26,male,Master,209393.0,2,MORTGAGE,10000.0,VENTURE,11.71,0.05,4,585,Yes,0
24,male,Associate,35640.0,0,MORTGAGE,6075.0,DEBTCONSOLIDATION,8.49,0.17,2,573,Yes,0
50,male,Associate,62984.0,28,OWN,10875.0,VENTURE,7.49,0.17,14,663,Yes,0
29,male,Master,48832.0,7,RENT,12000.0,MEDICAL,9.61,0.25,9,621,No,0
32,female,Bachelor,127031.0,9,MORTGAGE,5000.0,MEDICAL,14.24,0.04,9,569,Yes,0
41,male,High School,118503.0,16,MORTGAGE,5000.0,MEDICAL,10.99,0.04,17,539,Yes,0
24,male,Associate,63159.0,2,MORTGAGE,3500.0,VENTURE,7.19,0.06,3,656,Yes,0
23,female,High School,89907.0,0,RENT,12000.0,VENTURE,11.53,0.13,3,623,No,0
27,male,Master,37059.0,5,RENT,4988.0,MEDICAL,10.69,0.13,8,589,Yes,0
27,male,Bachelor,31120.0,3,OWN,10706.0,EDUCATION,13.48,0.34,6,704,No,0
36,female,Bachelor,52999.0,14,MORTGAGE,11013.0,DEBTCONSOLIDATION,10.9,0.21,12,720,Yes,0
26,female,Associate,183548.0,5,MORTGAGE,17500.0,MEDICAL,8.49,0.1,2,607,Yes,0
25,female,Bachelor,59626.0,1,MORTGAGE,3000.0,MEDICAL,11.71,0.05,2,646,No,0
23,female,Master,47052.0,1,RENT,3600.0,DEBTCONSOLIDATION,13.61,0.08,3,565,Yes,0
24,male,Associate,51894.0,0,MORTGAGE,10000.0,DEBTCONSOLIDATION,13.8,0.19,2,582,Yes,0
28,female,Associate,53321.0,7,MORTGAGE,4000.0,EDUCATION,12.69,0.08,8,658,No,0
26,male,Bachelor,88638.0,2,MORTGAGE,12000.0,EDUCATION,7.95,0.14,4,598,No,0
30,male,Master,33949.0,6,RENT,7000.0,MEDICAL,8.59,0.21,8,631,No,0
27,female,Master,30106.0,4,RENT,4000.0,DEBTCONSOLIDATION,12.87,0.13,10,626,No,0
24,female,Bachelor,31322.0,1,MORTGAGE,4000.0,MEDICAL,16.49,0.13,3,592,No,1
33,male,High School,43415.0,10,MORTGAGE,6350.0,MEDICAL,7.51,0.15,5,625,Yes,0
22,male,Bachelor,43153.0,0,RENT,5000.0,DEBTCONSOLIDATION,11.01,0.12,2,650,Yes,0
21,male,High School,31289.0,0,RENT,6000.0,DEBTCONSOLIDATION,13.61,0.19,2,659,Yes,0
25,male,Bachelor,104225.0,4,MORTGAGE,24000.0,DEBTCONSOLIDATION,11.01,0.23,2,527,No,1
30,male,Bachelor,94671.0,6,RENT,25000.0,PERSONAL,12.7,0.26,7,653,No,1
22,female,Master,60616.0,0,OWN,6000.0,VENTURE,14.22,0.1,2,669,Yes,0
28,male,High School,99545.0,4,RENT,16750.0,VENTURE,20.0,0.17,10,678,No,1
47,female,High School,93640.0,25,MORTGAGE,25000.0,EDUCATION,10.99,0.27,14,669,No,0
28,male,Bachelor,67243.0,4,RENT,7500.0,DEBTCONSOLIDATION,12.84,0.11,6,659,Yes,0
25,male,High School,132324.0,2,MORTGAGE,14000.0,EDUCATION,9.63,0.11,3,678,Yes,0
27,male,High School,99647.0,8,MORTGAGE,10000.0,PERSONAL,7.51,0.1,9,629,Yes,0
22,male,Bachelor,48787.0,0,MORTGAGE,4776.0,DEBTCONSOLIDATION,8.18,0.1,3,586,Yes,0
26,male,Master,44605.0,6,RENT,5500.0,PERSONAL,10.65,0.12,2,636,Yes,0
22,female,Associate,229048.0,0,RENT,12600.0,VENTURE,6.92,0.06,3,685,No,0
35,female,Doctorate,94691.0,13,MORTGAGE,10000.0,DEBTCONSOLIDATION,6.54,0.11,8,671,Yes,0
25,male,High School,42109.0,1,RENT,4000.0,EDUCATION,11.01,0.09,2,572,Yes,0
30,female,High School,25315.0,8,RENT,5400.0,MEDICAL,14.61,0.21,7,641,Yes,0
31,female,Master,60282.0,10,RENT,14000.0,PERSONAL,13.23,0.23,8,664,No,0
29,male,Bachelor,121011.0,4,MORTGAGE,20000.0,HOMEIMPROVEMENT,14.61,0.17,10,583,Yes,0
28,female,High School,102635.0,2,RENT,9000.0,VENTURE,10.76,0.09,7,584,Yes,0
23,female,Bachelor,157314.0,0,MORTGAGE,6000.0,MEDICAL,5.42,0.04,4,644,No,0
28,male,Bachelor,78915.0,8,MORTGAGE,6019.0,VENTURE,7.38,0.08,10,669,No,0
29,male,High School,91053.0,8,MORTGAGE,3000.0,PERSONAL,9.45,0.03,10,482,Yes,0
24,male,Associate,44292.0,2,RENT,10000.0,EDUCATION,9.6,0.23,3,657,Yes,0
29,male,Bachelor,85041.0,9,MORTGAGE,10000.0,MEDICAL,6.99,0.12,5,642,Yes,0
33,male,Master,65639.0,12,RENT,10000.0,PERSONAL,10.99,0.15,6,707,Yes,0
24,male,Bachelor,69006.0,0,RENT,3000.0,MEDICAL,7.88,0.04,3,631,Yes,0
22,male,Master,101730.0,3,MORTGAGE,3900.0,PERSONAL,11.71,0.04,4,645,No,0
25,male,Associate,28392.0,3,RENT,6000.0,MEDICAL,13.35,0.21,4,645,No,1
39,female,Associate,66950.0,17,OWN,1000.0,VENTURE,11.09,0.01,16,682,Yes,0
22,male,Bachelor,41978.0,3,RENT,10000.0,EDUCATION,11.01,0.24,3,653,No,1
43,male,High School,101973.0,20,MORTGAGE,12000.0,DEBTCONSOLIDATION,5.42,0.12,16,648,Yes,0
26,female,Bachelor,77941.0,3,MORTGAGE,8000.0,DEBTCONSOLIDATION,12.17,0.1,4,690,No,1
21,male,Master,34055.0,0,RENT,7000.0,EDUCATION,5.99,0.21,2,650,Yes,0
38,male,High School,141280.0,16,MORTGAGE,10700.0,HOMEIMPROVEMENT,14.27,0.08,14,666,No,0
39,male,Associate,93606.0,12,MORTGAGE,10000.0,HOMEIMPROVEMENT,11.86,0.11,11,686,Yes,0
23,female,High School,72759.0,2,RENT,3600.0,VENTURE,9.99,0.05,3,523,Yes,0
31,female,High School,78950.0,10,MORTGAGE,4500.0,MEDICAL,15.32,0.06,10,571,Yes,0
27,male,Associate,49273.0,4,MORTGAGE,4000.0,DEBTCONSOLIDATION,5.79,0.08,5,532,Yes,0
21,male,Bachelor,41852.0,0,MORTGAGE,6000.0,EDUCATION,6.76,0.14,2,667,No,0
34,male,Bachelor,121092.0,9,MORTGAGE,18000.0,MEDICAL,11.01,0.15,6,615,No,0
26,male,Bachelor,27234.0,7,RENT,7200.0,VENTURE,10.38,0.26,3,624,No,1
30,male,Associate,420652.0,4,OWN,32000.0,PERSONAL,6.62,0.08,7,592,Yes,0
22,male,High School,36742.0,0,OWN,3000.0,VENTURE,10.36,0.08,2,668,No,0
22,male,Associate,37160.0,1,RENT,3600.0,VENTURE,10.99,0.1,4,637,Yes,0
41,female,Bachelor,87416.0,19,OWN,10000.0,HOMEIMPROVEMENT,13.49,0.11,11,655,Yes,0
23,female,Bachelor,79253.0,0,RENT,7000.0,EDUCATION,11.16,0.09,4,574,Yes,0
22,female,Associate,39258.0,0,OWN,6600.0,EDUCATION,9.07,0.17,3,619,Yes,0
26,male,High School,88607.0,0,MORTGAGE,14400.0,MEDICAL,13.61,0.16,4,610,Yes,0
33,female,High School,41577.0,8,RENT,17000.0,EDUCATION,11.48,0.41,9,618,No,1
23,male,Master,103216.0,5,RENT,10000.0,DEBTCONSOLIDATION,6.17,0.1,4,704,Yes,0
28,male,Master,121078.0,2,RENT,20000.0,VENTURE,11.22,0.17,9,644,No,0
30,female,Master,122762.0,5,MORTGAGE,15552.0,DEBTCONSOLIDATION,15.51,0.13,7,690,No,1
36,female,Associate,115342.0,13,MORTGAGE,13000.0,PERSONAL,10.65,0.11,11,635,No,0
22,male,High School,66711.0,3,OWN,25000.0,EDUCATION,10.74,0.37,2,669,Yes,0
27,male,Bachelor,106541.0,5,MORTGAGE,7000.0,HOMEIMPROVEMENT,10.36,0.07,6,628,Yes,0
37,female,Associate,58602.0,15,MORTGAGE,7000.0,HOMEIMPROVEMENT,7.9,0.12,15,700,No,0
24,male,Bachelor,90969.0,1,RENT,1800.0,HOMEIMPROVEMENT,8.94,0.02,4,680,No,0
23,male,High School,30690.0,0,OWN,2600.0,VENTURE,11.86,0.08,4,663,Yes,0
27,female,Bachelor,73032.0,3,RENT,20000.0,VENTURE,12.21,0.27,5,692,No,1
24,female,Associate,30624.0,0,RENT,4400.0,EDUCATION,6.76,0.14,2,595,No,0
24,female,Bachelor,91886.0,0,RENT,7000.0,EDUCATION,7.23,0.08,4,623,No,0
34,male,High School,180828.0,13,MORTGAGE,25000.0,VENTURE,16.7,0.14,6,600,Yes,0
25,male,Bachelor,57938.0,1,MORTGAGE,6500.0,EDUCATION,8.59,0.11,3,631,Yes,0
23,male,Master,48716.0,0,RENT,6000.0,MEDICAL,7.74,0.12,3,606,Yes,0
25,female,High School,109219.0,5,MORTGAGE,1195.0,EDUCATION,8.76,0.01,4,617,Yes,0
25,male,High School,73105.0,4,MORTGAGE,10000.0,EDUCATION,10.36,0.14,4,483,Yes,0
27,female,High School,49053.0,5,RENT,5000.0,MEDICAL,11.99,0.1,9,540,No,0
27,female,Associate,50224.0,3,MORTGAGE,23737.0,VENTURE,11.52,0.47,6,667,No,0
23,female,High School,97293.0,2,RENT,1358.0,EDUCATION,8.96,0.01,3,640,Yes,0
21,female,Master,85203.0,0,MORTGAGE,9800.0,EDUCATION,7.14,0.12,4,689,Yes,0
22,male,Associate,63111.0,0,RENT,12000.0,EDUCATION,13.61,0.19,3,583,Yes,0
52,female,High School,63273.0,31,OWN,9600.0,PERSONAL,8.49,0.15,22,673,Yes,0
22,male,High School,115378.0,0,MORTGAGE,6875.0,MEDICAL,6.54,0.06,2,683,No,0
22,female,High School,90104.0,1,MORTGAGE,8000.0,VENTURE,15.96,0.09,3,640,Yes,0
22,male,Associate,33503.0,0,RENT,5000.0,VENTURE,11.01,0.15,2,647,No,1
22,male,Associate,38429.0,0,RENT,6400.0,MEDICAL,9.32,0.17,4,642,Yes,0
24,male,High School,30508.0,2,OWN,5000.0,HOMEIMPROVEMENT,10.75,0.16,3,638,Yes,0
23,male,Master,37200.0,0,MORTGAGE,8000.0,VENTURE,5.71,0.22,4,718,No,0
25,female,Associate,49128.0,2,RENT,3000.0,MEDICAL,10.25,0.06,2,616,Yes,0
26,female,Associate,33432.0,5,RENT,5800.0,MEDICAL,10.65,0.17,3,633,No,0
33,female,Doctorate,49123.0,10,RENT,11175.0,EDUCATION,14.96,0.23,5,705,No,0
27,male,Associate,173898.0,7,MORTGAGE,5000.0,MEDICAL,7.49,0.03,5,660,Yes,0
23,female,High School,150728.0,0,OTHER,7500.0,VENTURE,8.0,0.05,4,543,Yes,0
53,male,High School,102906.0,28,RENT,8000.0,PERSONAL,7.74,0.08,26,686,Yes,0
23,female,High School,43154.0,1,MORTGAGE,22550.0,EDUCATION,15.96,0.52,3,460,Yes,0
24,male,Bachelor,62445.0,4,MORTGAGE,10361.0,DEBTCONSOLIDATION,11.09,0.17,2,697,Yes,0
34,male,High School,48842.0,11,RENT,5000.0,EDUCATION,12.53,0.1,5,641,Yes,0
24,female,Master,105769.0,3,MORTGAGE,10000.0,MEDICAL,6.17,0.09,4,686,Yes,0
29,male,Associate,152491.0,6,MORTGAGE,15000.0,HOMEIMPROVEMENT,7.88,0.1,8,675,No,0
24,male,Associate,114503.0,1,MORTGAGE,18000.0,VENTURE,7.76,0.16,4,680,Yes,0
32,female,High School,40620.0,12,RENT,9172.0,EDUCATION,7.89,0.23,9,642,Yes,0
29,male,Bachelor,75805.0,1,RENT,3500.0,HOMEIMPROVEMENT,10.99,0.05,5,678,No,0
31,female,Bachelor,114699.0,10,MORTGAGE,24000.0,EDUCATION,13.35,0.21,10,700,Yes,0
23,male,High School,67189.0,0,RENT,3800.0,MEDICAL,6.76,0.06,4,608,Yes,0
24,male,Master,35635.0,3,MORTGAGE,1450.0,PERSONAL,11.01,0.04,4,709,No,1
28,male,Bachelor,101987.0,5,MORTGAGE,1000.0,EDUCATION,9.99,0.01,10,675,Yes,0
29,female,Bachelor,40292.0,7,RENT,17177.0,MEDICAL,14.47,0.43,4,701,No,1
24,male,High School,159202.0,1,MORTGAGE,10000.0,HOMEIMPROVEMENT,8.76,0.06,4,629,Yes,0
24,female,High School,78775.0,0,RENT,10000.0,MEDICAL,10.25,0.13,3,574,Yes,0
42,male,Doctorate,51459.0,21,RENT,4200.0,PERSONAL,13.35,0.08,17,616,Yes,0
26,male,High School,59002.0,5,MORTGAGE,10000.0,MEDICAL,11.01,0.17,3,614,No,0
26,male,High School,156867.0,1,MORTGAGE,7132.0,EDUCATION,9.01,0.05,3,591,No,0
22,male,Master,70844.0,0,RENT,10000.0,EDUCATION,8.8,0.14,4,666,Yes,0
33,male,High School,65986.0,12,RENT,3000.0,DEBTCONSOLIDATION,11.27,0.05,7,569,Yes,0
47,female,Associate,105385.0,27,MORTGAGE,10000.0,PERSONAL,11.01,0.09,11,603,No,0
26,female,Associate,102989.0,4,MORTGAGE,7200.0,PERSONAL,8.9,0.07,4,596,Yes,0
24,female,Bachelor,38584.0,5,RENT,1279.0,EDUCATION,9.47,0.03,2,711,No,0
22,male,Associate,108838.0,0,MORTGAGE,16000.0,DEBTCONSOLIDATION,6.03,0.15,3,528,No,0
49,male,High School,87666.0,29,MORTGAGE,14825.0,VENTURE,6.03,0.17,12,703,No,0
24,female,Bachelor,123296.0,0,RENT,18000.0,EDUCATION,12.53,0.15,3,555,Yes,0
22,male,Bachelor,60763.0,0,RENT,7500.0,MEDICAL,8.94,0.12,3,573,Yes,0
23,male,Master,38607.0,0,RENT,8000.0,VENTURE,11.49,0.21,4,662,No,0
27,female,High School,61340.0,4,MORTGAGE,7500.0,PERSONAL,11.59,0.12,6,649,Yes,0
26,male,Bachelor,85215.0,1,RENT,11068.0,DEBTCONSOLIDATION,11.95,0.13,5,671,Yes,0
33,male,Associate,146146.0,12,MORTGAGE,15200.0,MEDICAL,13.61,0.1,6,645,Yes,0
25,male,Associate,66768.0,3,MORTGAGE,15000.0,MEDICAL,7.88,0.22,2,648,Yes,0
39,male,High School,74362.0,15,MORTGAGE,14000.0,VENTURE,16.29,0.19,17,568,Yes,0
29,female,Bachelor,61462.0,3,RENT,7000.0,DEBTCONSOLIDATION,6.17,0.11,8,625,No,0
27,female,Bachelor,55350.0,5,MORTGAGE,12000.0,HOMEIMPROVEMENT,8.94,0.22,6,684,No,0
24,male,High School,73525.0,4,RENT,7000.0,DEBTCONSOLIDATION,8.59,0.1,4,543,Yes,0
29,male,Bachelor,82741.0,8,MORTGAGE,15000.0,PERSONAL,12.73,0.18,6,671,Yes,0
26,male,Master,69592.0,3,OWN,1600.0,VENTURE,15.23,0.02,4,675,Yes,0
24,female,Associate,64962.0,6,RENT,9800.0,HOMEIMPROVEMENT,6.17,0.15,4,613,No,0
23,male,Master,23821.0,4,OWN,2260.0,MEDICAL,11.61,0.09,4,620,Yes,0
21,female,Associate,35541.0,2,RENT,8000.0,MEDICAL,9.88,0.23,2,512,Yes,0
37,female,Associate,108784.0,14,MORTGAGE,4000.0,MEDICAL,6.62,0.04,16,687,Yes,0
22,male,Associate,33402.0,0,RENT,5000.0,VENTURE,10.08,0.15,2,484,Yes,0
22,female,High School,49917.0,2,OWN,1000.0,PERSONAL,6.99,0.02,2,627,Yes,0
31,male,Bachelor,109403.0,10,MORTGAGE,16500.0,VENTURE,12.61,0.15,6,679,Yes,0
40,male,High School,46527.0,17,RENT,11000.0,VENTURE,10.37,0.24,11,626,Yes,0
23,male,Associate,92518.0,0,OWN,18000.0,EDUCATION,10.99,0.19,2,675,Yes,0
22,male,Bachelor,80470.0,1,MORTGAGE,15000.0,EDUCATION,13.48,0.19,2,648,No,0
24,male,High School,60919.0,0,MORTGAGE,12000.0,MEDICAL,5.42,0.2,2,611,No,0
21,male,Bachelor,40723.0,1,RENT,3375.0,VENTURE,13.49,0.08,3,637,Yes,0
34,female,Master,76349.0,14,RENT,13200.0,DEBTCONSOLIDATION,9.25,0.17,9,685,Yes,0
26,female,Master,45664.0,4,MORTGAGE,6000.0,PERSONAL,10.36,0.13,2,621,No,0
24,male,Bachelor,52999.0,4,RENT,17000.0,MEDICAL,13.47,0.32,3,642,No,1
28,male,Bachelor,80279.0,5,RENT,2475.0,PERSONAL,15.05,0.03,8,697,No,1
21,female,Master,49221.0,0,MORTGAGE,6000.0,DEBTCONSOLIDATION,5.79,0.12,3,543,Yes,0
23,female,Bachelor,75532.0,2,MORTGAGE,5930.0,DEBTCONSOLIDATION,6.67,0.08,2,656,No,0
47,female,Bachelor,187927.0,23,MORTGAGE,18000.0,EDUCATION,11.99,0.1,17,677,No,0
28,male,Bachelor,72966.0,4,MORTGAGE,3226.0,DEBTCONSOLIDATION,12.62,0.04,4,513,Yes,0
32,male,Bachelor,64416.0,12,MORTGAGE,7000.0,HOMEIMPROVEMENT,12.37,0.11,9,561,No,0
35,female,Bachelor,54928.0,13,RENT,5200.0,MEDICAL,13.08,0.09,10,683,Yes,0
33,female,Associate,73105.0,14,RENT,10000.0,EDUCATION,5.79,0.14,5,522,Yes,0
35,female,Bachelor,84973.0,13,MORTGAGE,8443.0,DEBTCONSOLIDATION,9.28,0.1,13,630,Yes,0
26,male,Associate,49175.0,4,RENT,5000.0,MEDICAL,13.83,0.1,3,642,No,0
24,female,High School,22529.0,2,RENT,1200.0,EDUCATION,11.89,0.05,4,612,Yes,0
23,female,High School,31051.0,1,RENT,6000.0,VENTURE,7.51,0.19,2,618,No,0
25,male,High School,56289.0,3,RENT,8605.0,EDUCATION,10.91,0.15,2,645,Yes,0
23,female,Associate,44360.0,1,MORTGAGE,7217.0,MEDICAL,5.55,0.16,3,697,Yes,0
21,female,Bachelor,34395.0,0,OTHER,3500.0,MEDICAL,14.42,0.1,4,621,No,1
26,male,Associate,62332.0,4,MORTGAGE,13000.0,DEBTCONSOLIDATION,15.33,0.21,2,622,No,1
23,male,High School,58686.0,2,MORTGAGE,3200.0,EDUCATION,7.51,0.05,2,575,Yes,0
33,male,Master,59371.0,10,RENT,10000.0,PERSONAL,14.54,0.17,13,654,No,0
41,male,High School,86014.0,21,RENT,10000.0,VENTURE,11.36,0.12,12,608,No,0
28,female,Bachelor,36978.0,5,MORTGAGE,4750.0,MEDICAL,7.9,0.13,7,590,No,0
49,male,Associate,107230.0,25,MORTGAGE,20000.0,MEDICAL,13.92,0.19,14,724,Yes,0
24,male,Associate,56441.0,1,RENT,15245.0,DEBTCONSOLIDATION,12.54,0.27,3,622,No,1
24,male,High School,70729.0,2,RENT,15000.0,MEDICAL,10.41,0.21,4,651,Yes,0
31,male,Associate,90934.0,6,MORTGAGE,6094.0,EDUCATION,10.13,0.07,8,632,Yes,0
27,male,Bachelor,49188.0,4,RENT,3000.0,EDUCATION,7.4,0.06,9,662,Yes,0
26,female,Bachelor,98366.0,4,RENT,21000.0,EDUCATION,16.95,0.21,3,702,No,1
22,female,Bachelor,45672.0,0,RENT,18250.0,PERSONAL,14.61,0.4,2,561,No,1
25,male,High School,140185.0,3,RENT,10000.0,DEBTCONSOLIDATION,14.26,0.07,4,534,Yes,0
28,male,Bachelor,114969.0,10,MORTGAGE,5000.0,PERSONAL,7.88,0.04,7,610,Yes,0
26,female,Bachelor,81133.0,0,MORTGAGE,9277.0,MEDICAL,11.01,0.11,5,696,Yes,0
37,female,Associate,130367.0,18,MORTGAGE,15032.0,HOMEIMPROVEMENT,12.62,0.12,13,629,No,1
22,male,Associate,80093.0,0,RENT,2400.0,EDUCATION,7.4,0.03,2,514,Yes,0
27,male,Master,125374.0,2,MORTGAGE,18463.0,VENTURE,11.0,0.15,8,600,Yes,0
35,male,Associate,48940.0,11,OWN,5000.0,MEDICAL,6.92,0.1,7,658,Yes,0
24,female,Associate,104179.0,3,MORTGAGE,15000.0,VENTURE,13.16,0.14,3,658,Yes,0
24,male,High School,63381.0,3,RENT,4286.0,EDUCATION,11.34,0.07,4,609,Yes,0
26,female,High School,89843.0,0,RENT,16000.0,HOMEIMPROVEMENT,14.84,0.18,3,618,Yes,0
28,female,High School,54886.0,5,MORTGAGE,6000.0,VENTURE,8.5,0.11,7,678,Yes,0
25,male,High School,61115.0,1,RENT,6000.0,HOMEIMPROVEMENT,12.99,0.1,3,681,Yes,0
30,male,Associate,67160.0,8,MORTGAGE,16000.0,HOMEIMPROVEMENT,11.01,0.24,6,607,Yes,0
22,male,Associate,101110.0,0,MORTGAGE,23000.0,DEBTCONSOLIDATION,12.68,0.23,4,680,Yes,0
33,female,High School,44208.0,11,RENT,12283.0,VENTURE,7.7,0.28,9,654,No,1
36,male,Associate,48992.0,15,RENT,4800.0,VENTURE,11.01,0.1,15,650,No,0
23,female,Associate,52687.0,0,RENT,3000.0,DEBTCONSOLIDATION,8.49,0.06,3,568,No,0
26,female,Bachelor,105246.0,1,RENT,15000.0,MEDICAL,5.99,0.14,2,627,Yes,0
25,female,Bachelor,76442.0,3,MORTGAGE,24909.0,EDUCATION,11.27,0.33,3,647,Yes,0
23,male,High School,111108.0,0,MORTGAGE,15000.0,PERSONAL,11.26,0.14,2,518,Yes,0
35,male,Master,92355.0,10,RENT,1000.0,VENTURE,13.49,0.01,8,571,Yes,0
23,female,Bachelor,40647.0,0,MORTGAGE,16503.0,PERSONAL,8.88,0.41,5,648,No,0
40,female,Associate,28699.0,17,RENT,1500.0,MEDICAL,7.29,0.05,16,656,Yes,0
27,male,Bachelor,85012.0,2,MORTGAGE,8000.0,VENTURE,16.0,0.09,10,579,Yes,0
25,male,High School,79467.0,0,RENT,24184.0,EDUCATION,14.45,0.3,2,610,No,1
48,male,Associate,70291.0,27,RENT,7000.0,HOMEIMPROVEMENT,13.61,0.1,12,675,No,0
23,male,Bachelor,37033.0,0,MORTGAGE,1400.0,DEBTCONSOLIDATION,6.03,0.04,4,593,No,0
30,male,High School,144653.0,5,MORTGAGE,21303.0,MEDICAL,12.88,0.15,7,624,Yes,0
30,male,Bachelor,42824.0,3,RENT,1000.0,PERSONAL,10.36,0.02,6,692,Yes,0
21,female,Master,36003.0,0,RENT,12250.0,VENTURE,13.61,0.34,4,668,No,1
37,male,High School,78995.0,12,RENT,20000.0,PERSONAL,10.25,0.25,16,627,No,1
24,male,High School,51408.0,0,RENT,6000.0,VENTURE,11.62,0.12,2,664,No,0
35,male,Bachelor,90939.0,14,OWN,7600.0,VENTURE,11.01,0.08,7,709,No,0
29,female,High School,58637.0,6,RENT,4200.0,MEDICAL,7.66,0.07,6,664,Yes,0
38,female,Associate,80678.0,15,MORTGAGE,5550.0,MEDICAL,5.99,0.07,11,622,Yes,0
22,male,Bachelor,72820.0,1,RENT,6000.0,MEDICAL,11.99,0.08,3,661,Yes,0
46,male,Bachelor,33713.0,24,RENT,5050.0,MEDICAL,11.01,0.15,11,685,No,0
47,female,Associate,97114.0,22,MORTGAGE,10000.0,EDUCATION,6.54,0.1,13,670,Yes,0
23,male,Bachelor,25937.0,0,RENT,3000.0,DEBTCONSOLIDATION,12.68,0.12,2,648,Yes,0
27,male,Associate,181137.0,1,MORTGAGE,8000.0,EDUCATION,17.19,0.04,5,671,No,0
27,male,Associate,76114.0,2,MORTGAGE,24000.0,EDUCATION,11.5,0.32,5,611,Yes,0
22,male,Associate,79105.0,0,RENT,8000.0,VENTURE,10.59,0.1,2,543,Yes,0
24,female,Bachelor,41606.0,1,RENT,5750.0,VENTURE,10.75,0.14,3,624,Yes,0
26,male,Bachelor,54047.0,5,MORTGAGE,4000.0,HOMEIMPROVEMENT,7.2,0.07,3,613,Yes,0
24,female,Bachelor,61097.0,1,RENT,1500.0,DEBTCONSOLIDATION,11.01,0.02,2,667,Yes,0
25,female,Bachelor,124632.0,3,MORTGAGE,29175.0,PERSONAL,11.01,0.23,2,659,No,0
29,male,Bachelor,45875.0,8,RENT,3292.0,EDUCATION,10.57,0.07,8,572,Yes,0
26,male,Bachelor,65719.0,3,RENT,6600.0,PERSONAL,11.97,0.1,3,633,No,0
28,male,High School,17927.0,6,RENT,4800.0,VENTURE,14.65,0.27,9,649,No,1
24,male,High School,45231.0,2,MORTGAGE,4000.0,MEDICAL,11.01,0.09,4,584,Yes,0
24,female,Master,14283.0,1,MORTGAGE,1750.0,EDUCATION,10.99,0.12,2,679,No,1
21,male,Associate,51269.0,0,RENT,4000.0,EDUCATION,12.42,0.08,3,611,No,0
24,female,High School,83116.0,3,MORTGAGE,19500.0,HOMEIMPROVEMENT,11.83,0.23,2,646,Yes,0
29,male,Associate,87392.0,11,RENT,15900.0,DEBTCONSOLIDATION,13.04,0.18,10,678,Yes,0
24,female,High School,47073.0,0,MORTGAGE,10000.0,EDUCATION,8.3,0.21,3,611,Yes,0
28,female,Associate,103242.0,6,MORTGAGE,7000.0,DEBTCONSOLIDATION,8.59,0.07,5,714,Yes,0
34,male,Associate,63558.0,12,RENT,15000.0,VENTURE,11.56,0.24,12,686,Yes,0
23,male,Associate,31516.0,2,RENT,4000.0,VENTURE,12.65,0.13,3,576,Yes,0
26,male,Bachelor,60758.0,1,OWN,3000.0,EDUCATION,7.69,0.05,4,565,Yes,0
28,male,Associate,32186.0,7,RENT,2500.0,HOMEIMPROVEMENT,12.75,0.08,7,667,Yes,0
23,female,High School,45024.0,2,RENT,9250.0,PERSONAL,16.32,0.21,4,655,Yes,0
38,male,Master,139144.0,18,MORTGAGE,20000.0,EDUCATION,15.45,0.14,10,725,Yes,0
26,male,Master,62977.0,5,MORTGAGE,9600.0,HOMEIMPROVEMENT,15.21,0.15,4,545,Yes,0
22,female,Associate,63259.0,0,MORTGAGE,3900.0,VENTURE,7.51,0.06,3,625,No,0
23,female,High School,301223.0,0,MORTGAGE,4958.0,DEBTCONSOLIDATION,8.83,0.02,4,584,Yes,0
32,male,Master,55164.0,12,RENT,8000.0,MEDICAL,11.01,0.15,5,646,Yes,0
25,female,Associate,75615.0,1,RENT,8500.0,EDUCATION,7.88,0.11,4,654,Yes,0
23,female,High School,44298.0,1,RENT,9000.0,DEBTCONSOLIDATION,11.11,0.2,3,645,Yes,0
39,male,Bachelor,72934.0,19,MORTGAGE,17000.0,EDUCATION,14.65,0.23,14,665,Yes,0
34,male,Bachelor,87473.0,9,MORTGAGE,18000.0,EDUCATION,15.64,0.21,9,682,Yes,0
23,female,Associate,59325.0,3,OWN,5000.0,MEDICAL,7.49,0.08,2,662,Yes,0
24,female,Associate,85012.0,1,RENT,2500.0,DEBTCONSOLIDATION,12.53,0.03,3,559,Yes,0
44,male,High School,49399.0,23,MORTGAGE,8000.0,VENTURE,6.62,0.16,13,726,No,0
26,female,Bachelor,53718.0,4,RENT,11000.0,DEBTCONSOLIDATION,15.31,0.2,2,602,No,1
29,female,Bachelor,116474.0,3,RENT,6400.0,HOMEIMPROVEMENT,11.49,0.05,8,651,No,0
24,male,Bachelor,51264.0,3,MORTGAGE,11000.0,DEBTCONSOLIDATION,5.42,0.21,4,720,No,0
32,female,Bachelor,217072.0,6,MORTGAGE,12501.0,DEBTCONSOLIDATION,12.99,0.06,7,613,Yes,0
30,female,Bachelor,61097.0,7,MORTGAGE,1875.0,DEBTCONSOLIDATION,8.0,0.03,9,629,Yes,0
32,male,Associate,85552.0,6,MORTGAGE,13000.0,PERSONAL,7.88,0.15,9,652,No,0
25,female,High School,49914.0,0,RENT,1000.0,DEBTCONSOLIDATION,15.57,0.02,2,558,No,1
35,male,Master,60918.0,17,OWN,13650.0,MEDICAL,6.99,0.22,10,636,No,0
24,male,Bachelor,69286.0,1,MORTGAGE,2400.0,DEBTCONSOLIDATION,12.69,0.03,4,568,No,0
33,female,Associate,82924.0,14,MORTGAGE,3600.0,HOMEIMPROVEMENT,11.69,0.04,8,670,Yes,0
31,male,Master,68296.0,6,OWN,11500.0,VENTURE,11.01,0.17,9,693,Yes,0
25,male,Associate,37436.0,0,RENT,1400.0,MEDICAL,13.11,0.04,2,552,Yes,0
24,male,High School,70232.0,0,RENT,2525.0,DEBTCONSOLIDATION,11.01,0.04,4,592,No,0
23,male,High School,73020.0,0,MORTGAGE,10750.0,EDUCATION,7.88,0.15,3,619,No,0
23,female,High School,96874.0,2,MORTGAGE,2000.0,VENTURE,8.75,0.02,4,625,Yes,0
33,female,Master,192888.0,13,MORTGAGE,10000.0,HOMEIMPROVEMENT,12.35,0.05,12,656,Yes,0
31,female,Associate,60783.0,9,RENT,2000.0,PERSONAL,5.42,0.03,8,671,No,1
22,female,Bachelor,51671.0,0,RENT,5000.0,MEDICAL,12.87,0.1,4,510,Yes,0
45,male,Bachelor,44378.0,22,RENT,4300.0,VENTURE,10.91,0.1,17,634,Yes,0
22,male,Bachelor,66041.0,0,RENT,12000.0,VENTURE,8.49,0.18,4,609,Yes,0
24,female,Bachelor,109059.0,0,RENT,7000.0,MEDICAL,10.71,0.06,3,568,Yes,0
30,male,High School,193093.0,9,MORTGAGE,7000.0,EDUCATION,13.98,0.04,5,581,Yes,0
24,male,Bachelor,84859.0,0,RENT,5000.0,DEBTCONSOLIDATION,10.38,0.06,4,644,No,0
26,female,Associate,40528.0,1,RENT,10000.0,MEDICAL,11.49,0.25,2,555,Yes,0
27,female,Master,54668.0,2,RENT,12800.0,PERSONAL,11.83,0.23,8,674,Yes,0
26,female,High School,66035.0,1,MORTGAGE,5000.0,EDUCATION,6.62,0.08,2,646,No,0
46,male,Bachelor,111253.0,24,MORTGAGE,12925.0,EDUCATION,11.01,0.12,17,687,Yes,0
29,male,Associate,231223.0,4,MORTGAGE,20000.0,VENTURE,8.87,0.09,10,562,Yes,0
27,female,Master,48970.0,7,RENT,3600.0,MEDICAL,14.84,0.07,7,660,Yes,0
33,female,Master,117319.0,14,RENT,25000.0,VENTURE,16.09,0.21,6,677,Yes,0
33,male,Associate,83488.0,11,RENT,7400.0,HOMEIMPROVEMENT,9.76,0.09,5,629,Yes,0
30,female,Bachelor,193118.0,6,RENT,8400.0,VENTURE,11.89,0.04,6,602,Yes,0
24,male,Associate,112264.0,3,RENT,4000.0,MEDICAL,5.42,0.04,2,687,No,0
26,female,High School,41680.0,5,RENT,10000.0,EDUCATION,13.79,0.24,4,657,No,1
30,male,Bachelor,132743.0,5,MORTGAGE,25000.0,DEBTCONSOLIDATION,10.36,0.19,8,647,No,0
22,male,Master,61072.0,0,MORTGAGE,8000.0,PERSONAL,11.12,0.13,3,679,Yes,0
29,female,Master,76497.0,5,RENT,10000.0,MEDICAL,7.41,0.13,5,669,No,0
21,female,High School,39608.0,0,MORTGAGE,8000.0,MEDICAL,5.99,0.2,3,611,Yes,0
24,male,Bachelor,181128.0,0,RENT,5000.0,VENTURE,11.01,0.03,4,634,Yes,0
50,female,Doctorate,92903.0,29,RENT,20000.0,PERSONAL,11.99,0.22,17,730,Yes,0
29,male,Master,84379.0,7,RENT,5000.0,PERSONAL,11.31,0.06,7,632,Yes,0
23,male,Bachelor,54787.0,1,RENT,6000.0,VENTURE,11.49,0.11,2,650,Yes,0
21,male,Master,67757.0,0,RENT,6500.0,DEBTCONSOLIDATION,13.98,0.1,4,659,Yes,0
22,female,High School,150952.0,0,RENT,16000.0,DEBTCONSOLIDATION,7.9,0.11,2,556,Yes,0
23,female,Associate,73080.0,2,MORTGAGE,9500.0,PERSONAL,12.53,0.13,2,675,Yes,0
24,female,Bachelor,61278.0,0,RENT,5000.0,MEDICAL,9.25,0.08,3,639,No,0
27,female,Associate,39510.0,4,RENT,5538.0,DEBTCONSOLIDATION,7.96,0.14,7,653,Yes,0
23,male,Associate,34657.0,1,RENT,4000.0,EDUCATION,8.9,0.12,4,663,Yes,0
28,male,High School,39647.0,6,RENT,2500.0,MEDICAL,15.99,0.06,5,642,No,1
24,male,High School,55170.0,1,MORTGAGE,4058.0,DEBTCONSOLIDATION,5.99,0.07,3,640,No,0
29,male,Bachelor,44206.0,6,RENT,6000.0,EDUCATION,5.99,0.14,6,670,No,0
23,female,Associate,104161.0,3,RENT,5000.0,PERSONAL,14.84,0.05,2,507,No,1
27,male,Associate,32373.0,4,RENT,2000.0,MEDICAL,13.61,0.06,10,647,No,0
25,male,Associate,70438.0,2,RENT,15000.0,DEBTCONSOLIDATION,18.25,0.21,2,615,No,1
24,female,Associate,71867.0,2,MORTGAGE,3947.0,MEDICAL,7.42,0.05,3,543,Yes,0
36,male,Associate,121677.0,13,RENT,24000.0,HOMEIMPROVEMENT,11.99,0.2,11,638,Yes,0
29,male,Bachelor,73338.0,7,MORTGAGE,8000.0,MEDICAL,5.99,0.11,9,683,No,0
24,female,High School,52666.0,3,RENT,5000.0,MEDICAL,7.14,0.09,4,650,Yes,0
23,male,Associate,38350.0,0,RENT,1500.0,DEBTCONSOLIDATION,8.94,0.04,3,538,Yes,0
42,male,Bachelor,73803.0,14,RENT,8554.0,PERSONAL,7.25,0.12,14,706,No,0
32,male,Associate,60864.0,13,RENT,14800.0,MEDICAL,10.83,0.24,5,642,No,0
23,male,High School,34472.0,2,RENT,5500.0,VENTURE,12.53,0.16,2,621,Yes,0
29,male,Master,85048.0,7,RENT,4500.0,VENTURE,6.62,0.05,9,704,Yes,0
29,female,Master,115025.0,6,MORTGAGE,4000.0,MEDICAL,6.58,0.03,7,647,No,0
33,male,Master,168454.0,11,MORTGAGE,6000.0,HOMEIMPROVEMENT,6.76,0.04,6,612,Yes,0
22,female,Associate,37105.0,0,MORTGAGE,2000.0,VENTURE,5.42,0.05,2,579,Yes,0
21,female,High School,65368.0,0,MORTGAGE,13000.0,VENTURE,7.51,0.2,4,580,Yes,0
27,female,Master,35931.0,3,RENT,7200.0,MEDICAL,13.11,0.2,6,733,No,0
24,male,Master,49905.0,0,RENT,8200.0,MEDICAL,11.36,0.16,4,662,No,0
25,male,Master,43508.0,0,OWN,5000.0,PERSONAL,11.01,0.11,4,672,No,0
28,male,Associate,58588.0,6,MORTGAGE,3000.0,PERSONAL,11.99,0.05,10,591,Yes,0
24,male,Master,115091.0,3,MORTGAGE,5000.0,PERSONAL,8.97,0.04,2,685,No,0
26,male,Associate,48787.0,0,MORTGAGE,14765.0,HOMEIMPROVEMENT,12.62,0.3,9,604,Yes,0
25,male,Associate,73210.0,4,RENT,15000.0,DEBTCONSOLIDATION,12.99,0.2,4,599,Yes,0
30,female,Associate,26576.0,9,RENT,2000.0,MEDICAL,14.22,0.08,9,656,Yes,0
26,male,Bachelor,300906.0,4,MORTGAGE,9000.0,HOMEIMPROVEMENT,9.99,0.03,2,672,Yes,0
28,female,Associate,116213.0,4,RENT,28000.0,HOMEIMPROVEMENT,7.9,0.24,10,563,Yes,0
30,male,Bachelor,35649.0,6,RENT,8000.0,MEDICAL,13.22,0.22,9,656,Yes,0
30,female,Bachelor,124409.0,7,MORTGAGE,5780.0,MEDICAL,10.45,0.05,6,630,Yes,0
22,male,High School,60915.0,0,MORTGAGE,8800.0,VENTURE,11.11,0.14,4,653,Yes,0
24,male,High School,90937.0,3,MORTGAGE,3500.0,HOMEIMPROVEMENT,6.39,0.04,3,573,Yes,0
30,male,Bachelor,87715.0,6,MORTGAGE,4800.0,DEBTCONSOLIDATION,13.49,0.05,7,665,No,0
26,male,Bachelor,39588.0,3,RENT,6375.0,DEBTCONSOLIDATION,10.74,0.16,2,671,Yes,0
40,female,Bachelor,30568.0,15,RENT,7000.0,VENTURE,11.01,0.23,15,662,No,0
27,male,Bachelor,51596.0,2,OTHER,2400.0,VENTURE,7.74,0.05,8,582,No,0
23,female,Bachelor,104073.0,0,RENT,6252.0,EDUCATION,6.11,0.06,3,556,Yes,0
30,female,Bachelor,96804.0,2,MORTGAGE,14449.0,HOMEIMPROVEMENT,12.0,0.15,9,611,Yes,0
21,female,Bachelor,22281.0,0,RENT,1800.0,PERSONAL,6.62,0.08,3,643,Yes,0
37,male,Associate,77537.0,15,MORTGAGE,12000.0,EDUCATION,10.91,0.15,14,657,Yes,0
32,female,Master,243254.0,8,MORTGAGE,28000.0,PERSONAL,10.59,0.12,7,551,No,0
29,male,Bachelor,45161.0,4,RENT,9000.0,MEDICAL,9.91,0.2,6,697,Yes,0
26,female,High School,87340.0,3,MORTGAGE,6600.0,HOMEIMPROVEMENT,11.01,0.08,2,561,Yes,0
24,male,Bachelor,54104.0,2,RENT,16000.0,MEDICAL,7.49,0.3,2,600,No,1
33,female,Master,60853.0,13,MORTGAGE,10000.0,PERSONAL,9.99,0.16,5,680,No,0
26,female,Master,72893.0,4,MORTGAGE,5000.0,HOMEIMPROVEMENT,9.99,0.07,2,635,Yes,0
35,female,Bachelor,37213.0,13,RENT,10131.0,MEDICAL,11.83,0.27,11,575,No,1
25,female,High School,144900.0,4,MORTGAGE,16000.0,DEBTCONSOLIDATION,7.43,0.11,4,543,Yes,0
29,female,Associate,84753.0,5,RENT,5600.0,HOMEIMPROVEMENT,11.99,0.07,6,618,Yes,0
53,female,Associate,72980.0,32,RENT,4425.0,MEDICAL,8.9,0.06,29,690,Yes,0
35,female,Bachelor,71866.0,10,RENT,10000.0,PERSONAL,13.49,0.14,10,644,No,1
23,male,Master,66819.0,0,OWN,15000.0,VENTURE,13.49,0.22,2,705,Yes,0
33,female,Associate,70566.0,9,RENT,8000.0,VENTURE,10.99,0.11,7,668,Yes,0
24,female,High School,240642.0,3,MORTGAGE,3025.0,DEBTCONSOLIDATION,6.17,0.01,3,583,Yes,0
23,male,Master,180889.0,0,MORTGAGE,24000.0,DEBTCONSOLIDATION,9.76,0.13,4,545,Yes,0
22,female,Associate,51628.0,0,RENT,20000.0,PERSONAL,12.99,0.39,3,635,No,1
26,female,High School,35609.0,1,RENT,6600.0,EDUCATION,11.01,0.19,3,642,No,0
37,male,High School,241002.0,15,MORTGAGE,25000.0,EDUCATION,15.57,0.1,14,579,No,0
33,male,Bachelor,64917.0,12,RENT,10000.0,EDUCATION,15.96,0.15,9,556,Yes,0
31,female,Bachelor,67706.0,6,RENT,6000.0,EDUCATION,11.99,0.09,6,643,Yes,0
27,male,Bachelor,52568.0,0,RENT,8000.0,MEDICAL,12.68,0.15,6,651,Yes,0
25,female,Associate,58006.0,0,MORTGAGE,9800.0,EDUCATION,8.07,0.17,5,565,Yes,0
24,female,Bachelor,68237.0,2,MORTGAGE,17400.0,MEDICAL,5.99,0.25,2,669,Yes,0
25,male,High School,48395.0,3,RENT,10500.0,PERSONAL,11.01,0.22,4,630,Yes,0
23,male,Associate,68134.0,3,MORTGAGE,13600.0,DEBTCONSOLIDATION,15.23,0.2,4,648,Yes,0
37,male,High School,49169.0,16,RENT,2350.0,MEDICAL,7.88,0.05,12,544,Yes,0
25,female,High School,73178.0,3,RENT,12000.0,EDUCATION,12.21,0.16,3,620,Yes,0
31,female,High School,82742.0,8,RENT,6000.0,HOMEIMPROVEMENT,7.49,0.07,10,632,Yes,0
22,male,Associate,27047.0,0,MORTGAGE,1259.0,HOMEIMPROVEMENT,7.46,0.05,2,596,Yes,0
35,male,Bachelor,70523.0,12,RENT,6000.0,HOMEIMPROVEMENT,13.57,0.09,8,735,Yes,0
27,female,Master,75709.0,2,MORTGAGE,13000.0,VENTURE,8.2,0.17,5,634,No,0
31,male,Bachelor,51792.0,11,RENT,5000.0,MEDICAL,11.86,0.1,9,688,Yes,0
28,male,Bachelor,46520.0,5,RENT,5000.0,PERSONAL,13.49,0.11,6,646,No,1
30,female,Bachelor,34735.0,6,OWN,6300.0,PERSONAL,11.99,0.18,9,681,No,0
21,female,Master,29771.0,0,MORTGAGE,5000.0,EDUCATION,8.7,0.17,2,637,Yes,0
26,female,Associate,113199.0,2,MORTGAGE,12000.0,HOMEIMPROVEMENT,11.26,0.11,2,656,Yes,0
26,male,Associate,57225.0,3,RENT,7500.0,DEBTCONSOLIDATION,9.99,0.13,3,543,Yes,0
44,female,High School,29953.0,20,OWN,5000.0,EDUCATION,14.74,0.17,15,597,Yes,0
28,male,Associate,55485.0,6,MORTGAGE,15000.0,HOMEIMPROVEMENT,15.99,0.27,8,674,Yes,0
23,male,Associate,44055.0,1,RENT,5600.0,MEDICAL,7.9,0.13,4,604,No,0
22,female,Bachelor,58578.0,3,RENT,6000.0,VENTURE,7.49,0.1,4,721,No,0
27,female,Bachelor,37088.0,2,RENT,2000.0,VENTURE,11.23,0.05,4,617,Yes,0
24,male,Associate,90888.0,1,MORTGAGE,2000.0,EDUCATION,8.94,0.02,4,582,Yes,0
27,male,Associate,90818.0,6,MORTGAGE,21000.0,EDUCATION,15.2,0.23,8,686,Yes,0
37,female,High School,144867.0,12,RENT,20000.0,VENTURE,13.47,0.14,11,593,No,0
25,female,High School,39534.0,3,MORTGAGE,12500.0,VENTURE,8.43,0.32,4,668,No,0
22,female,High School,89768.0,0,MORTGAGE,4000.0,MEDICAL,6.99,0.04,4,675,Yes,0
30,male,High School,46485.0,5,RENT,7500.0,EDUCATION,10.24,0.16,6,682,No,0
27,male,Master,42701.0,6,RENT,6000.0,MEDICAL,11.87,0.14,10,663,No,0
50,male,Bachelor,72936.0,26,RENT,4393.0,MEDICAL,8.54,0.06,26,620,Yes,0
23,male,Bachelor,121040.0,3,MORTGAGE,8000.0,MEDICAL,11.49,0.07,4,667,Yes,0
25,male,Associate,25038.0,4,RENT,3589.0,HOMEIMPROVEMENT,11.01,0.14,4,675,Yes,0
23,female,Bachelor,31349.0,4,OWN,8000.0,EDUCATION,11.26,0.26,2,689,Yes,0
30,female,Bachelor,27991.0,10,OWN,5000.0,MEDICAL,7.51,0.18,10,613,Yes,0
37,female,High School,121010.0,15,RENT,5000.0,EDUCATION,9.1,0.04,9,599,Yes,0
25,female,Associate,37515.0,5,MORTGAGE,10000.0,DEBTCONSOLIDATION,6.03,0.27,4,649,No,0
27,female,High School,94359.0,6,OWN,12000.0,MEDICAL,15.58,0.13,7,601,Yes,0
36,female,Associate,102573.0,14,RENT,12000.0,MEDICAL,7.29,0.12,14,708,Yes,0
30,male,Bachelor,36768.0,7,MORTGAGE,5100.0,EDUCATION,7.9,0.14,8,674,No,0
25,female,Master,64495.0,0,RENT,10000.0,MEDICAL,9.32,0.16,4,689,Yes,0
22,female,Master,77217.0,0,MORTGAGE,10000.0,DEBTCONSOLIDATION,6.03,0.13,3,656,Yes,0
24,female,High School,63304.0,1,RENT,10000.0,DEBTCONSOLIDATION,9.91,0.16,2,564,No,0
29,female,Bachelor,156845.0,7,MORTGAGE,4200.0,DEBTCONSOLIDATION,6.99,0.03,8,631,Yes,0
23,male,High School,44149.0,0,MORTGAGE,4800.0,VENTURE,10.38,0.11,4,642,Yes,0
27,male,Bachelor,246546.0,7,MORTGAGE,10764.0,EDUCATION,9.63,0.04,6,694,Yes,0
27,female,Master,150191.0,4,RENT,10175.0,MEDICAL,12.99,0.07,6,669,No,1
33,male,Bachelor,67415.0,14,RENT,10839.0,VENTURE,9.44,0.16,8,696,Yes,0
21,female,High School,48841.0,1,RENT,8000.0,DEBTCONSOLIDATION,9.63,0.16,2,610,Yes,0
22,male,Associate,23899.0,2,RENT,2000.0,VENTURE,14.22,0.08,2,641,Yes,0
35,male,Associate,128566.0,13,MORTGAGE,8325.0,VENTURE,6.99,0.06,10,610,Yes,0
22,female,Bachelor,44091.0,0,MORTGAGE,5250.0,DEBTCONSOLIDATION,11.01,0.12,2,677,Yes,0
31,male,Master,21537.0,10,MORTGAGE,2400.0,EDUCATION,14.72,0.11,5,677,No,1
23,female,Bachelor,37107.0,0,OWN,7000.0,VENTURE,7.49,0.19,3,599,No,0
24,male,Associate,92794.0,0,MORTGAGE,13500.0,EDUCATION,9.99,0.15,4,634,No,0
28,male,Associate,111030.0,4,MORTGAGE,20000.0,MEDICAL,15.28,0.18,6,613,No,1
27,male,Associate,29631.0,4,RENT,7000.0,DEBTCONSOLIDATION,10.75,0.24,10,668,Yes,0
26,male,High School,153415.0,1,MORTGAGE,4900.0,DEBTCONSOLIDATION,11.01,0.03,3,619,Yes,0
40,male,Master,78982.0,17,RENT,5000.0,DEBTCONSOLIDATION,9.63,0.06,16,682,No,0
24,female,Bachelor,73274.0,0,RENT,5860.0,MEDICAL,8.17,0.08,3,659,No,0
30,female,Master,79103.0,5,MORTGAGE,6000.0,MEDICAL,6.99,0.08,10,698,No,0
34,male,Bachelor,109830.0,13,MORTGAGE,17000.0,EDUCATION,13.85,0.15,5,673,Yes,0
29,male,Bachelor,40450.0,4,RENT,1700.0,EDUCATION,15.23,0.04,5,615,No,0
36,male,Bachelor,111266.0,14,RENT,10000.0,DEBTCONSOLIDATION,11.71,0.09,16,631,No,0
24,male,Bachelor,65773.0,0,MORTGAGE,10000.0,PERSONAL,10.37,0.15,3,657,Yes,0
42,male,Associate,57108.0,18,MORTGAGE,7500.0,EDUCATION,10.48,0.13,13,623,Yes,0
45,female,Master,271200.0,25,MORTGAGE,10000.0,PERSONAL,11.01,0.04,11,632,Yes,0
30,female,Bachelor,111285.0,11,MORTGAGE,5000.0,VENTURE,11.02,0.04,7,705,Yes,0
24,female,Bachelor,66717.0,3,MORTGAGE,5000.0,VENTURE,7.88,0.07,4,562,Yes,0
51,male,Bachelor,600734.0,33,MORTGAGE,20000.0,PERSONAL,10.37,0.03,19,683,No,0
23,male,Master,72938.0,0,OWN,11500.0,VENTURE,11.01,0.16,4,613,Yes,0
27,male,High School,114361.0,7,MORTGAGE,8000.0,EDUCATION,7.49,0.07,7,568,Yes,0
27,male,Master,68056.0,8,MORTGAGE,20000.0,EDUCATION,11.01,0.29,7,693,No,0
30,male,Master,99832.0,5,RENT,2400.0,VENTURE,8.9,0.02,5,631,Yes,0
25,female,Associate,120980.0,4,MORTGAGE,14000.0,VENTURE,9.4,0.12,3,648,Yes,0
23,female,High School,35687.0,5,RENT,6000.0,DEBTCONSOLIDATION,8.94,0.17,3,505,Yes,0
29,male,Bachelor,78740.0,5,MORTGAGE,20000.0,HOMEIMPROVEMENT,11.83,0.25,8,704,Yes,0
22,female,Master,18158.0,0,RENT,4000.0,DEBTCONSOLIDATION,12.3,0.22,3,624,No,1
30,male,High School,52653.0,9,RENT,3200.0,MEDICAL,8.0,0.06,5,598,Yes,0
35,male,Associate,36992.0,11,MORTGAGE,11000.0,MEDICAL,10.65,0.3,10,625,Yes,0
26,male,High School,156829.0,1,MORTGAGE,6000.0,DEBTCONSOLIDATION,8.86,0.04,6,609,Yes,0
23,male,High School,217249.0,2,MORTGAGE,5000.0,VENTURE,9.33,0.02,4,695,Yes,0
32,female,Associate,28593.0,9,RENT,4000.0,DEBTCONSOLIDATION,14.22,0.14,6,610,Yes,0
35,female,Bachelor,72957.0,13,MORTGAGE,7000.0,PERSONAL,6.08,0.1,11,617,Yes,0
30,female,Associate,72864.0,8,MORTGAGE,4125.0,DEBTCONSOLIDATION,5.99,0.06,5,674,Yes,0
30,male,Bachelor,39744.0,7,RENT,13275.0,PERSONAL,11.01,0.33,6,612,No,1
23,male,Associate,15524.0,0,RENT,3075.0,PERSONAL,10.37,0.2,2,667,No,1
28,male,Bachelor,58706.0,6,MORTGAGE,3000.0,VENTURE,11.99,0.05,6,658,No,0
24,female,Bachelor,100658.0,1,RENT,25000.0,EDUCATION,11.12,0.25,3,695,No,0
40,male,Associate,73049.0,18,RENT,10000.0,HOMEIMPROVEMENT,15.95,0.14,14,693,Yes,0
30,male,High School,123174.0,6,RENT,10000.0,HOMEIMPROVEMENT,6.03,0.08,8,601,No,0
35,male,Bachelor,43454.0,15,RENT,10000.0,PERSONAL,14.93,0.23,8,694,No,0
21,male,Master,21682.0,0,RENT,5750.0,MEDICAL,8.9,0.27,2,656,No,1
22,male,Bachelor,94429.0,1,RENT,8000.0,MEDICAL,13.79,0.08,4,675,Yes,0
25,male,Associate,108731.0,0,MORTGAGE,18000.0,HOMEIMPROVEMENT,9.27,0.17,3,630,Yes,0
31,female,High School,121973.0,8,MORTGAGE,12000.0,PERSONAL,9.63,0.1,7,535,No,0
27,male,Master,79940.0,5,RENT,8142.0,EDUCATION,15.39,0.1,7,642,Yes,0
46,male,Master,42945.0,23,RENT,1000.0,VENTURE,7.9,0.02,12,633,Yes,0
24,male,Master,98067.0,2,RENT,6407.0,VENTURE,7.64,0.07,6,710,No,0
33,male,Bachelor,144975.0,11,MORTGAGE,15000.0,PERSONAL,5.79,0.1,9,681,Yes,0
34,male,Associate,97037.0,10,RENT,5000.0,VENTURE,11.01,0.05,9,641,Yes,0
22,male,Associate,52483.0,3,RENT,3800.0,EDUCATION,6.99,0.07,4,662,Yes,0
30,female,High School,51235.0,6,RENT,1850.0,MEDICAL,11.99,0.04,6,656,Yes,0
29,male,Associate,100890.0,9,MORTGAGE,7500.0,HOMEIMPROVEMENT,8.9,0.07,6,678,Yes,0
25,male,High School,37727.0,6,MORTGAGE,3600.0,EDUCATION,12.42,0.1,4,662,Yes,0
29,male,Bachelor,111694.0,8,MORTGAGE,10000.0,VENTURE,9.63,0.09,6,669,Yes,0
31,male,Associate,58790.0,9,MORTGAGE,6600.0,MEDICAL,7.14,0.11,5,625,Yes,0
27,male,Associate,118444.0,6,MORTGAGE,17000.0,PERSONAL,8.88,0.14,5,569,Yes,0
36,male,High School,58856.0,10,RENT,10000.0,DEBTCONSOLIDATION,13.61,0.17,15,579,Yes,0
22,female,High School,30091.0,0,RENT,5000.0,PERSONAL,8.9,0.17,3,467,Yes,0
26,female,Associate,286397.0,0,MORTGAGE,25000.0,EDUCATION,9.25,0.09,4,659,No,1
26,male,High School,59668.0,7,RENT,3000.0,PERSONAL,12.21,0.05,5,628,No,0
23,male,Associate,38068.0,0,RENT,7200.0,DEBTCONSOLIDATION,14.54,0.19,3,648,No,1
25,female,High School,82378.0,4,MORTGAGE,1038.0,EDUCATION,9.55,0.01,5,688,Yes,0
23,male,Associate,91653.0,0,MORTGAGE,25000.0,DEBTCONSOLIDATION,11.12,0.27,4,624,No,0
25,male,Bachelor,42969.0,1,RENT,1053.0,VENTURE,9.22,0.02,3,609,Yes,0
22,male,Bachelor,108862.0,0,MORTGAGE,12000.0,EDUCATION,10.99,0.11,2,623,Yes,0
30,male,Associate,61212.0,5,OWN,8000.0,VENTURE,5.79,0.13,8,582,Yes,0
24,female,Bachelor,120805.0,4,MORTGAGE,7700.0,EDUCATION,10.74,0.06,2,556,Yes,0
34,female,Master,56531.0,11,MORTGAGE,8500.0,EDUCATION,11.01,0.15,9,614,No,0
27,male,Bachelor,85192.0,8,RENT,25000.0,PERSONAL,11.71,0.29,7,595,No,1
24,male,Associate,30979.0,1,OWN,4750.0,PERSONAL,13.85,0.15,4,541,Yes,0
33,female,Master,135749.0,10,RENT,6016.0,DEBTCONSOLIDATION,5.6,0.04,11,607,No,0
40,male,High School,145043.0,19,MORTGAGE,20000.0,EDUCATION,10.96,0.14,11,707,No,0
22,female,High School,165525.0,2,MORTGAGE,10000.0,DEBTCONSOLIDATION,5.79,0.06,4,694,No,0
25,male,High School,153308.0,0,MORTGAGE,5000.0,DEBTCONSOLIDATION,12.73,0.03,2,642,No,1
21,male,High School,43980.0,1,MORTGAGE,4000.0,DEBTCONSOLIDATION,5.99,0.09,4,528,Yes,0
33,female,Associate,43102.0,8,MORTGAGE,6000.0,DEBTCONSOLIDATION,11.01,0.14,9,674,Yes,0
27,male,High School,73119.0,3,RENT,9200.0,VENTURE,12.42,0.13,7,530,Yes,0
26,male,Doctorate,70434.0,5,MORTGAGE,31300.0,MEDICAL,11.71,0.44,3,693,Yes,0
26,male,Master,84959.0,6,MORTGAGE,4500.0,PERSONAL,7.51,0.05,4,608,Yes,0
25,female,Bachelor,156789.0,0,RENT,2000.0,HOMEIMPROVEMENT,6.99,0.01,4,601,Yes,0
23,male,High School,19065.0,3,MORTGAGE,3600.0,PERSONAL,13.47,0.19,4,540,No,1
22,female,Bachelor,85040.0,0,MORTGAGE,21000.0,DEBTCONSOLIDATION,8.88,0.25,3,594,Yes,0
27,male,High School,77255.0,5,RENT,6500.0,EDUCATION,9.99,0.08,8,643,Yes,0
33,female,High School,36739.0,8,RENT,1110.0,VENTURE,7.89,0.03,9,593,Yes,0
28,female,Bachelor,22184.0,4,RENT,3000.0,MEDICAL,7.37,0.14,8,574,No,1
23,female,Bachelor,48554.0,0,MORTGAGE,8400.0,EDUCATION,7.51,0.17,4,665,No,0
28,male,Master,47040.0,5,RENT,5000.0,MEDICAL,10.09,0.11,10,682,Yes,0
31,male,Master,181224.0,6,MORTGAGE,18163.0,PERSONAL,13.5,0.1,10,690,No,0
22,female,Bachelor,43158.0,0,RENT,6400.0,MEDICAL,12.64,0.15,4,610,Yes,0
25,female,Associate,45460.0,4,RENT,12450.0,EDUCATION,16.32,0.27,2,526,No,1
30,male,High School,69542.0,9,MORTGAGE,22612.0,PERSONAL,9.79,0.33,8,617,Yes,0
33,male,High School,469089.0,12,MORTGAGE,35000.0,MEDICAL,10.99,0.07,8,568,No,0
25,female,Associate,54915.0,2,RENT,2000.0,MEDICAL,8.3,0.04,4,676,Yes,0
32,male,Bachelor,187223.0,12,MORTGAGE,7478.0,PERSONAL,11.29,0.04,6,653,Yes,0
27,male,Master,87471.0,4,MORTGAGE,15000.0,EDUCATION,11.01,0.17,5,648,Yes,0
27,female,Associate,23296.0,4,RENT,5000.0,EDUCATION,10.38,0.21,7,593,No,1
22,male,Associate,61197.0,1,RENT,15600.0,DEBTCONSOLIDATION,12.21,0.25,4,660,No,1
33,male,Bachelor,735421.0,11,RENT,5950.0,DEBTCONSOLIDATION,12.73,0.01,9,630,Yes,0
24,female,High School,46735.0,4,MORTGAGE,6208.0,MEDICAL,8.66,0.13,4,611,Yes,0
22,male,Associate,86906.0,0,MORTGAGE,3000.0,EDUCATION,10.99,0.03,3,629,Yes,0
26,male,Bachelor,78908.0,4,RENT,3000.0,VENTURE,5.79,0.04,2,664,No,0
30,female,Bachelor,58837.0,3,RENT,8000.0,PERSONAL,13.34,0.14,7,700,Yes,0
23,male,High School,60919.0,0,RENT,10000.0,PERSONAL,8.94,0.16,2,561,Yes,0
31,female,Bachelor,55297.0,8,MORTGAGE,12250.0,DEBTCONSOLIDATION,14.27,0.22,10,672,Yes,0
26,female,Bachelor,108770.0,4,RENT,5000.0,PERSONAL,16.77,0.05,3,625,Yes,0
28,female,Bachelor,31896.0,5,RENT,3000.0,VENTURE,11.01,0.09,9,529,Yes,0
27,male,Bachelor,87722.0,3,MORTGAGE,6000.0,EDUCATION,5.42,0.07,10,503,No,0
26,male,Associate,72596.0,3,MORTGAGE,12500.0,MEDICAL,6.92,0.17,3,644,No,0
39,male,Associate,81429.0,18,RENT,9800.0,EDUCATION,16.29,0.12,14,663,Yes,0
30,female,Master,186931.0,5,RENT,6000.0,MEDICAL,7.14,0.03,8,517,Yes,0
24,female,Bachelor,84895.0,6,RENT,2000.0,VENTURE,8.7,0.02,3,609,Yes,0
25,female,Associate,51493.0,2,MORTGAGE,9100.0,EDUCATION,11.01,0.18,3,565,Yes,0
26,female,High School,65007.0,7,OWN,6000.0,VENTURE,9.99,0.09,2,659,No,0
31,female,High School,30842.0,6,MORTGAGE,3000.0,DEBTCONSOLIDATION,8.9,0.1,8,643,No,0
25,male,High School,91011.0,2,MORTGAGE,7500.0,EDUCATION,12.32,0.08,4,521,Yes,0
48,male,High School,144889.0,24,MORTGAGE,3600.0,VENTURE,11.01,0.02,17,606,No,0
37,male,High School,231922.0,14,MORTGAGE,25600.0,DEBTCONSOLIDATION,5.99,0.11,17,620,Yes,0
28,female,Associate,107653.0,4,RENT,18000.0,PERSONAL,7.49,0.17,10,629,Yes,0
22,female,High School,110349.0,0,MORTGAGE,12000.0,PERSONAL,11.83,0.11,2,587,No,0
25,male,Bachelor,96972.0,5,OWN,12800.0,VENTURE,11.01,0.13,3,635,Yes,0
28,female,Bachelor,116446.0,1,MORTGAGE,10000.0,VENTURE,7.66,0.09,7,548,Yes,0
22,female,Bachelor,200707.0,1,MORTGAGE,23450.0,PERSONAL,11.36,0.12,2,560,Yes,0
25,male,Associate,56189.0,0,RENT,9348.0,VENTURE,11.0,0.17,3,536,Yes,0
22,female,High School,72826.0,1,RENT,12000.0,PERSONAL,8.17,0.16,3,624,Yes,0
25,female,Master,90903.0,0,MORTGAGE,15000.0,DEBTCONSOLIDATION,9.63,0.17,3,640,Yes,0
31,male,Bachelor,36711.0,7,RENT,2943.0,HOMEIMPROVEMENT,10.53,0.08,7,657,Yes,0
41,female,Bachelor,86525.0,18,MORTGAGE,12000.0,DEBTCONSOLIDATION,11.01,0.14,15,639,Yes,0
33,female,High School,67043.0,10,MORTGAGE,8000.0,PERSONAL,11.14,0.12,9,616,Yes,0
39,male,Associate,33522.0,18,MORTGAGE,4800.0,DEBTCONSOLIDATION,8.59,0.14,13,713,No,0
23,male,High School,54081.0,3,MORTGAGE,3200.0,EDUCATION,7.51,0.06,2,573,No,0
22,female,Associate,157122.0,0,MORTGAGE,14500.0,DEBTCONSOLIDATION,11.01,0.09,2,599,Yes,0
24,male,High School,59790.0,0,RENT,6016.0,VENTURE,8.0,0.1,4,657,No,0
25,female,High School,132714.0,0,OTHER,8000.0,VENTURE,9.32,0.06,3,610,Yes,0
25,male,Associate,34920.0,1,RENT,8000.0,DEBTCONSOLIDATION,14.65,0.23,4,655,Yes,0
22,female,High School,20429.0,0,RENT,3000.0,HOMEIMPROVEMENT,13.92,0.15,4,628,No,1
30,male,Bachelor,114848.0,7,MORTGAGE,4000.0,PERSONAL,5.99,0.03,9,587,Yes,0
22,female,High School,96147.0,0,MORTGAGE,35000.0,PERSONAL,13.13,0.36,2,662,No,0
31,male,Associate,57427.0,7,RENT,10000.0,VENTURE,11.37,0.17,8,639,No,0
39,male,Associate,37327.0,19,MORTGAGE,10375.0,EDUCATION,8.9,0.28,13,699,Yes,0
26,female,Bachelor,55200.0,5,MORTGAGE,7500.0,EDUCATION,9.98,0.14,5,658,No,0
24,male,Associate,29811.0,1,RENT,5000.0,DEBTCONSOLIDATION,7.96,0.17,3,691,No,0
32,female,Master,45231.0,12,MORTGAGE,13000.0,DEBTCONSOLIDATION,10.12,0.29,7,549,Yes,0
24,female,Associate,39391.0,2,RENT,4800.0,MEDICAL,10.59,0.12,2,660,No,0
27,female,Bachelor,23774.0,7,RENT,6000.0,MEDICAL,16.49,0.25,8,694,No,1
28,female,Bachelor,94189.0,1,OWN,5250.0,MEDICAL,5.79,0.06,10,600,No,0
34,male,Associate,72992.0,12,RENT,15000.0,MEDICAL,7.88,0.21,7,693,No,0
21,male,High School,26064.0,0,RENT,5000.0,VENTURE,6.91,0.19,4,612,Yes,0
28,female,Associate,58666.0,5,RENT,4500.0,PERSONAL,11.71,0.08,7,663,No,0
22,female,Bachelor,43024.0,0,MORTGAGE,8000.0,EDUCATION,5.79,0.19,4,642,Yes,0
26,male,Associate,50038.0,5,MORTGAGE,16000.0,VENTURE,10.95,0.32,3,650,Yes,0
26,male,Associate,76695.0,5,RENT,7000.0,VENTURE,14.84,0.09,2,712,No,0
29,female,Master,78680.0,6,MORTGAGE,6000.0,PERSONAL,6.99,0.08,10,644,No,0
32,male,Associate,96813.0,9,RENT,12000.0,HOMEIMPROVEMENT,6.62,0.12,10,691,No,0
41,female,High School,133273.0,17,MORTGAGE,25000.0,EDUCATION,12.73,0.19,14,711,Yes,0
31,female,High School,34864.0,10,RENT,2600.0,MEDICAL,10.08,0.07,7,659,Yes,0
34,male,Bachelor,104499.0,12,MORTGAGE,10000.0,HOMEIMPROVEMENT,10.71,0.1,12,615,Yes,0
21,male,Bachelor,62215.0,0,MORTGAGE,6000.0,PERSONAL,7.88,0.1,2,593,Yes,0
41,male,High School,118392.0,18,MORTGAGE,12000.0,DEBTCONSOLIDATION,13.57,0.1,15,658,No,0
26,male,Associate,61152.0,5,RENT,8000.0,DEBTCONSOLIDATION,12.99,0.13,3,565,Yes,0
23,male,Associate,85524.0,2,MORTGAGE,14500.0,EDUCATION,5.99,0.17,3,656,Yes,0
24,male,Associate,28930.0,1,RENT,1600.0,EDUCATION,7.68,0.06,2,695,Yes,0
28,male,High School,43133.0,8,OWN,4200.0,MEDICAL,11.9,0.1,6,574,Yes,0
22,female,High School,105183.0,1,RENT,15000.0,PERSONAL,10.62,0.14,2,677,No,0
42,male,Doctorate,99557.0,18,RENT,22000.0,DEBTCONSOLIDATION,10.99,0.22,12,608,Yes,0
29,male,Bachelor,42644.0,4,OWN,8300.0,HOMEIMPROVEMENT,7.9,0.19,7,673,Yes,0
42,male,Doctorate,18097.0,19,OWN,3500.0,MEDICAL,11.01,0.19,11,569,No,1
33,male,Bachelor,39195.0,8,RENT,10772.0,DEBTCONSOLIDATION,14.37,0.27,5,622,No,1
28,male,Associate,51185.0,5,RENT,9600.0,MEDICAL,7.9,0.19,7,674,No,0
30,female,Associate,95971.0,9,MORTGAGE,14968.0,VENTURE,11.04,0.16,7,606,No,0
27,female,Bachelor,48033.0,2,MORTGAGE,3000.0,MEDICAL,9.55,0.06,6,605,Yes,0
23,male,Bachelor,55769.0,0,RENT,10986.0,VENTURE,10.77,0.2,4,679,No,0
24,male,Bachelor,130639.0,2,RENT,8000.0,DEBTCONSOLIDATION,9.88,0.06,4,605,Yes,0
34,male,High School,48936.0,13,RENT,15000.0,MEDICAL,10.83,0.31,6,712,No,1
22,male,Associate,63133.0,0,RENT,5000.0,PERSONAL,6.99,0.08,4,511,Yes,0
27,female,High School,108963.0,6,MORTGAGE,21000.0,VENTURE,15.62,0.19,9,605,No,0
27,male,High School,144916.0,4,RENT,11040.0,EDUCATION,12.59,0.08,7,610,Yes,0
26,male,High School,79831.0,4,RENT,24165.0,VENTURE,12.23,0.3,4,672,No,1
23,male,High School,70556.0,0,MORTGAGE,2500.0,PERSONAL,10.37,0.04,2,648,Yes,0
38,male,Bachelor,138880.0,13,MORTGAGE,8000.0,VENTURE,12.87,0.06,8,717,No,0
26,female,Bachelor,136943.0,2,MORTGAGE,13487.0,PERSONAL,10.03,0.1,4,643,No,1
