customer_id,tenure_months,monthly_spend,support_calls,city,plan,churned
1,23,638.37,0,Pune,premium,0
2,67,442.66,2,Mumbai,standard,0
3,50,1070.64,1,Chennai,basic,0
4,26,934.38,1,Pune,basic,0
5,10,1717.12,4,Delhi,basic,1
6,56,2271.74,0,Mumbai,premium,0
7,29,1428.22,1,Delhi,basic,1
8,42,948.27,1,Chennai,basic,0
9,44,844.6,0,Mumbai,standard,0
10,21,2049.83,0,Delhi,standard,0
11,26,2156.93,1,Mumbai,standard,0
12,66,2672.5,0,Delhi,premium,0
13,56,1542.4,3,Delhi,standard,0
14,62,1229.4,1,Pune,standard,0
15,10,1159.66,0,Mumbai,standard,0
16,26,1596.03,2,Delhi,premium,0
17,6,180.5,1,Delhi,basic,0
18,70,251.73,3,Mumbai,basic,0
19,48,824.21,1,Pune,basic,0
20,16,686.8,1,Mumbai,basic,1
21,58,1833.41,0,Mumbai,basic,0
22,58,1610.72,2,Chennai,standard,0
23,23,2808.1,2,Mumbai,standard,0
24,49,391.82,1,Delhi,standard,0
25,8,2624.27,1,Mumbai,standard,1
26,34,1670.61,2,Delhi,basic,0
27,40,583.4,2,Pune,standard,0
28,3,1188.06,2,Delhi,basic,0
29,54,1433.84,1,Chennai,basic,0
30,64,756.88,2,Chennai,premium,0
31,51,928.37,2,Pune,basic,1
32,41,2642.93,1,Pune,premium,0
33,70,693.42,1,Mumbai,premium,0
34,28,632.65,2,Mumbai,basic,0
35,30,1650.65,0,Chennai,standard,0
36,26,655.4,1,Mumbai,basic,0
37,33,825.68,1,Delhi,basic,0
38,47,1013.43,2,Mumbai,basic,0
39,36,1004.48,3,Delhi,basic,0
40,25,1834.29,1,Chennai,premium,0
41,44,1609.12,0,Mumbai,standard,0
42,37,1335.16,1,Chennai,standard,0
43,5,764.99,0,Mumbai,basic,0
44,27,958.44,1,Pune,basic,0
45,25,884.43,2,Delhi,basic,0
46,4,927.82,1,Pune,standard,0
47,3,707.96,1,Mumbai,basic,0
48,18,1017.92,0,Pune,standard,0
49,18,970.43,1,Mumbai,basic,1
50,60,1057.84,0,Mumbai,standard,0
51,64,1381.24,1,Pune,basic,0
52,59,1065.87,0,Delhi,standard,0
53,34,1176.75,1,Mumbai,standard,0
54,48,950.91,1,Mumbai,basic,0
55,48,1463.62,4,Mumbai,basic,0
56,34,766.55,3,Delhi,basic,1
57,30,1411.38,1,Pune,premium,0
58,69,518.51,1,Pune,premium,0
59,33,1083.17,2,Mumbai,basic,0
60,60,1509.76,1,Pune,premium,0
61,29,1415.93,1,Mumbai,premium,0
62,18,965.13,1,Delhi,basic,0
63,61,2975.1,2,Mumbai,premium,0
64,41,1416.49,3,Pune,basic,0
65,42,2309.18,1,Chennai,basic,1
66,68,1394.46,0,Mumbai,basic,0
67,7,1851.76,3,Mumbai,standard,1
68,56,599.66,1,Mumbai,standard,0
69,16,1362.48,1,Chennai,basic,0
70,27,653.58,2,Mumbai,standard,0
71,60,1582.66,1,Chennai,premium,0
72,34,864.8,2,Delhi,basic,1
73,13,990.51,2,Mumbai,basic,0
74,37,1385.65,2,Mumbai,basic,0
75,-1,2124.98,0,Mumbai,standard,0
76,65,969.47,0,Mumbai,basic,0
77,7,1316.36,2,Chennai,basic,0
78,51,1020.64,2,Chennai,standard,0
79,56,1344.21,4,Mumbai,premium,0
80,29,1111.64,0,Delhi,basic,0
81,17,1663.48,0,Mumbai,basic,0
82,33,809.62,2,Mumbai,basic,1
83,13,695.03,2,Delhi,standard,1
84,7,548.28,2,Delhi,standard,0
85,19,780.66,0,Mumbai,basic,1
86,35,930.48,0,Delhi,basic,1
87,46,1155.29,1,Mumbai,standard,0
88,17,481.43,0,Mumbai,premium,0
89,20,564.1,1,Delhi,premium,0
90,7,2175.24,3,Delhi,basic,0
91,35,1304.49,1,Pune,basic,0
92,7,2162.71,2,Mumbai,basic,1
93,23,1604.77,2,Mumbai,standard,0
94,16,582.43,2,Pune,standard,0
95,1,688.73,1,Mumbai,standard,1
96,50,643.82,0,Mumbai,basic,0
97,2,1089.45,1,Mumbai,basic,0
98,13,575.78,0,Mumbai,basic,0
99,28,1705.68,1,Delhi,standard,0
100,41,1088.76,4,Delhi,standard,0
101,70,2168.45,1,Chennai,basic,0
102,43,612.08,1,Pune,standard,0
103,23,824.34,0,Delhi,basic,0
104,69,1081.55,0,Mumbai,standard,0
105,53,2328.92,0,Delhi,basic,0
106,33,676.62,0,Pune,standard,0
107,29,1021.51,2,Delhi,basic,0
108,55,321.29,0,Mumbai,basic,0
109,3,1201.76,2,Chennai,basic,0
110,3,1094.24,1,Mumbai,standard,1
111,2,1613.97,3,Pune,standard,0
112,46,787.3,3,Mumbai,premium,0
113,31,1127.8,1,Delhi,basic,0
114,70,1306.03,0,Delhi,basic,0
115,45,1188.06,1,Mumbai,basic,0
116,4,1249.33,4,Delhi,standard,0
117,66,442.11,0,Pune,standard,0
118,65,1374.01,2,Pune,standard,0
119,18,723.58,2,Chennai,basic,0
120,12,638.37,1,Mumbai,standard,0
121,9,436.88,3,Pune,basic,0
122,48,1089.52,2,Mumbai,premium,0
123,6,827.72,1,Delhi,basic,1
124,2,689.32,1,Delhi,basic,1
125,24,1018.18,2,Mumbai,basic,0
126,5,1298.62,0,Chennai,basic,0
127,16,1933.7,2,Delhi,basic,0
128,10,1056.78,0,Mumbai,basic,0
129,63,1236.65,0,Delhi,premium,0
130,64,833.22,4,Chennai,basic,0
131,13,887.67,1,Delhi,premium,0
132,56,911.02,2,Pune,basic,1
133,7,1239.1,4,Delhi,standard,0
134,47,1252.12,1,Mumbai,standard,0
135,66,1154.8,0,Mumbai,basic,0
136,47,633.76,0,Delhi,premium,0
137,17,1287.08,1,Mumbai,premium,0
138,21,1000.34,0,Mumbai,premium,0
139,65,1000.37,2,Pune,standard,0
140,38,1035.3,3,Mumbai,basic,0
141,5,1586.63,3,Delhi,basic,1
142,35,1020.85,2,Chennai,standard,0
143,37,564.89,2,Chennai,standard,0
144,68,821.9,2,Pune,premium,0
145,63,909.69,3,Delhi,standard,0
146,-1,540.26,0,Delhi,basic,0
147,20,1678.96,1,Delhi,standard,0
148,54,980.61,1,Mumbai,premium,0
149,64,,2,Delhi,basic,0
150,26,1230.3,3,Mumbai,standard,0
151,10,278.17,1,Mumbai,basic,0
152,66,1771.51,1,Mumbai,basic,0
153,16,475.04,2,Mumbai,basic,0
154,61,1867.4,1,Pune,basic,0
155,68,1415.63,0,Delhi,basic,0
156,71,863.99,0,Mumbai,basic,0
157,56,698.51,2,Chennai,standard,0
158,17,459.71,2,Pune,basic,1
159,23,1355.97,0,Mumbai,basic,0
160,62,2629.09,0,Chennai,basic,1
161,24,,1,Chennai,standard,0
162,34,751.66,1,Mumbai,basic,0
163,47,808.05,0,Delhi,basic,0
164,37,1157.23,2,Chennai,premium,0
165,61,770.21,0,Mumbai,basic,0
166,39,777.55,2,Mumbai,basic,0
167,44,824.32,0,Delhi,standard,0
168,7,2159.44,0,Mumbai,premium,1
169,46,474.59,3,Pune,standard,0
170,63,779.21,0,Delhi,standard,0
171,32,2441.05,3,Mumbai,basic,0
172,43,1349.94,1,Chennai,standard,1
173,21,751.76,2,Mumbai,basic,0
174,8,1500.13,0,Delhi,basic,0
175,29,1497.47,0,Mumbai,premium,0
176,53,,1,Chennai,basic,0
177,23,2450.87,2,Mumbai,premium,0
178,9,657.22,3,Delhi,standard,0
179,21,1762.16,2,Delhi,basic,0
180,28,1874.13,3,Delhi,standard,0
181,34,1017.63,2,Pune,basic,0
182,48,606.35,1,Delhi,basic,0
183,9,1052.46,5,Mumbai,premium,1
184,34,580.07,2,Mumbai,standard,1
185,55,1766.94,2,Pune,premium,0
186,5,495.52,0,Chennai,standard,0
187,66,1858.15,1,Pune,basic,0
188,45,1212.68,1,Mumbai,basic,0
189,37,870.73,1,Pune,standard,0
190,27,297.45,2,Delhi,basic,0
191,32,2281.82,3,Delhi,standard,1
192,28,1604.42,0,Pune,standard,0
193,50,2548.46,3,Chennai,basic,0
194,12,631.2,0,Chennai,basic,1
195,52,823.66,0,Pune,basic,0
196,14,2348.06,1,Delhi,basic,0
197,67,1545.16,3,Mumbai,basic,0
198,71,1193.34,3,Delhi,standard,0
199,14,1284.57,2,Mumbai,basic,1
200,43,2650.93,1,Mumbai,standard,0
201,60,530.29,2,Pune,basic,0
202,42,632.79,2,Mumbai,standard,0
203,44,1633.04,0,Delhi,premium,0
204,56,799.1,0,Delhi,standard,0
205,4,655.01,0,Delhi,premium,0
206,28,912.54,0,Mumbai,standard,0
207,3,835.82,1,Mumbai,standard,1
208,11,616.81,1,Mumbai,standard,0
209,39,2127.51,0,Pune,standard,0
210,44,1364.96,0,Chennai,premium,0
211,63,,0,Mumbai,standard,0
212,29,1512.78,0,Delhi,premium,0
213,58,689.11,0,Mumbai,basic,0
214,29,748.86,0,Pune,standard,0
215,5,1341.82,2,Delhi,basic,0
216,7,1008.42,1,Mumbai,basic,0
217,61,1372.55,2,Mumbai,standard,0
218,30,1806.54,2,Delhi,standard,0
219,16,2372.03,2,Mumbai,standard,0
220,4,,3,Delhi,standard,1
221,16,547.5,1,Mumbai,standard,0
222,-1,1175.49,2,Delhi,standard,0
223,11,840.35,1,Mumbai,standard,1
224,27,,1,Pune,premium,0
225,22,851.84,1,Mumbai,basic,0
226,51,825.33,2,Pune,standard,0
227,29,852.09,1,Mumbai,standard,0
228,42,940.4,3,Pune,basic,0
229,5,1164.25,1,Mumbai,standard,0
230,32,1540.07,1,Chennai,basic,0
231,39,2023.62,2,Chennai,basic,0
232,25,1180.59,1,Mumbai,basic,1
233,47,546.63,0,Mumbai,basic,0
234,3,1005.39,2,Mumbai,premium,0
235,6,1163.16,3,Delhi,basic,1
236,47,1417.18,1,Mumbai,standard,0
237,44,2717.76,1,Chennai,standard,0
238,8,887.71,0,Chennai,basic,0
239,41,1353.64,1,Pune,standard,0
240,17,470.67,1,Pune,basic,1
241,36,1566.64,2,Delhi,basic,0
242,69,547.11,2,Delhi,basic,0
243,13,1238.31,2,Delhi,premium,0
244,27,957.09,2,Delhi,standard,0
245,57,1007.85,2,Mumbai,standard,0
246,26,1662.4,1,Delhi,basic,0
247,58,1253.07,1,Chennai,basic,0
248,49,1907.13,5,Delhi,basic,0
249,38,1676.9,1,Delhi,basic,0
250,20,1970.52,0,Delhi,basic,0
251,57,987.72,2,Chennai,premium,0
252,27,2694.85,0,Delhi,basic,0
253,66,1458.01,1,Delhi,basic,0
254,22,1174.99,0,Delhi,basic,0
255,7,1061.8,1,Mumbai,basic,1
256,50,1376.49,3,Mumbai,standard,0
257,28,1998.25,1,Mumbai,standard,0
258,6,1186.04,5,Pune,premium,0
259,59,1633.87,1,Mumbai,standard,0
260,28,582.96,0,Mumbai,premium,0
261,67,1116.26,2,Mumbai,premium,0
262,71,1635.76,1,Delhi,standard,0
263,63,620.51,0,Chennai,basic,0
264,46,1891.99,2,Pune,standard,0
265,17,1268.49,0,Pune,standard,0
266,34,2254.11,0,Pune,standard,0
267,60,867.19,2,Delhi,premium,0
268,21,1309.11,1,Mumbai,basic,0
269,50,1156.43,2,Mumbai,basic,0
270,2,593.07,0,Delhi,basic,0
271,51,629.4,1,Mumbai,basic,0
272,65,435.48,1,Pune,premium,0
273,6,1382.37,2,Delhi,standard,0
274,66,724.66,1,Delhi,basic,0
275,7,,1,Mumbai,standard,0
276,70,1556.46,2,Delhi,standard,0
277,34,1213.89,1,Mumbai,standard,0
278,35,1568.69,3,Pune,standard,0
279,7,2780.06,0,Mumbai,basic,0
280,43,1053.22,2,Pune,premium,0
281,16,510.26,2,Delhi,basic,1
282,21,1012.48,1,Mumbai,basic,0
283,7,717.3,2,Pune,basic,0
284,59,1001.56,1,Mumbai,basic,0
285,9,1104.96,1,Mumbai,premium,0
286,42,457.92,1,Delhi,basic,0
287,41,1895.87,1,Chennai,basic,0
288,22,1152.16,3,Delhi,standard,0
289,7,2350.54,1,Delhi,standard,0
290,21,468.03,1,Chennai,basic,0
291,19,1763.23,7,Pune,basic,1
292,-1,1404.15,0,Delhi,basic,0
293,35,1659.48,0,Mumbai,basic,0
294,48,1271.44,1,Mumbai,premium,1
295,64,1001.32,3,Pune,premium,0
296,55,1150.6,0,Delhi,standard,0
297,60,736.94,1,Mumbai,standard,0
298,8,421.22,1,Pune,basic,0
299,55,1335.45,2,Pune,basic,0
300,66,1976.08,0,Chennai,premium,0
301,52,,1,Chennai,standard,0
302,54,1163.7,1,Delhi,basic,0
303,12,1259.39,3,Mumbai,basic,0
304,58,1179.14,2,Mumbai,standard,0
305,42,1101.37,3,Delhi,basic,1
306,15,1946.59,1,Chennai,standard,0
307,63,167.73,1,Mumbai,standard,0
308,11,802.57,2,Pune,premium,0
309,21,1235.08,1,Mumbai,standard,0
310,53,929.25,1,Delhi,basic,0
311,17,980.53,1,Mumbai,basic,1
312,67,1788.79,2,Mumbai,basic,0
313,-1,1844.77,2,Mumbai,basic,0
314,25,1601.09,1,Mumbai,standard,0
315,55,1823.52,2,Delhi,basic,0
316,8,417.06,0,Mumbai,basic,0
317,26,432.92,2,Chennai,standard,0
318,24,1858.68,5,Pune,premium,0
319,47,899.54,3,Pune,standard,0
320,60,1801.21,2,Chennai,basic,0
321,11,1164.87,0,Mumbai,standard,1
322,59,932.52,1,Pune,premium,0
323,47,2552.58,1,Chennai,premium,0
324,17,310.48,0,Delhi,basic,0
325,35,1698.01,2,Chennai,standard,1
326,11,697.3,3,Pune,premium,0
327,17,1133.8,1,Mumbai,premium,0
328,36,1546.85,0,Chennai,standard,0
329,47,1817.38,1,Mumbai,basic,0
330,23,787.91,2,Mumbai,standard,0
331,51,658.85,1,Mumbai,standard,0
332,61,892.32,1,Delhi,standard,0
333,10,577.98,5,Chennai,standard,0
334,34,1664.73,1,Chennai,standard,0
335,1,288.37,1,Delhi,standard,1
336,17,1158.19,0,Mumbai,standard,0
337,-1,1300.61,2,Pune,basic,0
338,31,2776.63,1,Delhi,premium,0
339,22,,0,Delhi,basic,0
340,16,1318.09,1,Mumbai,basic,1
341,9,1313.82,0,Mumbai,basic,0
342,50,899.2,1,Mumbai,basic,1
343,51,393.63,2,Mumbai,basic,0
344,70,768.76,2,Delhi,standard,0
345,22,592.12,1,Pune,basic,0
346,44,1327.32,0,Delhi,basic,0
347,6,1702.45,0,Mumbai,standard,0
348,17,805.9,0,Delhi,standard,0
349,30,,1,Delhi,standard,0
350,58,656.06,0,Mumbai,standard,0
351,69,894.01,1,Delhi,premium,0
352,26,818.38,3,Mumbai,basic,1
353,61,2063.2,2,Delhi,premium,0
354,7,779.68,0,Mumbai,basic,0
355,21,983.64,1,Pune,basic,1
356,11,2044.67,0,Pune,basic,0
357,40,605.08,0,Pune,basic,0
358,27,1484.77,2,Mumbai,standard,0
359,16,,0,Delhi,basic,0
360,60,905.04,1,Pune,standard,0
361,61,1306.8,0,Mumbai,premium,0
362,17,915.07,2,Delhi,standard,0
363,20,,1,Mumbai,basic,0
364,56,1234.55,1,Delhi,basic,0
365,44,1510.14,2,Mumbai,basic,0
366,6,917.55,2,Mumbai,standard,0
367,36,1178.98,1,Pune,standard,0
368,60,1346.38,0,Delhi,standard,0
369,66,1703.89,2,Delhi,standard,0
370,51,520.22,4,Pune,premium,0
371,13,2138.03,1,Delhi,standard,0
372,7,758.52,0,Delhi,premium,0
373,64,1018.82,1,Delhi,basic,0
374,4,1625.76,1,Mumbai,basic,0
375,17,931.98,0,Mumbai,basic,0
376,18,1059.98,0,Mumbai,premium,0
377,35,1292.86,0,Pune,standard,0
378,13,1317.99,1,Delhi,standard,0
379,65,1223.45,2,Pune,basic,0
380,46,813.69,0,Mumbai,basic,0
381,23,534.7,1,Mumbai,standard,0
382,34,1203.44,1,Mumbai,standard,0
383,12,641.4,1,Mumbai,standard,0
384,41,841.26,0,Delhi,basic,0
385,62,589.41,3,Mumbai,basic,0
386,21,610.24,2,Pune,basic,0
387,36,1694.94,2,Delhi,premium,0
388,70,1265.47,2,Mumbai,premium,0
389,33,878.53,1,Mumbai,standard,0
390,8,907.91,1,Pune,premium,0
391,25,574.93,3,Chennai,basic,1
392,48,1531.2,0,Pune,standard,0
393,3,1923.2,2,Delhi,standard,1
394,38,757.65,3,Delhi,standard,1
395,32,634.46,2,Pune,standard,0
396,71,863.87,1,Delhi,standard,0
397,56,1528.5,1,Mumbai,premium,0
398,68,737.86,1,Delhi,basic,0
399,7,376.89,4,Delhi,standard,0
400,35,1145.55,1,Chennai,standard,0
401,48,1750.64,1,Pune,standard,0
402,32,1561.24,0,Delhi,basic,0
403,29,785.6,0,Pune,basic,0
404,26,1694.31,1,Mumbai,standard,0
405,2,1492.2,2,Pune,basic,1
406,13,1725.14,1,Mumbai,standard,0
407,69,,2,Pune,basic,0
408,49,1354.52,6,Chennai,standard,0
409,8,1071.24,3,Pune,premium,0
410,63,902.37,1,Delhi,standard,0
411,56,525.78,0,Delhi,basic,0
412,34,1187.18,1,Chennai,standard,0
413,19,874.51,2,Chennai,standard,0
414,66,2200.65,1,Delhi,basic,0
415,51,1624.14,2,Chennai,basic,0
416,18,409.41,1,Mumbai,standard,0
417,15,1300.42,1,Mumbai,basic,0
418,19,1596.05,2,Delhi,standard,0
419,16,1055.77,0,Pune,premium,0
420,68,523.66,2,Mumbai,premium,0
421,30,945.35,2,Pune,standard,1
422,66,1338.27,1,Delhi,basic,0
423,15,330.3,2,Delhi,standard,0
424,37,494.22,1,Mumbai,standard,0
425,61,801.92,2,Mumbai,standard,0
426,40,,0,Mumbai,basic,0
427,11,534.12,1,Mumbai,standard,0
428,26,,4,Mumbai,standard,0
429,70,725.26,0,Pune,standard,0
430,3,251.5,0,Mumbai,standard,0
431,19,921.85,1,Mumbai,basic,1
432,27,703.27,3,Mumbai,standard,1
433,-1,,2,Mumbai,basic,0
434,70,1750.52,2,Pune,standard,0
435,47,1023.07,1,Delhi,premium,0
436,37,3556.89,0,Mumbai,basic,0
437,14,1358.6,2,Delhi,basic,0
438,58,573.2,1,Mumbai,basic,0
439,10,573.15,1,Delhi,standard,0
440,12,1381.36,2,Pune,premium,0
441,31,655.38,0,Delhi,premium,0
442,53,853.08,1,Delhi,basic,0
443,58,166.35,2,Delhi,basic,0
444,42,758.31,1,Chennai,standard,0
445,35,648.09,3,Chennai,standard,0
446,71,804.82,1,Pune,standard,0
447,17,2159.55,2,Delhi,basic,0
448,23,612.16,0,Pune,standard,0
449,62,478.69,0,Mumbai,standard,0
450,34,1663.64,4,Mumbai,basic,0
451,56,563.14,4,Mumbai,standard,1
452,20,890.36,3,Mumbai,basic,1
453,35,1109.4,1,Chennai,standard,0
454,53,1888.07,2,Mumbai,premium,0
455,53,1932.25,3,Pune,basic,0
456,5,1062.9,1,Pune,basic,0
457,68,1203.58,3,Pune,basic,0
458,52,2170.3,1,Chennai,standard,0
459,22,1229.35,0,Mumbai,standard,1
460,60,1486.17,0,Delhi,basic,0
461,21,1013.09,0,Chennai,premium,0
462,-1,1188.74,1,Chennai,standard,0
463,20,1769.34,4,Pune,premium,0
464,26,672.6,2,Delhi,premium,0
465,1,2049.18,0,Delhi,standard,0
466,25,961.1,7,Chennai,standard,1
467,55,1488.63,0,Pune,basic,0
468,63,1160.01,2,Mumbai,standard,0
469,55,1502.56,1,Pune,basic,0
470,12,473.32,1,Delhi,standard,0
471,31,1106.63,3,Chennai,standard,1
472,65,669.8,0,Delhi,basic,0
473,61,993.76,1,Chennai,premium,0
474,7,1665.94,2,Mumbai,basic,1
475,10,1206.59,2,Mumbai,premium,0
476,3,1204.59,0,Delhi,basic,0
477,68,1868.72,2,Delhi,premium,0
478,58,488.97,3,Chennai,basic,0
479,53,1007.32,2,Chennai,basic,0
480,5,2104.85,0,Delhi,basic,0
481,4,1405.93,1,Delhi,premium,0
482,41,660.15,2,Delhi,standard,0
483,13,1011.29,0,Mumbai,basic,1
484,37,1105.6,1,Chennai,premium,0
485,7,1377.57,1,Mumbai,premium,0
486,63,1038.23,3,Chennai,basic,0
487,48,1559.1,0,Mumbai,premium,0
488,48,2238.35,0,Mumbai,basic,0
489,56,1055.63,1,Chennai,basic,0
490,70,777.72,0,Mumbai,basic,0
491,57,1270.23,0,Mumbai,basic,0
492,49,639.28,2,Mumbai,basic,0
493,16,987.61,1,Delhi,standard,1
494,24,797.5,2,Delhi,standard,0
495,28,1389.71,2,Mumbai,basic,0
496,67,819.61,3,Pune,premium,0
497,49,2527.3,2,Delhi,premium,0
498,6,1023.28,2,Mumbai,basic,1
499,47,2473.82,0,Mumbai,standard,0
500,49,1622.29,0,Mumbai,standard,0
501,66,761.32,1,Pune,standard,0
502,8,1616.59,2,Delhi,standard,0
503,6,442.26,0,Delhi,standard,1
504,13,1447.64,1,Mumbai,standard,0
505,48,531.17,1,Delhi,standard,0
506,28,1148.96,0,Pune,standard,0
507,41,941.7,1,Delhi,standard,0
508,36,635.07,3,Chennai,premium,0
509,56,574.6,1,Delhi,standard,0
510,4,1460.02,0,Chennai,standard,0
511,63,,1,Chennai,standard,0
512,29,541.42,4,Pune,basic,1
513,52,1193.93,3,Mumbai,standard,0
514,39,1594.69,2,Delhi,premium,0
515,69,1637.66,3,Pune,basic,0
516,20,823.1,1,Pune,basic,1
517,57,1224.37,0,Delhi,basic,0
518,29,889.12,1,Chennai,standard,0
519,69,1656.47,1,Delhi,basic,0
520,56,1282.47,0,Pune,basic,0
521,40,896.72,1,Mumbai,standard,0
522,14,262.42,6,Delhi,standard,0
523,11,1062.09,1,Delhi,basic,1
524,22,1777.62,3,Chennai,basic,0
525,66,,0,Delhi,basic,0
526,20,1051.54,2,Delhi,basic,1
527,69,729.69,0,Pune,standard,0
528,18,1911.88,1,Delhi,standard,0
529,10,556.75,1,Delhi,basic,0
530,3,2892.74,2,Delhi,basic,0
531,26,3147.21,0,Delhi,premium,0
532,68,1101.7,0,Mumbai,standard,0
533,49,,3,Mumbai,basic,0
534,37,993.13,0,Delhi,standard,0
535,-1,935.1,1,Delhi,basic,0
536,24,2176.06,0,Pune,premium,0
537,7,814.67,0,Pune,premium,0
538,63,754.06,0,Mumbai,standard,0
539,17,480.15,0,Chennai,standard,0
540,2,1206.2,2,Chennai,premium,0
541,24,1064.91,1,Pune,standard,0
542,8,1201.43,0,Delhi,standard,0
543,57,1744.36,1,Mumbai,premium,0
544,2,310.9,2,Mumbai,standard,0
545,52,2870.75,3,Mumbai,basic,0
546,3,,1,Pune,standard,0
547,66,419.04,2,Chennai,premium,0
548,1,1560.67,3,Mumbai,standard,0
549,53,958.34,3,Pune,basic,1
550,44,1486.87,1,Mumbai,premium,0
551,15,1532.38,0,Pune,basic,0
552,51,484.19,0,Pune,standard,0
553,21,1504.44,1,Chennai,premium,1
554,26,1003.91,0,Mumbai,premium,0
555,27,1579.77,1,Mumbai,standard,0
556,66,1324.39,1,Delhi,basic,0
557,69,651.28,0,Chennai,standard,0
558,54,572.7,4,Mumbai,premium,0
559,6,771.61,2,Mumbai,basic,1
560,71,1058.56,2,Delhi,standard,0
561,23,1057.85,0,Delhi,premium,0
562,55,1234.38,2,Delhi,standard,0
563,62,958.44,1,Delhi,standard,0
564,38,1081.99,1,Delhi,standard,0
565,63,1034.35,1,Delhi,premium,0
566,4,211.76,2,Mumbai,standard,0
567,28,1534.31,2,Mumbai,basic,0
568,9,1839.95,3,Chennai,premium,0
569,49,1460.46,1,Mumbai,standard,0
570,24,1923.72,0,Mumbai,basic,0
571,57,2267.23,0,Delhi,basic,0
572,10,1345.45,0,Pune,basic,0
573,39,957.37,0,Pune,basic,0
574,46,767.91,0,Delhi,standard,0
575,58,2067.6,0,Chennai,basic,0
576,5,1475.67,0,Delhi,basic,0
577,12,1335.25,1,Delhi,basic,0
578,39,1056.97,2,Mumbai,basic,0
579,3,2829.86,2,Delhi,premium,0
580,26,1907.59,1,Pune,premium,0
581,1,841.86,4,Pune,premium,1
582,28,1018.71,1,Pune,basic,0
583,54,756.4,1,Mumbai,premium,0
584,6,1143.92,1,Chennai,standard,0
585,21,893.33,3,Mumbai,standard,0
586,52,1223.25,1,Pune,basic,0
587,48,969.42,0,Chennai,basic,0
588,55,1233.72,1,Delhi,standard,0
589,67,1478.63,2,Mumbai,standard,0
590,23,1054.28,2,Delhi,standard,0
591,13,1277.27,0,Delhi,standard,0
592,27,1145.74,0,Delhi,basic,0
593,63,646.3,1,Chennai,standard,0
594,50,,1,Chennai,standard,0
595,1,408.93,2,Mumbai,standard,0
596,10,1671.17,2,Delhi,basic,0
597,22,,0,Mumbai,basic,1
598,44,2002.6,1,Chennai,basic,0
599,25,1334.04,1,Pune,premium,0
600,25,1407.62,1,Chennai,basic,0
601,44,742.64,1,Delhi,standard,0
602,50,957.95,1,Delhi,basic,0
603,60,593.73,0,Pune,standard,0
604,46,1349.36,2,Mumbai,standard,0
605,35,975.98,0,Chennai,standard,0
606,23,2231.91,1,Mumbai,premium,0
607,61,2604.26,0,Mumbai,standard,0
608,20,1490.14,1,Mumbai,standard,0
609,14,1452.97,0,Mumbai,basic,0
610,28,773.36,1,Mumbai,basic,0
611,40,1144.48,0,Mumbai,standard,0
612,22,1145.44,2,Delhi,basic,0
613,29,965.43,0,Chennai,basic,0
614,54,888.79,0,Chennai,standard,0
615,46,861.98,1,Pune,standard,0
616,57,1182.58,1,Delhi,premium,0
617,17,1237.51,1,Mumbai,standard,0
618,36,1251.64,1,Mumbai,premium,0
619,54,570.62,0,Pune,premium,0
620,17,1247.8,2,Mumbai,basic,1
621,1,1456.83,0,Mumbai,premium,0
622,35,996.9,1,Chennai,basic,0
623,27,3041.68,1,Delhi,basic,0
624,54,267.7,0,Mumbai,standard,0
625,34,1392.65,2,Mumbai,premium,0
626,39,676.53,1,Delhi,basic,0
627,34,1008.12,1,Mumbai,basic,0
628,2,660.41,0,Pune,basic,0
629,18,1073.11,1,Delhi,premium,0
630,7,719.55,3,Delhi,standard,0
631,17,825.22,0,Mumbai,standard,0
632,28,2010.17,1,Chennai,premium,0
633,7,,3,Pune,standard,0
634,60,497.78,2,Delhi,standard,0
635,26,602.27,2,Mumbai,basic,0
636,31,1263.11,2,Delhi,standard,0
637,34,669.75,1,Delhi,basic,0
638,45,312.85,0,Chennai,basic,0
639,35,1729.05,1,Pune,basic,0
640,41,1378.72,1,Delhi,basic,0
641,59,1079.37,1,Delhi,premium,0
642,6,962.36,1,Delhi,premium,0
643,70,551.33,0,Pune,standard,0
644,34,799.9,0,Chennai,standard,0
645,11,1499.25,4,Pune,standard,1
646,31,1878.41,3,Chennai,standard,1
647,18,1235.45,0,Mumbai,basic,0
648,33,,0,Mumbai,standard,0
649,39,947.66,1,Chennai,standard,0
650,65,1357.53,1,Delhi,standard,0
651,9,1935.97,0,Mumbai,premium,1
652,22,824.91,0,Chennai,standard,0
653,27,2931.62,1,Mumbai,premium,0
654,70,1127.8,1,Chennai,standard,0
655,2,1475.13,0,Delhi,premium,0
656,34,846.47,2,Mumbai,standard,1
657,19,658.77,0,Mumbai,standard,0
658,34,1316.51,0,Chennai,standard,0
659,61,1582.24,1,Mumbai,basic,0
660,51,836.61,3,Mumbai,basic,0
661,57,1010.56,2,Pune,basic,0
662,34,1277.95,0,Mumbai,premium,0
663,24,1351.12,0,Mumbai,standard,0
664,5,2579.81,3,Mumbai,premium,1
665,58,1808.8,0,Chennai,basic,0
666,40,374.89,0,Delhi,standard,0
667,19,1530.69,1,Pune,basic,1
668,7,616.46,0,Mumbai,premium,0
669,34,1151.15,1,Delhi,premium,0
670,66,813.62,0,Chennai,standard,0
671,39,1317.25,2,Mumbai,premium,0
672,23,654.13,0,Pune,basic,0
673,13,751.67,0,Delhi,standard,0
674,67,2379.9,0,Mumbai,basic,0
675,19,926.83,2,Mumbai,premium,1
676,37,546.84,1,Chennai,basic,0
677,24,1318.33,2,Pune,standard,0
678,56,1866.19,1,Mumbai,standard,0
679,8,359.78,1,Delhi,standard,0
680,36,1116.73,2,Pune,basic,0
681,19,592.67,2,Delhi,premium,0
682,15,1789.4,0,Delhi,standard,0
683,21,984.96,0,Pune,standard,0
684,71,1312.99,0,Delhi,basic,0
685,39,1382.06,2,Chennai,basic,0
686,46,2010.81,4,Delhi,standard,0
687,59,1166.86,0,Delhi,standard,0
688,32,1695.39,0,Chennai,basic,0
689,43,743.32,0,Mumbai,standard,0
690,67,1207.75,3,Delhi,standard,0
691,16,1262.32,3,Mumbai,premium,1
692,40,772.64,4,Pune,premium,0
693,36,1808.31,2,Delhi,premium,0
694,29,1072.74,3,Chennai,premium,0
695,11,1490.85,1,Pune,basic,0
696,15,823.7,2,Delhi,basic,0
697,46,844.22,0,Pune,basic,0
698,24,1372.13,0,Delhi,basic,0
699,46,679.37,1,Pune,premium,0
700,58,1847.69,1,Mumbai,premium,0
701,19,822.31,2,Chennai,standard,0
702,12,1112.78,0,Delhi,premium,0
703,64,647.94,3,Pune,standard,0
704,33,,2,Chennai,basic,0
705,41,1784.55,2,Mumbai,basic,0
706,46,321.06,0,Pune,basic,0
707,47,1436.67,2,Delhi,premium,0
708,32,1958.21,2,Mumbai,premium,1
709,38,1364.8,1,Mumbai,basic,0
710,29,,0,Delhi,basic,1
711,16,525.89,3,Pune,basic,0
712,3,669.82,1,Chennai,basic,0
713,63,807.88,1,Delhi,premium,0
714,58,1292.56,1,Mumbai,standard,0
715,2,1424.92,0,Mumbai,standard,0
716,6,2927.64,0,Mumbai,standard,0
717,67,944.66,0,Delhi,premium,0
718,31,1731.99,0,Mumbai,basic,0
719,67,995.59,3,Delhi,basic,1
720,6,1119.01,1,Mumbai,premium,0
721,30,1021.41,2,Pune,premium,0
722,23,1811.63,1,Chennai,standard,0
723,27,1502.13,4,Pune,basic,1
724,56,538.6,0,Chennai,basic,0
725,31,1743.02,2,Chennai,premium,0
726,66,1526.43,2,Mumbai,standard,0
727,61,1388.15,1,Delhi,standard,0
728,3,1686.56,2,Mumbai,basic,0
729,69,609.83,0,Mumbai,standard,0
730,22,520.46,2,Delhi,standard,0
731,13,857.31,2,Mumbai,standard,0
732,49,1327.67,0,Mumbai,basic,0
733,32,1585.3,5,Delhi,premium,0
734,27,790.01,0,Pune,standard,0
735,44,946.9,2,Mumbai,premium,0
736,71,1723.22,1,Chennai,standard,0
737,7,,0,Pune,premium,0
738,11,805.89,3,Mumbai,standard,1
739,35,675.44,0,Mumbai,basic,0
740,10,1872.59,2,Chennai,basic,1
741,56,516.08,1,Pune,basic,0
742,52,1028.24,2,Mumbai,basic,0
743,44,1241.78,0,Delhi,basic,0
744,50,514.34,1,Delhi,basic,0
745,62,1351.53,2,Mumbai,basic,0
746,67,2124.92,0,Chennai,standard,0
747,24,1262.81,3,Mumbai,standard,0
748,6,423.02,0,Delhi,basic,0
749,3,418.92,2,Mumbai,basic,0
750,2,1918.77,0,Mumbai,basic,0
751,48,854.58,1,Mumbai,basic,0
752,10,829.56,1,Mumbai,basic,0
753,21,399.88,0,Mumbai,standard,0
754,66,1175.38,0,Delhi,standard,0
755,55,1501.96,0,Delhi,basic,0
756,31,713.34,0,Mumbai,premium,0
757,47,733.17,0,Mumbai,standard,0
758,31,973.8,2,Mumbai,premium,0
759,53,1084.87,1,Mumbai,standard,0
760,20,2341.41,0,Delhi,premium,0
761,49,1041.5,2,Mumbai,basic,0
762,14,541.79,2,Chennai,basic,0
763,22,,0,Mumbai,standard,0
764,9,1939.25,0,Delhi,standard,0
765,28,530.4,1,Mumbai,basic,0
766,54,769.43,1,Mumbai,basic,0
767,51,1363.58,2,Mumbai,premium,0
768,4,949.22,2,Pune,basic,0
769,52,1785.06,2,Chennai,basic,0
770,53,994.05,2,Pune,standard,0
771,59,1119.05,1,Mumbai,basic,0
772,36,1159.68,1,Mumbai,standard,0
773,1,1342.95,1,Delhi,standard,0
774,13,666.6,0,Mumbai,standard,0
775,67,1069.08,1,Mumbai,basic,0
776,-1,862.41,3,Delhi,basic,0
777,1,2117.89,3,Pune,basic,0
778,4,435.12,1,Delhi,basic,0
779,52,,1,Mumbai,standard,0
780,60,2174.25,1,Delhi,standard,0
781,25,1180.04,2,Chennai,basic,0
782,43,762.43,5,Pune,premium,0
783,65,1287.44,1,Mumbai,premium,0
784,53,407.9,1,Mumbai,standard,0
785,55,479.35,1,Delhi,standard,0
786,39,919.08,3,Pune,basic,1
787,47,936.96,0,Mumbai,basic,0
788,5,980.3,1,Mumbai,basic,0
789,7,1171.34,1,Mumbai,basic,1
790,51,1014.62,0,Mumbai,basic,1
791,25,655.96,0,Delhi,premium,0
792,64,2528.92,0,Mumbai,basic,0
793,62,,0,Mumbai,standard,0
794,19,851.45,4,Pune,premium,0
795,23,2617.53,3,Mumbai,standard,0
796,28,1676.32,0,Delhi,standard,0
797,3,879.15,0,Pune,basic,0
798,71,1404.2,3,Pune,standard,0
799,24,,2,Mumbai,basic,0
800,44,1060.63,1,Delhi,basic,0
801,56,410.32,1,Mumbai,premium,0
802,10,1188.24,1,Mumbai,basic,0
803,25,215.61,0,Chennai,standard,0
804,13,1476.21,1,Chennai,premium,0
805,13,234.8,1,Chennai,basic,0
806,19,1277.47,0,Pune,premium,0
807,33,879.79,2,Delhi,basic,0
808,66,499.05,0,Pune,basic,0
809,64,1967.88,1,Mumbai,standard,0
810,58,1101.01,1,Mumbai,standard,0
811,9,1086.38,2,Delhi,premium,1
812,2,963.96,2,Delhi,standard,0
813,69,1848.81,2,Mumbai,premium,0
814,40,,1,Delhi,premium,0
815,57,1708.55,2,Mumbai,standard,0
816,15,1851.04,1,Mumbai,basic,0
817,18,689.01,2,Delhi,basic,0
818,18,2054.08,1,Chennai,standard,0
819,66,701.38,0,Mumbai,basic,0
820,38,1119.16,3,Delhi,standard,0
821,24,1282.8,2,Pune,standard,0
822,14,,1,Pune,premium,0
823,27,1403.8,3,Delhi,basic,0
824,49,1237.24,3,Mumbai,basic,0
825,45,508.37,0,Chennai,basic,0
826,3,1650.75,1,Mumbai,standard,0
827,44,1954.69,3,Mumbai,basic,0
828,3,2489.5,1,Delhi,standard,0
829,12,950.67,2,Chennai,basic,1
830,21,1224.68,1,Delhi,basic,0
831,68,2137.93,1,Pune,standard,0
832,7,411.91,2,Chennai,basic,0
833,13,1199.71,2,Delhi,standard,0
834,61,1605.64,1,Delhi,premium,0
835,12,2248.06,1,Mumbai,standard,0
836,55,802.1,1,Delhi,basic,0
837,61,1367.98,1,Delhi,basic,0
838,40,643.82,0,Mumbai,premium,0
839,13,931.65,1,Delhi,basic,0
840,53,,3,Pune,basic,0
841,44,1535.79,1,Delhi,basic,0
842,1,1256.03,3,Delhi,premium,1
843,32,480.75,1,Delhi,basic,0
844,17,753.65,1,Mumbai,basic,0
845,49,,1,Pune,premium,0
846,37,2139.81,1,Pune,premium,0
847,-1,393.59,1,Mumbai,basic,0
848,58,420.64,2,Chennai,basic,0
849,38,1010.49,1,Mumbai,standard,0
850,42,1342.02,2,Mumbai,basic,0
851,56,912.27,1,Delhi,basic,0
852,24,2350.37,0,Mumbai,standard,0
853,67,989.72,1,Pune,standard,0
854,18,1863.94,2,Delhi,standard,0
855,50,492.8,0,Pune,premium,0
856,62,2344.81,3,Chennai,basic,0
857,41,817.16,1,Pune,premium,0
858,40,324.76,1,Pune,basic,0
859,59,1227.45,3,Pune,basic,0
860,61,1457.57,0,Mumbai,basic,0
861,26,388.8,2,Mumbai,premium,0
862,8,541.21,1,Mumbai,premium,0
863,31,1875.06,0,Pune,basic,0
864,57,1531.47,0,Pune,standard,0
865,43,1232.05,1,Mumbai,premium,0
866,5,310.96,1,Chennai,premium,0
867,70,918.64,0,Chennai,standard,0
868,25,758.6,0,Mumbai,standard,0
869,57,3108.24,2,Delhi,basic,0
870,29,1865.85,1,Mumbai,basic,0
871,14,2311.18,1,Mumbai,premium,0
872,5,1361.92,3,Mumbai,basic,0
873,53,818.06,1,Delhi,premium,0
874,66,1663.04,0,Mumbai,standard,0
875,28,1631.5,4,Pune,premium,0
876,30,1238.43,1,Delhi,standard,0
877,52,1103.56,1,Delhi,basic,0
878,5,1249.85,1,Delhi,basic,0
879,21,,1,Chennai,standard,0
880,50,539.44,2,Pune,basic,0
881,14,421.3,5,Delhi,standard,0
882,24,1111.64,1,Chennai,basic,0
883,53,2208.96,2,Mumbai,premium,0
884,43,3261.95,0,Pune,premium,0
885,2,,0,Mumbai,basic,0
886,48,1381.39,0,Pune,standard,0
887,20,1508.19,2,Pune,basic,0
888,69,1551.43,0,Delhi,premium,0
889,38,451.44,2,Delhi,premium,0
890,41,2642.35,3,Pune,premium,0
891,64,,0,Mumbai,standard,0
892,46,1312.66,0,Chennai,basic,0
893,46,1822.24,2,Mumbai,standard,1
894,69,750.32,0,Pune,basic,0
895,12,,2,Delhi,basic,1
896,23,837.26,0,Pune,standard,0
897,23,,3,Pune,basic,0
898,24,1073.18,0,Mumbai,basic,0
899,23,609.97,0,Chennai,standard,0
900,51,555.5,1,Delhi,basic,0
901,11,1135.24,3,Chennai,basic,1
902,46,601.81,1,Chennai,standard,0
903,64,2105.08,1,Chennai,standard,0
904,24,817.09,0,Mumbai,standard,0
905,69,,1,Mumbai,basic,0
906,67,1272.89,2,Delhi,basic,0
907,64,1479.7,0,Pune,premium,0
908,70,735.6,0,Chennai,basic,0
909,31,1157.52,3,Chennai,standard,0
910,71,1428.4,1,Pune,basic,0
911,39,1207.14,3,Chennai,standard,0
912,50,2786.08,1,Delhi,standard,0
913,62,1161.15,1,Chennai,basic,0
914,59,1003.66,1,Delhi,standard,0
915,5,2107.55,2,Pune,basic,0
916,64,1090.88,2,Delhi,standard,0
917,35,1238.4,2,Mumbai,basic,1
918,43,555.12,0,Mumbai,basic,0
919,35,1654.8,2,Mumbai,basic,1
920,65,2133.1,3,Delhi,basic,0
921,60,1182.4,0,Mumbai,standard,0
922,40,1936.36,0,Delhi,basic,0
923,30,1083.07,0,Mumbai,basic,0
924,24,1330.22,1,Delhi,standard,1
925,27,1086.0,2,Delhi,basic,0
926,37,653.58,0,Delhi,basic,0
927,29,1113.5,5,Mumbai,standard,0
928,12,1763.21,1,Chennai,standard,0
929,53,943.09,2,Delhi,basic,1
930,70,925.42,0,Mumbai,premium,0
931,43,442.73,1,Mumbai,standard,0
932,12,1363.82,2,Mumbai,basic,0
933,12,1263.65,1,Mumbai,basic,0
934,24,325.67,2,Chennai,premium,0
935,19,1569.08,4,Mumbai,basic,1
936,9,605.66,1,Pune,basic,0
937,24,574.04,1,Chennai,basic,0
938,59,1602.47,0,Pune,basic,0
939,58,,2,Chennai,standard,0
940,53,1344.28,3,Delhi,premium,0
941,18,1971.34,3,Delhi,basic,1
942,61,1839.52,1,Mumbai,standard,0
943,11,1221.85,0,Mumbai,standard,0
944,66,3103.01,0,Mumbai,standard,0
945,61,1037.76,3,Delhi,premium,0
946,56,1025.61,1,Delhi,premium,0
947,8,1333.07,1,Pune,standard,0
948,43,580.99,1,Pune,standard,0
949,25,1528.03,3,Mumbai,standard,0
950,50,1365.72,0,Mumbai,standard,0
951,22,3628.35,3,Mumbai,basic,0
952,61,1142.51,2,Mumbai,basic,1
953,22,1579.31,0,Chennai,standard,0
954,12,,2,Chennai,basic,0
955,52,836.51,1,Chennai,standard,0
956,17,894.61,1,Delhi,premium,0
957,27,769.85,3,Mumbai,basic,0
958,42,1668.11,2,Delhi,basic,0
959,26,699.02,0,Mumbai,premium,0
960,34,1147.02,3,Mumbai,basic,0
961,48,436.18,1,Chennai,standard,0
962,67,1696.74,1,Mumbai,basic,0
963,27,609.63,1,Mumbai,basic,0
964,24,1731.49,2,Delhi,premium,0
965,28,481.06,5,Mumbai,basic,1
966,5,1219.45,0,Delhi,basic,0
967,54,744.49,1,Chennai,premium,0
968,21,1268.31,1,Pune,basic,0
969,50,985.65,0,Mumbai,premium,0
970,13,825.2,2,Mumbai,basic,0
971,3,406.22,2,Chennai,premium,0
972,31,800.8,2,Mumbai,basic,0
973,47,262.94,2,Chennai,basic,0
974,8,1859.97,0,Chennai,standard,0
975,5,1616.11,3,Pune,basic,0
976,45,,0,Mumbai,basic,0
977,51,1960.34,1,Mumbai,standard,0
978,28,2045.96,0,Delhi,premium,0
979,47,901.73,0,Pune,standard,0
980,17,1279.16,0,Delhi,basic,0
981,45,594.01,3,Pune,standard,0
982,64,2241.21,1,Chennai,basic,0
983,68,,2,Pune,basic,0
984,71,1143.84,1,Delhi,basic,0
985,21,609.21,2,Delhi,premium,0
986,49,687.16,2,Pune,basic,0
987,13,592.67,2,Delhi,standard,0
988,8,658.37,2,Chennai,premium,0
989,30,1626.51,3,Mumbai,standard,0
990,38,1420.57,1,Pune,standard,0
991,10,713.87,0,Pune,basic,0
992,50,2221.46,1,Mumbai,basic,0
993,69,1457.1,3,Delhi,premium,0
994,34,750.95,1,Mumbai,basic,0
995,51,752.3,1,Delhi,premium,0
996,12,1356.12,0,Mumbai,standard,0
997,55,2304.51,4,Pune,basic,0
998,25,,2,Delhi,standard,0
999,52,781.83,0,Pune,standard,0
1000,64,328.92,1,Pune,standard,0
1001,57,1154.51,1,Mumbai,basic,0
1002,3,882.29,1,Mumbai,basic,0
1003,69,761.62,1,Delhi,standard,0
1004,4,1934.77,2,Pune,basic,1
1005,25,737.07,1,Chennai,basic,0
1006,50,986.48,1,Mumbai,premium,0
1007,24,1797.41,1,Delhi,standard,0
1008,59,743.66,0,Pune,standard,0
1009,1,1080.22,3,Delhi,standard,1
1010,44,379.0,3,Pune,standard,0
1011,29,2640.64,0,Delhi,basic,0
1012,64,802.97,0,Delhi,standard,0
1013,2,1146.25,2,Mumbai,standard,0
1014,37,2456.36,0,Chennai,basic,1
1015,1,1376.03,0,Delhi,standard,0
1016,47,1590.2,2,Pune,premium,0
1017,33,1652.49,3,Pune,standard,0
1018,31,1406.29,1,Delhi,basic,0
1019,44,1452.01,0,Pune,basic,0
1020,57,716.17,2,Mumbai,standard,0
1021,20,884.05,2,Delhi,basic,1
1022,3,,0,Delhi,premium,0
1023,64,889.02,1,Mumbai,standard,0
1024,28,837.52,2,Delhi,basic,0
1025,42,1106.54,1,Delhi,premium,0
1026,26,376.0,2,Mumbai,standard,0
1027,64,844.89,1,Mumbai,basic,0
1028,8,869.75,1,Chennai,basic,0
1029,71,697.08,0,Delhi,standard,0
1030,34,783.55,1,Chennai,standard,0
1031,22,526.2,1,Pune,basic,1
1032,53,2349.79,0,Mumbai,basic,0
1033,44,973.15,1,Mumbai,premium,0
1034,11,1277.62,2,Mumbai,basic,0
1035,57,1352.0,2,Pune,standard,0
1036,71,2891.01,1,Delhi,standard,0
1037,21,1133.03,1,Delhi,basic,0
1038,15,1534.38,2,Chennai,standard,0
1039,56,586.18,1,Mumbai,basic,0
1040,64,1668.22,0,Mumbai,standard,0
1041,61,2407.95,2,Mumbai,premium,0
1042,2,1161.21,2,Mumbai,basic,0
1043,69,1677.36,2,Mumbai,premium,0
1044,37,173.01,1,Mumbai,standard,0
1045,67,837.16,1,Mumbai,premium,0
1046,5,1541.2,2,Pune,standard,0
1047,46,754.56,0,Mumbai,basic,0
1048,21,827.04,1,Delhi,basic,0
1049,10,2494.65,2,Delhi,basic,0
1050,58,1803.73,0,Mumbai,premium,0
1051,23,574.12,0,Pune,standard,0
1052,44,1427.48,4,Mumbai,basic,0
1053,62,888.99,3,Chennai,basic,0
1054,64,421.32,1,Chennai,premium,0
1055,3,452.4,0,Pune,premium,0
1056,35,,0,Pune,premium,0
1057,20,752.66,2,Mumbai,standard,1
1058,8,724.44,0,Delhi,premium,0
1059,28,769.95,2,Chennai,basic,0
1060,-1,1654.16,1,Chennai,basic,0
1061,18,641.72,0,Delhi,basic,0
1062,38,1991.65,4,Chennai,premium,0
1063,47,1083.58,1,Delhi,standard,0
1064,66,1403.12,0,Mumbai,premium,0
1065,16,763.17,0,Chennai,basic,0
1066,70,1183.85,3,Pune,standard,0
1067,15,624.62,1,Delhi,premium,0
1068,54,1678.57,1,Mumbai,basic,0
1069,62,2744.53,0,Mumbai,standard,0
1070,5,1390.06,0,Mumbai,standard,0
1071,46,1429.47,1,Delhi,basic,0
1072,13,1276.99,1,Delhi,basic,0
1073,65,817.04,1,Pune,basic,0
1074,45,1457.63,1,Delhi,basic,0
1075,60,1757.47,2,Chennai,basic,0
1076,42,1557.18,1,Mumbai,standard,0
1077,31,3778.01,1,Chennai,standard,0
1078,65,953.34,2,Pune,basic,1
1079,35,1516.29,1,Delhi,standard,0
1080,35,931.78,2,Chennai,standard,0
1081,6,1965.93,1,Pune,standard,0
1082,20,700.8,4,Mumbai,basic,0
1083,8,589.89,3,Pune,premium,0
1084,9,1135.47,1,Mumbai,premium,0
1085,6,478.03,1,Delhi,basic,0
1086,54,1643.8,3,Mumbai,premium,1
1087,15,794.43,0,Mumbai,standard,0
1088,65,828.76,2,Delhi,basic,0
1089,26,1341.76,1,Chennai,basic,0
1090,52,1419.76,1,Mumbai,premium,0
1091,4,,3,Mumbai,premium,0
1092,12,1414.39,0,Mumbai,basic,0
1093,56,1027.22,2,Delhi,standard,0
1094,44,1955.39,0,Mumbai,basic,0
1095,32,885.2,1,Delhi,standard,0
1096,64,859.64,0,Mumbai,basic,0
1097,60,1247.81,0,Pune,basic,0
1098,34,1559.09,2,Delhi,standard,0
1099,14,1433.78,2,Mumbai,basic,1
1100,3,1392.33,1,Pune,standard,0
1101,62,925.8,4,Chennai,basic,0
1102,20,1688.34,1,Mumbai,basic,0
1103,25,905.46,1,Delhi,basic,0
1104,47,453.28,3,Delhi,standard,0
1105,30,625.52,2,Delhi,standard,0
1106,9,1231.24,1,Mumbai,basic,0
1107,44,1094.23,1,Mumbai,basic,1
1108,25,1213.48,3,Mumbai,standard,0
1109,53,,2,Mumbai,standard,1
1110,70,1577.1,1,Mumbai,standard,0
1111,48,1059.09,3,Mumbai,premium,0
1112,10,691.35,1,Mumbai,standard,0
1113,53,1626.93,2,Delhi,basic,0
1114,31,2052.36,2,Chennai,basic,0
1115,44,1471.92,1,Mumbai,premium,0
1116,47,951.41,2,Delhi,basic,0
1117,51,342.14,0,Pune,basic,0
1118,16,746.83,0,Delhi,standard,0
1119,22,753.22,1,Mumbai,basic,0
1120,58,1552.1,1,Delhi,standard,0
1121,71,578.9,0,Mumbai,basic,0
1122,13,1020.06,2,Pune,basic,0
1123,20,520.31,2,Delhi,basic,0
1124,43,1548.67,1,Pune,standard,0
1125,44,335.79,2,Mumbai,basic,0
1126,3,552.48,2,Pune,standard,1
1127,1,2065.13,0,Pune,basic,1
1128,71,355.13,1,Pune,basic,0
1129,28,1611.31,4,Delhi,basic,0
1130,38,796.05,2,Pune,standard,0
1131,27,2506.48,2,Mumbai,basic,0
1132,17,1832.74,1,Mumbai,premium,0
1133,24,1049.81,1,Chennai,standard,0
1134,10,1015.09,1,Pune,basic,1
1135,6,555.85,0,Delhi,basic,0
1136,3,2492.71,0,Chennai,standard,0
1137,12,1759.5,0,Mumbai,basic,0
1138,19,1397.47,2,Pune,basic,0
1139,65,584.03,2,Delhi,standard,0
1140,60,1211.27,0,Delhi,standard,0
1141,50,1748.22,1,Pune,standard,1
1142,18,1316.04,1,Mumbai,standard,0
1143,37,1477.18,1,Mumbai,standard,0
1144,67,927.25,0,Pune,standard,0
1145,58,1072.72,5,Delhi,premium,1
1146,71,1598.71,1,Mumbai,basic,0
1147,28,897.41,2,Mumbai,premium,0
1148,41,1332.96,0,Delhi,basic,0
1149,67,1298.02,2,Mumbai,basic,1
1150,9,698.64,0,Mumbai,premium,0
1151,25,560.46,1,Pune,basic,1
1152,25,603.99,1,Mumbai,basic,0
1153,34,2244.93,0,Chennai,basic,0
1154,50,1617.69,0,Chennai,premium,0
1155,10,1081.81,1,Delhi,standard,0
1156,27,1239.83,0,Pune,standard,0
1157,28,690.83,1,Pune,basic,0
1158,47,2881.38,0,Chennai,basic,0
1159,45,569.65,2,Mumbai,basic,0
1160,50,1243.7,2,Pune,basic,0
1161,25,306.11,0,Mumbai,premium,0
1162,13,,1,Delhi,basic,0
1163,54,1361.05,0,Delhi,standard,0
1164,21,1010.81,0,Delhi,basic,0
1165,61,1797.14,0,Delhi,standard,0
1166,47,1031.07,1,Mumbai,basic,0
1167,41,453.53,0,Mumbai,standard,0
1168,37,1396.84,2,Mumbai,basic,0
1169,13,1163.25,2,Chennai,basic,0
1170,36,2058.74,0,Pune,premium,0
1171,41,1406.24,3,Mumbai,basic,0
1172,9,785.42,0,Mumbai,basic,1
1173,58,1575.79,2,Delhi,basic,0
1174,65,615.0,1,Pune,premium,0
1175,40,788.26,2,Delhi,basic,1
1176,3,858.73,1,Chennai,premium,0
1177,7,804.97,1,Delhi,basic,1
1178,54,2211.48,0,Delhi,standard,0
1179,29,891.57,2,Chennai,standard,0
1180,21,1418.19,0,Mumbai,basic,0
1181,45,806.67,0,Delhi,basic,0
1182,55,1236.07,1,Mumbai,basic,0
1183,4,1009.16,3,Pune,standard,1
1184,23,428.46,3,Pune,standard,0
1185,32,1374.3,2,Delhi,standard,0
1186,58,2240.25,1,Chennai,standard,0
1187,51,651.24,3,Mumbai,premium,1
1188,44,1160.39,0,Chennai,basic,0
1189,39,798.93,0,Mumbai,standard,0
1190,69,849.97,2,Mumbai,standard,0
1191,28,1413.69,1,Mumbai,basic,0
1192,51,917.3,1,Mumbai,basic,0
1193,65,1795.0,0,Delhi,premium,0
1194,64,590.31,1,Delhi,basic,0
1195,65,516.99,0,Pune,premium,0
1196,26,1105.09,2,Delhi,basic,0
1197,25,1034.85,1,Pune,basic,0
1198,50,947.98,2,Mumbai,standard,0
1199,1,1209.04,2,Delhi,standard,0
1200,49,864.21,2,Delhi,standard,0
1201,15,,2,Mumbai,basic,0
1202,15,1358.42,0,Mumbai,premium,0
1203,54,778.08,2,Mumbai,premium,0
1204,55,898.81,2,Pune,standard,0
1205,57,1491.45,0,Pune,standard,0
1206,39,1828.47,3,Mumbai,basic,0
1207,23,1518.99,2,Mumbai,standard,0
1208,66,1277.14,0,Pune,basic,0
1209,66,705.25,1,Delhi,standard,0
1210,37,1176.36,0,Mumbai,basic,0
1211,31,941.24,1,Chennai,basic,0
1212,62,202.89,1,Pune,basic,0
1213,35,1084.33,2,Mumbai,basic,1
1214,22,1131.08,2,Mumbai,premium,0
1215,9,1105.34,3,Mumbai,basic,1
1216,26,2499.1,2,Pune,standard,0
1217,9,988.5,4,Chennai,basic,0
1218,40,777.25,2,Mumbai,standard,0
1219,43,1087.87,1,Delhi,basic,0
1220,6,2082.45,3,Mumbai,standard,0
1221,31,1323.53,0,Mumbai,standard,0
1222,32,991.91,2,Mumbai,standard,0
1223,27,1603.01,2,Mumbai,standard,0
1224,64,1018.6,0,Chennai,standard,0
1225,15,696.85,1,Mumbai,premium,0
1226,47,1196.13,4,Mumbai,standard,0
1227,1,531.97,2,Delhi,basic,0
1228,67,1091.91,2,Pune,basic,0
1229,62,1296.24,0,Mumbai,standard,0
1230,66,1108.86,0,Chennai,standard,0
1231,40,1211.09,1,Mumbai,premium,0
1232,8,890.48,0,Mumbai,standard,0
1233,59,729.89,2,Pune,basic,0
1234,19,2473.93,3,Pune,premium,0
1235,11,441.78,0,Delhi,premium,0
1236,53,798.06,2,Mumbai,basic,0
1237,22,1002.08,0,Chennai,standard,0
1238,32,368.36,0,Mumbai,basic,1
1239,66,1624.39,0,Delhi,premium,0
1240,57,2109.34,1,Mumbai,standard,0
1241,47,1594.84,1,Mumbai,standard,0
1242,35,1923.44,0,Pune,standard,0
1243,44,3492.29,2,Mumbai,premium,0
1244,14,851.06,1,Delhi,basic,0
1245,39,1231.17,3,Delhi,standard,0
1246,21,1090.39,0,Chennai,basic,0
1247,13,1765.75,1,Mumbai,basic,0
1248,40,1457.61,3,Chennai,basic,1
1249,66,1417.91,3,Delhi,basic,0
1250,64,916.5,3,Pune,standard,1
1251,65,1833.35,0,Pune,standard,0
1252,2,1603.36,3,Mumbai,standard,1
1253,17,392.98,1,Mumbai,basic,0
1254,37,982.31,2,Chennai,standard,0
1255,1,1238.81,0,Mumbai,basic,0
1256,40,1805.39,2,Delhi,premium,0
1257,7,790.2,2,Chennai,standard,0
1258,65,1018.14,1,Chennai,premium,0
1259,9,1256.49,2,Mumbai,premium,0
1260,4,976.36,1,Mumbai,basic,0
1261,18,2257.88,2,Chennai,premium,0
1262,29,1486.09,1,Delhi,standard,1
1263,24,956.75,2,Mumbai,basic,0
1264,51,817.83,0,Mumbai,basic,0
1265,16,1106.48,2,Pune,standard,0
1266,15,1651.52,0,Pune,standard,0
1267,67,1079.21,1,Pune,premium,0
1268,48,1125.93,2,Mumbai,standard,0
1269,51,774.32,0,Chennai,standard,0
1270,19,1156.99,2,Mumbai,basic,0
1271,37,1030.55,1,Chennai,basic,0
1272,38,1678.14,5,Mumbai,standard,0
1273,49,758.58,3,Delhi,premium,1
1274,40,944.39,0,Pune,premium,0
1275,32,408.7,0,Pune,premium,0
1276,8,1563.93,3,Mumbai,premium,0
1277,6,401.64,4,Mumbai,premium,0
1278,39,1554.28,3,Mumbai,standard,0
1279,40,1321.17,1,Pune,basic,0
1280,36,1751.73,1,Mumbai,standard,0
1281,29,1065.09,0,Chennai,premium,0
1282,16,1022.54,2,Mumbai,standard,0
1283,59,2215.27,1,Delhi,basic,0
1284,1,787.89,3,Mumbai,standard,0
1285,36,2481.63,0,Mumbai,basic,0
1286,56,887.64,1,Delhi,premium,0
1287,66,653.66,1,Mumbai,basic,0
1288,33,663.38,1,Delhi,standard,0
1289,10,1146.62,0,Delhi,basic,0
1290,36,3104.2,1,Delhi,standard,0
1291,2,,0,Pune,basic,0
1292,27,1034.54,3,Delhi,basic,0
1293,71,524.56,1,Delhi,standard,0
1294,26,3249.5,2,Mumbai,standard,0
1295,45,2266.67,1,Pune,standard,0
1296,41,1220.46,0,Mumbai,standard,0
1297,69,1477.6,4,Pune,basic,0
1298,40,1908.89,0,Pune,standard,0
1299,54,1006.77,1,Pune,basic,0
1300,26,410.86,3,Pune,basic,0
1301,70,439.43,2,Delhi,basic,0
1302,42,1872.72,0,Chennai,basic,0
1303,35,374.21,2,Delhi,premium,0
1304,26,383.73,4,Mumbai,standard,0
1305,26,1621.21,4,Delhi,basic,0
1306,32,3261.23,0,Chennai,premium,0
1307,17,,0,Mumbai,premium,0
1308,26,1783.84,1,Delhi,basic,0
1309,41,501.01,0,Chennai,premium,0
1310,2,1363.4,0,Pune,standard,0
1311,62,1144.95,0,Mumbai,basic,0
1312,5,1798.95,2,Mumbai,basic,0
1313,54,1474.03,3,Mumbai,basic,0
1314,65,,2,Mumbai,basic,0
1315,20,991.94,0,Mumbai,premium,0
1316,34,1126.37,1,Delhi,standard,0
1317,59,1610.45,0,Delhi,basic,0
1318,10,1075.13,1,Delhi,premium,0
1319,67,2501.78,1,Chennai,basic,0
1320,46,1692.13,1,Chennai,premium,0
1321,42,1091.51,2,Mumbai,premium,0
1322,60,1439.46,3,Pune,basic,0
1323,39,511.15,2,Delhi,basic,0
1324,26,1745.92,3,Mumbai,basic,0
1325,44,1173.1,3,Chennai,basic,0
1326,30,1831.84,4,Pune,standard,0
1327,8,1142.93,0,Delhi,basic,0
1328,66,608.8,0,Delhi,basic,0
1329,43,403.69,2,Delhi,premium,0
1330,66,2355.85,0,Pune,standard,0
1331,16,818.0,2,Delhi,premium,0
1332,59,627.7,1,Mumbai,premium,0
1333,52,809.67,3,Delhi,premium,0
1334,33,,2,Delhi,standard,0
1335,16,727.05,0,Mumbai,standard,0
1336,25,1517.96,1,Delhi,standard,0
1337,11,1156.83,2,Delhi,standard,1
1338,5,532.05,2,Mumbai,basic,0
1339,4,494.11,4,Delhi,standard,1
1340,51,1114.53,2,Mumbai,premium,0
1341,57,566.15,3,Delhi,basic,0
1342,-1,1125.88,1,Delhi,premium,0
1343,68,1174.62,0,Mumbai,basic,0
1344,54,2129.37,0,Pune,premium,0
1345,19,2594.53,3,Mumbai,basic,0
1346,62,539.36,2,Delhi,basic,0
1347,30,945.53,3,Chennai,premium,0
1348,36,670.55,1,Delhi,basic,0
1349,14,1038.92,0,Pune,standard,0
1350,44,2072.44,3,Chennai,premium,0
1351,49,1058.04,1,Delhi,premium,0
1352,45,2059.69,2,Pune,standard,0
1353,63,854.46,2,Mumbai,basic,0
1354,19,2081.67,2,Pune,standard,0
1355,64,1477.02,2,Pune,basic,0
1356,22,888.86,0,Pune,standard,0
1357,40,578.64,1,Pune,premium,0
1358,23,1278.46,4,Delhi,standard,0
1359,55,1368.82,2,Delhi,basic,0
1360,46,1011.54,2,Mumbai,basic,0
1361,70,1098.03,1,Mumbai,basic,0
1362,61,1797.68,3,Chennai,standard,0
1363,19,696.41,1,Chennai,premium,0
1364,53,2046.92,0,Delhi,standard,0
1365,34,1322.64,3,Pune,premium,0
1366,44,2038.75,0,Chennai,basic,0
1367,52,1159.54,1,Delhi,premium,0
1368,7,1398.35,2,Mumbai,standard,0
1369,-1,608.02,2,Delhi,basic,1
1370,27,320.99,2,Delhi,basic,0
1371,30,325.05,2,Delhi,basic,1
1372,32,1530.72,0,Chennai,standard,0
1373,69,1200.79,1,Delhi,basic,0
1374,49,2399.27,0,Delhi,basic,1
1375,37,931.01,1,Mumbai,premium,0
1376,59,816.26,0,Delhi,basic,0
1377,-1,839.92,1,Chennai,standard,0
1378,34,2009.45,0,Delhi,standard,0
1379,59,409.91,1,Pune,basic,0
1380,58,1253.28,2,Pune,basic,1
1381,-1,938.85,1,Delhi,basic,0
1382,33,1070.36,1,Pune,basic,0
1383,64,,1,Delhi,basic,0
1384,18,809.57,3,Pune,basic,0
1385,51,991.68,1,Mumbai,standard,0
1386,8,1979.57,0,Delhi,basic,0
1387,16,2544.67,1,Mumbai,standard,0
1388,22,1133.69,1,Delhi,basic,0
1389,48,754.53,1,Chennai,standard,0
1390,33,463.32,0,Mumbai,basic,1
1391,10,1134.17,0,Pune,basic,0
1392,53,1657.93,1,Mumbai,basic,0
1393,51,1357.46,2,Pune,standard,0
1394,62,639.42,0,Mumbai,standard,0
1395,23,1489.67,0,Chennai,basic,0
1396,30,717.26,1,Pune,standard,0
1397,6,691.87,0,Mumbai,basic,0
1398,22,515.87,1,Pune,premium,0
1399,-1,2198.33,1,Delhi,basic,0
1400,38,1204.47,2,Mumbai,basic,0
1401,14,527.55,1,Delhi,basic,0
1402,27,825.15,2,Chennai,basic,0
1403,66,637.08,2,Mumbai,premium,0
1404,18,512.79,2,Mumbai,basic,0
1405,57,959.5,1,Chennai,basic,0
1406,54,1428.87,0,Mumbai,standard,0
1407,68,571.21,2,Delhi,basic,1
1408,19,161.16,0,Delhi,premium,0
1409,20,2075.64,2,Delhi,standard,0
1410,-1,910.04,0,Mumbai,standard,0
1411,29,335.79,0,Pune,basic,0
1412,47,350.98,0,Chennai,basic,0
1413,9,1609.35,0,Chennai,standard,0
1414,23,337.48,1,Delhi,basic,0
1415,58,808.92,3,Mumbai,basic,1
1416,57,1591.57,1,Mumbai,standard,0
1417,67,323.01,0,Mumbai,basic,0
1418,23,1094.81,3,Chennai,basic,1
1419,4,583.56,1,Delhi,standard,0
1420,60,1002.63,1,Mumbai,basic,0
1421,41,1648.32,0,Delhi,standard,0
1422,47,1075.75,1,Pune,standard,0
1423,36,857.66,1,Delhi,standard,0
1424,7,951.43,1,Delhi,standard,0
1425,4,1340.34,2,Mumbai,standard,1
1426,33,1053.81,1,Chennai,standard,0
1427,47,1130.91,2,Chennai,premium,0
1428,14,432.52,1,Delhi,standard,1
1429,6,580.22,1,Delhi,basic,0
1430,35,1178.13,0,Delhi,standard,0
1431,12,453.57,3,Delhi,premium,1
1432,4,1331.84,1,Mumbai,standard,0
1433,43,295.56,1,Pune,standard,0
1434,6,1041.08,3,Chennai,standard,0
1435,59,1030.45,2,Delhi,basic,0
1436,39,1688.43,1,Delhi,premium,0
1437,69,1024.82,5,Pune,standard,0
1438,51,1354.13,2,Chennai,basic,0
1439,53,861.6,2,Delhi,basic,0
1440,12,1093.57,0,Mumbai,basic,0
1441,1,1209.37,0,Delhi,standard,0
1442,40,2134.26,3,Chennai,basic,0
1443,21,808.99,0,Mumbai,premium,0
1444,51,1321.43,1,Mumbai,standard,0
1445,26,791.33,2,Mumbai,basic,0
1446,60,939.68,1,Chennai,basic,0
1447,39,933.32,1,Delhi,basic,0
1448,32,1342.13,1,Mumbai,premium,0
1449,29,2076.17,2,Chennai,standard,0
1450,71,1473.17,1,Mumbai,premium,0
1451,58,944.39,2,Chennai,basic,0
1452,70,2151.28,0,Pune,basic,0
1453,-1,2364.6,1,Chennai,basic,0
1454,59,752.36,2,Delhi,standard,0
1455,49,869.89,4,Delhi,premium,0
1456,25,914.68,0,Mumbai,standard,0
1457,64,2690.07,0,Pune,standard,0
1458,13,727.62,2,Delhi,standard,0
1459,43,920.36,1,Pune,premium,0
1460,15,486.72,1,Pune,basic,0
1461,59,1230.34,3,Pune,premium,0
1462,66,1223.02,2,Pune,premium,0
1463,2,521.98,0,Delhi,basic,0
1464,4,,1,Pune,standard,1
1465,29,511.71,2,Mumbai,standard,0
1466,30,1264.05,0,Pune,standard,0
1467,55,1434.75,3,Pune,premium,0
1468,60,1696.67,0,Chennai,basic,0
1469,9,,2,Mumbai,standard,0
1470,16,1399.69,2,Mumbai,basic,0
1471,40,1418.73,2,Mumbai,standard,0
1472,9,1051.54,0,Chennai,basic,0
1473,28,2030.54,1,Mumbai,premium,0
1474,18,1706.1,0,Mumbai,basic,0
1475,23,253.64,2,Mumbai,standard,0
1476,51,1975.89,0,Chennai,standard,0
1477,59,316.17,0,Mumbai,basic,0
1478,45,1567.41,2,Delhi,standard,0
1479,58,1143.71,0,Pune,standard,0
1480,7,1560.23,1,Mumbai,basic,0
1481,27,982.93,0,Delhi,standard,0
1482,11,1553.67,2,Mumbai,premium,1
1483,28,,0,Mumbai,standard,0
1484,42,1297.39,0,Chennai,premium,0
1485,60,1996.41,1,Delhi,standard,0
1486,39,1823.81,0,Delhi,standard,0
1487,34,1510.43,5,Chennai,premium,0
1488,52,1638.91,1,Delhi,basic,1
1489,67,996.19,1,Chennai,basic,1
1490,17,713.36,0,Chennai,basic,0
1491,4,2279.52,1,Delhi,basic,0
1492,39,1363.82,1,Pune,basic,0
1493,64,1334.13,1,Mumbai,basic,0
1494,59,1289.69,2,Mumbai,premium,0
1495,14,955.82,1,Chennai,basic,0
1496,69,2234.2,1,Delhi,premium,0
1497,60,1652.04,2,Mumbai,premium,0
1498,54,993.52,0,Chennai,basic,0
1499,39,741.28,4,Pune,standard,1
1500,63,2187.12,1,Chennai,standard,0
1501,2,2576.56,0,Delhi,standard,1
1502,15,1166.36,0,Mumbai,premium,0
1503,52,928.12,3,Mumbai,standard,0
1504,35,610.01,0,Mumbai,premium,0
1505,1,1397.99,2,Delhi,standard,0
1506,70,859.48,1,Mumbai,basic,0
1507,41,1214.19,0,Mumbai,premium,0
1508,44,1045.51,1,Mumbai,premium,0
1509,57,549.13,2,Chennai,basic,0
1510,11,1015.81,0,Pune,basic,0
1511,41,216.72,4,Delhi,standard,0
1512,28,,1,Mumbai,basic,0
1513,7,1096.96,1,Chennai,premium,0
1514,14,846.04,0,Mumbai,basic,0
1515,46,1644.75,2,Mumbai,basic,0
1516,59,2558.16,2,Chennai,basic,0
1517,8,2424.04,0,Mumbai,basic,1
1518,-1,1200.24,2,Pune,basic,0
1519,3,227.01,1,Chennai,premium,0
1520,32,1037.36,3,Delhi,standard,0
1521,36,1957.97,1,Mumbai,premium,0
1522,35,2219.5,1,Delhi,basic,1
1523,14,1150.32,1,Mumbai,basic,1
1524,36,588.7,1,Chennai,standard,0
1525,36,1171.16,0,Pune,premium,0
1526,60,1601.91,0,Mumbai,premium,0
1527,57,1837.36,1,Mumbai,standard,0
1528,4,514.3,1,Pune,basic,0
1529,54,1100.0,0,Delhi,premium,0
1530,14,2691.81,0,Delhi,premium,0
1531,26,458.24,1,Delhi,standard,0
1532,15,1621.89,1,Mumbai,standard,0
1533,60,728.96,2,Pune,basic,0
1534,-1,598.7,1,Delhi,premium,0
1535,26,689.9,0,Delhi,basic,0
1536,65,523.75,0,Delhi,premium,0
1537,51,762.29,2,Pune,premium,0
1538,52,2581.79,2,Chennai,standard,0
1539,62,917.12,3,Delhi,basic,0
1540,32,757.1,2,Chennai,basic,0
1541,12,891.17,0,Pune,premium,0
1542,24,2304.91,0,Delhi,standard,0
1543,3,2330.67,0,Mumbai,premium,0
1544,58,723.82,1,Chennai,standard,0
1545,23,1321.92,1,Delhi,standard,0
1546,46,1383.27,0,Mumbai,basic,0
1547,28,587.23,0,Chennai,standard,0
1548,50,840.15,2,Mumbai,standard,0
1549,28,1482.12,1,Mumbai,basic,0
1550,64,206.17,0,Pune,basic,0
1551,67,686.25,0,Pune,standard,0
1552,4,1185.62,2,Pune,standard,0
1553,26,,2,Delhi,basic,1
1554,58,815.38,1,Mumbai,premium,0
1555,12,1869.42,1,Mumbai,basic,0
1556,71,385.78,0,Delhi,premium,0
1557,23,1254.48,0,Mumbai,standard,0
1558,36,1531.29,2,Pune,basic,0
1559,28,1273.42,1,Delhi,premium,0
1560,6,843.69,1,Delhi,basic,1
1561,14,1154.67,5,Chennai,standard,0
1562,7,2267.89,1,Delhi,basic,1
1563,25,890.96,2,Delhi,premium,0
1564,65,2062.37,2,Chennai,basic,1
1565,22,731.2,2,Delhi,basic,1
1566,13,1580.91,2,Mumbai,standard,0
1567,67,881.36,2,Delhi,standard,0
1568,55,1380.87,1,Delhi,basic,0
1569,9,2189.24,0,Pune,standard,0
1570,54,622.68,2,Chennai,basic,0
1571,15,502.52,0,Mumbai,standard,0
1572,29,721.74,1,Delhi,premium,0
1573,39,813.04,1,Chennai,standard,0
1574,17,1308.88,0,Mumbai,basic,0
1575,29,805.15,2,Chennai,premium,0
1576,9,1419.64,0,Mumbai,standard,0
1577,68,1236.37,4,Mumbai,premium,0
1578,21,1108.43,0,Mumbai,standard,0
1579,29,313.94,1,Pune,standard,1
1580,46,1552.22,1,Mumbai,standard,0
1581,14,469.19,0,Pune,premium,0
1582,59,1562.86,4,Pune,basic,0
1583,68,545.98,0,Pune,standard,1
1584,35,1755.45,3,Pune,standard,1
1585,10,1109.89,0,Pune,standard,0
1586,9,1277.53,3,Mumbai,basic,1
1587,25,1215.45,0,Delhi,standard,0
1588,59,1084.54,1,Mumbai,standard,0
1589,3,1456.35,0,Mumbai,standard,0
1590,36,1517.18,0,Mumbai,basic,0
1591,45,1210.18,0,Pune,basic,0
1592,32,2037.14,2,Mumbai,standard,0
1593,40,1256.17,0,Chennai,standard,0
1594,53,877.94,3,Pune,premium,0
1595,51,1382.56,1,Mumbai,basic,0
1596,3,677.53,3,Chennai,premium,0
1597,55,1207.22,2,Pune,premium,0
1598,13,3042.58,0,Pune,standard,0
1599,61,280.28,1,Delhi,standard,0
1600,3,1365.52,4,Mumbai,standard,0
1601,45,2501.05,2,Chennai,basic,0
1602,19,1534.03,1,Mumbai,standard,1
1603,17,1164.04,1,Mumbai,basic,0
1604,34,1168.58,0,Delhi,basic,0
1605,1,1855.1,2,Chennai,basic,0
1606,14,2365.76,2,Mumbai,standard,0
1607,33,632.6,0,Mumbai,basic,0
1608,3,1090.01,1,Delhi,standard,1
1609,12,2211.23,0,Pune,basic,0
1610,6,728.78,1,Mumbai,basic,0
1611,23,1247.7,1,Delhi,standard,0
1612,26,648.98,0,Chennai,standard,0
1613,55,1845.0,2,Mumbai,standard,0
1614,32,1176.8,1,Mumbai,standard,0
1615,14,1108.35,0,Mumbai,standard,0
1616,13,520.47,2,Chennai,basic,0
1617,58,993.98,0,Delhi,basic,0
1618,-1,2143.12,1,Mumbai,premium,0
1619,18,1164.21,2,Pune,basic,0
1620,46,635.14,0,Delhi,standard,0
1621,20,1529.8,1,Chennai,standard,0
1622,25,1062.78,2,Pune,basic,0
1623,9,766.76,3,Delhi,standard,0
1624,37,604.34,2,Chennai,premium,0
1625,45,1853.15,2,Delhi,standard,0
1626,14,704.31,1,Mumbai,standard,0
1627,64,875.39,0,Pune,standard,0
1628,-1,554.96,1,Delhi,basic,0
1629,69,968.78,2,Mumbai,standard,0
1630,28,1289.65,1,Delhi,standard,0
1631,31,1320.69,1,Pune,standard,0
1632,48,381.31,0,Pune,standard,0
1633,40,330.39,0,Chennai,premium,0
1634,56,411.84,0,Delhi,premium,0
1635,9,2007.36,0,Chennai,basic,0
1636,23,1997.67,5,Mumbai,basic,1
1637,9,1424.09,0,Mumbai,premium,0
1638,48,479.0,2,Pune,standard,0
1639,19,859.37,0,Mumbai,basic,0
1640,18,510.5,1,Pune,standard,0
1641,28,959.5,1,Chennai,basic,0
1642,63,1760.75,1,Delhi,basic,0
1643,70,1203.01,0,Pune,standard,0
1644,9,1285.88,1,Chennai,standard,0
1645,37,729.64,2,Mumbai,standard,0
1646,43,781.4,0,Delhi,basic,0
1647,4,761.7,1,Delhi,basic,1
1648,17,,2,Delhi,basic,0
1649,13,708.52,3,Mumbai,basic,0
1650,23,1258.0,3,Mumbai,standard,0
1651,31,4326.06,0,Mumbai,basic,0
1652,28,,2,Delhi,basic,0
1653,28,502.33,1,Mumbai,premium,0
1654,14,856.56,0,Delhi,basic,0
1655,50,1441.88,1,Chennai,basic,0
1656,38,1060.51,1,Chennai,premium,0
1657,15,252.08,1,Mumbai,basic,0
1658,64,2518.42,0,Delhi,premium,1
1659,27,857.31,1,Chennai,premium,0
1660,70,1388.31,1,Pune,basic,0
1661,4,952.69,0,Mumbai,premium,0
1662,8,529.83,1,Pune,basic,1
1663,40,691.68,1,Mumbai,standard,0
1664,6,516.09,1,Delhi,basic,0
1665,42,897.17,2,Delhi,basic,0
1666,28,1080.72,1,Chennai,standard,0
1667,5,988.61,0,Pune,standard,0
1668,68,922.63,1,Mumbai,premium,0
1669,16,1306.74,2,Mumbai,standard,0
1670,52,2127.1,1,Delhi,basic,0
1671,25,1054.41,3,Mumbai,basic,0
1672,25,1404.44,0,Delhi,basic,0
1673,9,601.65,0,Delhi,standard,0
1674,68,449.88,1,Pune,basic,0
1675,61,1158.99,2,Chennai,standard,0
1676,-1,1663.19,0,Pune,basic,0
1677,52,1406.01,1,Mumbai,standard,0
1678,29,854.71,2,Chennai,premium,0
1679,18,1863.28,2,Chennai,standard,0
1680,68,879.29,1,Mumbai,basic,0
1681,19,588.11,0,Mumbai,basic,0
1682,58,904.84,0,Delhi,basic,0
1683,39,683.01,3,Delhi,standard,0
1684,50,2546.52,3,Delhi,standard,0
1685,7,404.56,0,Chennai,premium,0
1686,55,1358.55,1,Pune,basic,0
1687,67,1184.1,1,Mumbai,premium,0
1688,67,700.59,0,Pune,basic,0
1689,49,731.01,4,Mumbai,standard,0
1690,52,972.09,0,Pune,standard,0
1691,18,1333.19,1,Mumbai,basic,0
1692,48,782.12,1,Delhi,standard,0
1693,9,1021.77,0,Delhi,basic,0
1694,33,1148.05,0,Chennai,basic,0
1695,41,1047.13,1,Mumbai,basic,1
1696,69,720.25,1,Mumbai,premium,0
1697,23,,2,Delhi,premium,0
1698,20,826.47,2,Chennai,basic,0
1699,33,1243.1,2,Delhi,basic,0
1700,63,660.59,3,Pune,premium,0
1701,46,1261.0,2,Delhi,standard,0
1702,17,700.07,2,Delhi,basic,0
1703,30,1301.86,2,Delhi,standard,0
1704,17,496.52,3,Mumbai,standard,1
1705,64,496.38,0,Delhi,basic,0
1706,17,1506.82,1,Mumbai,basic,0
1707,54,1139.64,0,Delhi,basic,0
1708,64,1965.17,2,Chennai,premium,0
1709,8,456.31,1,Mumbai,premium,1
1710,53,1502.34,2,Mumbai,standard,0
1711,4,2252.24,0,Mumbai,premium,1
1712,19,1405.17,1,Mumbai,premium,0
1713,8,1856.28,0,Delhi,basic,0
1714,12,,0,Delhi,standard,0
1715,14,1269.91,3,Mumbai,basic,0
1716,50,668.49,3,Mumbai,basic,1
1717,60,599.52,2,Chennai,basic,0
1718,11,,1,Mumbai,basic,1
1719,43,1110.27,2,Mumbai,standard,0
1720,66,494.9,0,Mumbai,basic,0
1721,48,932.85,1,Delhi,premium,0
1722,9,638.92,1,Delhi,standard,0
1723,62,1483.38,1,Mumbai,basic,0
1724,48,1013.62,4,Mumbai,basic,1
1725,39,584.25,1,Mumbai,premium,0
1726,16,450.95,1,Mumbai,basic,0
1727,5,2236.7,2,Mumbai,basic,0
1728,46,1978.81,0,Delhi,premium,0
1729,35,1985.75,1,Mumbai,basic,0
1730,66,1114.22,2,Delhi,basic,0
1731,65,870.81,1,Delhi,basic,0
1732,60,932.48,2,Mumbai,premium,0
1733,56,1003.18,1,Pune,premium,0
1734,44,358.61,0,Chennai,basic,0
1735,34,504.47,0,Mumbai,premium,0
1736,36,561.56,2,Delhi,premium,0
1737,64,932.24,1,Chennai,premium,0
1738,31,3108.26,1,Pune,basic,0
1739,69,1413.41,1,Pune,premium,0
1740,50,1704.58,2,Pune,standard,0
1741,10,994.77,0,Pune,standard,0
1742,55,1602.25,0,Pune,basic,0
1743,26,831.94,0,Chennai,standard,0
1744,47,1736.99,1,Delhi,premium,0
1745,25,,1,Mumbai,premium,0
1746,34,1297.39,1,Delhi,basic,0
1747,6,1470.79,4,Mumbai,basic,1
1748,53,1100.3,0,Mumbai,basic,0
1749,27,1046.99,3,Pune,premium,0
1750,25,,1,Mumbai,basic,0
1751,42,2364.4,2,Delhi,basic,0
1752,19,1818.58,1,Chennai,basic,1
1753,-1,1426.37,1,Mumbai,standard,0
1754,4,,3,Mumbai,premium,1
1755,17,1103.06,1,Delhi,premium,0
1756,14,1703.88,1,Chennai,basic,0
1757,70,1977.66,1,Delhi,basic,0
1758,69,1388.09,2,Delhi,standard,0
1759,21,744.99,0,Mumbai,standard,0
1760,45,1017.7,3,Chennai,premium,0
1761,71,1392.04,1,Delhi,basic,0
1762,27,275.45,1,Pune,basic,0
1763,28,946.96,0,Mumbai,basic,0
1764,68,1225.98,2,Mumbai,basic,1
1765,46,1132.86,2,Pune,basic,0
1766,5,511.66,2,Delhi,basic,0
1767,19,1223.91,0,Mumbai,premium,0
1768,23,1657.95,2,Chennai,standard,0
1769,15,1122.77,1,Mumbai,premium,0
1770,30,2838.66,1,Mumbai,basic,0
1771,3,1860.81,1,Mumbai,standard,0
1772,18,615.32,2,Pune,basic,1
1773,8,882.85,1,Pune,basic,0
1774,58,1161.4,0,Chennai,basic,0
1775,47,860.81,1,Pune,basic,1
1776,19,1766.86,1,Chennai,standard,0
1777,23,2550.48,4,Delhi,standard,0
1778,35,906.77,1,Mumbai,basic,0
1779,50,1426.37,2,Chennai,premium,0
1780,69,3009.63,1,Chennai,premium,0
1781,34,1711.62,3,Delhi,basic,1
1782,35,1437.91,1,Pune,basic,1
1783,1,151.31,2,Delhi,basic,0
1784,17,1119.87,0,Mumbai,standard,0
1785,6,2783.33,0,Pune,standard,0
1786,43,910.02,2,Delhi,premium,0
1787,10,1299.28,0,Delhi,standard,1
1788,61,993.05,1,Mumbai,premium,0
1789,32,,0,Delhi,standard,0
1790,26,1565.32,1,Chennai,basic,0
1791,22,1376.92,1,Pune,standard,0
1792,6,641.69,2,Delhi,standard,0
1793,33,748.98,1,Mumbai,basic,0
1794,30,,0,Delhi,premium,0
1795,3,801.15,3,Chennai,standard,0
1796,58,991.67,2,Delhi,premium,0
1797,5,972.14,2,Pune,basic,1
1798,11,1179.47,0,Pune,basic,0
1799,69,3411.84,2,Delhi,basic,0
1800,22,1646.39,0,Pune,standard,0
1801,2,1551.56,5,Pune,standard,0
1802,15,1997.36,1,Mumbai,basic,0
1803,43,541.32,0,Mumbai,standard,0
1804,65,1168.41,2,Mumbai,basic,0
1805,30,1026.12,1,Delhi,standard,0
1806,60,784.46,0,Delhi,standard,0
1807,54,923.59,1,Delhi,standard,0
1808,10,1472.46,3,Mumbai,standard,0
1809,21,877.53,0,Mumbai,standard,0
1810,9,1970.9,0,Mumbai,standard,0
1811,22,2436.3,3,Delhi,basic,0
1812,17,747.5,3,Delhi,basic,1
1813,9,889.3,0,Delhi,basic,0
1814,55,2036.56,1,Mumbai,standard,0
1815,61,,0,Delhi,basic,0
1816,7,381.91,0,Chennai,basic,0
1817,28,1212.38,2,Delhi,standard,0
1818,41,726.43,1,Chennai,basic,0
1819,8,967.46,0,Mumbai,premium,0
1820,51,678.4,1,Pune,standard,0
1821,53,1314.35,2,Chennai,basic,1
1822,66,1608.27,1,Mumbai,basic,1
1823,39,1840.9,0,Mumbai,standard,0
1824,69,518.25,0,Chennai,standard,0
1825,64,1510.49,0,Delhi,basic,0
1826,31,,3,Delhi,premium,1
1827,19,2972.51,1,Pune,standard,0
1828,61,690.25,1,Mumbai,basic,0
1829,3,1335.48,0,Delhi,premium,0
1830,71,935.72,0,Pune,basic,0
1831,32,1314.71,3,Chennai,standard,0
1832,71,634.32,3,Mumbai,standard,0
1833,26,1142.59,1,Mumbai,premium,0
1834,61,2222.87,0,Delhi,standard,0
1835,8,516.67,2,Pune,basic,0
1836,44,131.33,1,Pune,standard,0
1837,60,497.17,0,Pune,basic,0
1838,8,,2,Delhi,premium,0
1839,71,527.48,2,Mumbai,basic,0
1840,40,1278.01,0,Chennai,basic,0
1841,7,918.13,1,Mumbai,standard,1
1842,1,826.73,2,Delhi,standard,0
1843,36,1828.03,3,Delhi,premium,0
1844,57,1716.98,1,Chennai,premium,0
1845,22,1241.37,4,Delhi,premium,0
1846,14,1534.84,1,Pune,basic,0
1847,40,2083.79,2,Pune,standard,0
1848,34,832.82,1,Chennai,standard,0
1849,25,1537.87,1,Delhi,basic,1
1850,10,1636.13,0,Delhi,standard,0
1851,64,1415.97,1,Delhi,premium,0
1852,58,1095.99,1,Mumbai,standard,0
1853,39,1609.93,2,Pune,standard,0
1854,32,1770.34,0,Mumbai,basic,0
1855,58,1137.61,1,Delhi,basic,0
1856,28,2581.11,2,Mumbai,basic,1
1857,66,2086.27,0,Chennai,standard,0
1858,4,1085.86,0,Delhi,basic,0
1859,1,2057.08,0,Pune,basic,0
1860,50,1187.67,0,Mumbai,premium,0
1861,38,531.08,3,Pune,standard,0
1862,3,1310.49,1,Chennai,basic,1
1863,25,2234.3,1,Pune,basic,0
1864,22,2475.58,1,Delhi,basic,0
1865,47,1555.74,0,Mumbai,standard,0
1866,59,1219.9,1,Pune,standard,0
1867,55,1072.47,3,Delhi,standard,1
1868,33,578.65,0,Pune,standard,0
1869,-1,1151.4,2,Delhi,basic,0
1870,21,1208.3,1,Pune,standard,0
1871,16,4124.85,3,Delhi,basic,0
1872,61,1584.72,3,Pune,basic,0
1873,71,1245.79,0,Delhi,basic,0
1874,17,36.0,2,Delhi,basic,1
1875,60,1104.81,0,Mumbai,premium,0
1876,70,1463.77,1,Mumbai,basic,0
1877,70,1392.92,1,Delhi,premium,0
1878,21,428.03,2,Chennai,standard,0
1879,17,1842.1,1,Delhi,standard,1
1880,17,601.79,1,Mumbai,basic,0
1881,42,1831.55,3,Pune,premium,0
1882,64,925.82,1,Chennai,standard,0
1883,47,1091.31,1,Mumbai,basic,0
1884,2,636.5,0,Delhi,basic,0
1885,31,934.6,3,Pune,basic,1
1886,63,1304.54,3,Mumbai,basic,0
1887,15,1083.73,1,Mumbai,standard,0
1888,40,786.78,1,Chennai,basic,0
1889,42,1647.23,2,Delhi,basic,0
1890,58,,2,Delhi,basic,0
1891,62,681.0,2,Chennai,premium,0
1892,30,2072.07,1,Mumbai,basic,0
1893,12,1684.32,2,Delhi,basic,0
1894,18,628.32,0,Delhi,basic,0
1895,29,510.15,0,Mumbai,basic,0
1896,32,804.24,2,Pune,premium,0
1897,9,1531.62,1,Chennai,basic,0
1898,14,1017.86,1,Mumbai,premium,0
1899,24,768.18,1,Delhi,premium,0
1900,3,558.89,3,Delhi,basic,0
1901,59,692.16,1,Mumbai,standard,0
1902,25,989.31,1,Mumbai,premium,0
1903,14,554.06,1,Mumbai,standard,0
1904,46,1349.74,2,Delhi,basic,0
1905,12,1843.89,3,Chennai,standard,1
1906,17,5042.42,1,Chennai,basic,0
1907,30,1105.18,1,Chennai,basic,0
1908,8,811.99,2,Pune,standard,0
1909,63,1443.76,1,Mumbai,basic,0
1910,52,1280.8,0,Pune,basic,0
1911,32,612.32,0,Mumbai,premium,0
1912,2,,3,Delhi,basic,1
1913,19,1162.16,1,Delhi,standard,0
1914,62,557.75,1,Chennai,basic,0
1915,50,1140.27,2,Mumbai,basic,0
1916,1,572.4,2,Chennai,basic,1
1917,61,1203.31,2,Pune,basic,0
1918,17,1307.22,1,Mumbai,basic,0
1919,13,1029.18,2,Mumbai,standard,0
1920,32,590.58,2,Chennai,standard,0
1921,7,497.93,0,Chennai,standard,0
1922,19,124.77,3,Delhi,basic,0
1923,48,1357.58,1,Pune,premium,0
1924,38,575.72,2,Mumbai,standard,0
1925,63,910.77,1,Mumbai,premium,1
1926,55,798.29,1,Delhi,basic,0
1927,30,2123.9,0,Chennai,standard,0
1928,36,2682.99,2,Delhi,basic,0
1929,15,1025.66,1,Pune,standard,0
1930,34,743.22,1,Mumbai,basic,0
1931,3,2008.22,1,Mumbai,standard,0
1932,44,657.08,0,Mumbai,basic,0
1933,11,,2,Chennai,basic,0
1934,24,1774.96,1,Pune,basic,0
1935,51,994.16,0,Pune,premium,0
1936,30,3127.01,2,Mumbai,standard,0
1937,4,1353.05,1,Delhi,basic,0
1938,29,1044.71,1,Mumbai,standard,0
1939,11,914.78,3,Delhi,premium,0
1940,19,591.44,0,Mumbai,standard,0
1941,67,1461.38,1,Delhi,basic,0
1942,38,308.3,3,Delhi,basic,0
1943,53,955.88,1,Delhi,standard,0
1944,71,1120.62,0,Delhi,basic,0
1945,23,663.26,0,Delhi,basic,0
1946,45,874.67,1,Delhi,basic,0
1947,30,1020.22,3,Pune,standard,0
1948,7,748.64,0,Delhi,standard,1
1949,49,1170.9,2,Mumbai,premium,0
1950,19,1341.86,0,Delhi,standard,0
1951,11,1096.16,0,Mumbai,standard,0
1952,36,1663.84,0,Delhi,basic,0
1953,40,3128.53,3,Delhi,premium,0
1954,9,1934.93,2,Chennai,standard,0
1955,68,556.63,0,Chennai,premium,0
1956,46,974.22,0,Mumbai,basic,0
1957,17,966.62,3,Pune,basic,0
1958,49,1283.05,1,Delhi,standard,0
1959,32,976.97,0,Mumbai,standard,0
1960,45,1482.1,2,Mumbai,standard,0
1961,27,2260.97,3,Mumbai,standard,0
1962,39,1005.11,0,Chennai,basic,0
1963,17,1276.28,2,Delhi,basic,1
1964,19,1729.87,2,Mumbai,basic,1
1965,26,1158.73,0,Delhi,basic,0
1966,27,589.67,1,Mumbai,basic,0
1967,10,1817.03,1,Mumbai,premium,0
1968,19,1886.69,3,Delhi,standard,0
1969,43,496.7,1,Chennai,basic,0
1970,35,670.4,2,Delhi,standard,0
1971,14,1627.48,4,Chennai,basic,0
1972,62,1393.87,2,Delhi,standard,0
1973,16,916.96,2,Mumbai,premium,0
1974,25,1019.42,2,Pune,standard,0
1975,1,1245.48,3,Delhi,basic,1
1976,51,1765.75,0,Delhi,standard,0
1977,60,760.4,1,Pune,premium,0
1978,30,613.86,0,Delhi,basic,0
1979,59,477.28,1,Chennai,basic,0
1980,34,1168.24,0,Pune,basic,0
1981,19,1010.42,0,Pune,basic,0
1982,67,315.71,1,Delhi,standard,0
1983,54,822.17,0,Delhi,basic,0
1984,20,2029.26,1,Mumbai,standard,0
1985,27,627.35,2,Delhi,basic,0
1986,63,873.3,4,Delhi,basic,0
1987,65,2671.29,3,Mumbai,basic,0
1988,7,1231.92,1,Pune,standard,0
1989,46,1556.11,2,Mumbai,premium,0
1990,53,429.14,0,Delhi,standard,0
1991,37,626.55,1,Delhi,basic,0
1992,26,928.63,3,Pune,standard,0
1993,55,,2,Pune,basic,0
1994,62,1274.7,0,Delhi,basic,0
1995,56,1946.13,1,Delhi,premium,0
1996,7,741.19,2,Mumbai,basic,0
1997,45,407.82,2,Chennai,basic,0
1998,58,1209.25,2,Mumbai,standard,0
1999,55,1938.93,2,Pune,basic,0
2000,59,1191.81,1,Chennai,basic,0
2001,60,1377.72,2,Chennai,premium,0
2002,70,683.62,2,Pune,premium,0
2003,28,1273.66,2,Mumbai,standard,0
2004,52,823.85,4,Mumbai,premium,0
2005,30,1101.05,2,Pune,basic,0
2006,14,1601.09,1,Mumbai,standard,0
2007,30,830.45,2,Delhi,basic,0
2008,50,1429.25,1,Mumbai,standard,0
2009,34,927.53,3,Pune,basic,0
2010,23,859.35,2,Chennai,standard,0
2011,54,573.22,1,Delhi,standard,0
2012,70,798.54,0,Delhi,standard,0
2013,11,1117.83,0,Delhi,standard,0
2014,59,1119.31,1,Delhi,basic,0
2015,44,1253.0,1,Delhi,premium,0
2016,41,1127.06,3,Mumbai,standard,0
2017,70,583.2,2,Mumbai,basic,1
2018,7,1356.5,3,Chennai,standard,0
2019,33,1806.11,0,Mumbai,basic,0
2020,27,,1,Mumbai,standard,0
2021,28,1495.36,0,Mumbai,standard,0
2022,43,738.58,0,Mumbai,standard,0
2023,32,1404.07,3,Mumbai,basic,0
2024,68,583.58,0,Mumbai,basic,0
2025,71,372.24,0,Chennai,basic,0
2026,11,563.42,3,Mumbai,premium,0
2027,27,1181.69,0,Delhi,standard,0
2028,22,,2,Pune,basic,0
2029,61,1726.39,0,Mumbai,basic,0
2030,54,1247.99,1,Chennai,basic,0
2031,27,960.58,1,Pune,basic,0
2032,70,1801.06,0,Delhi,standard,0
2033,32,1638.13,1,Delhi,basic,1
2034,71,926.07,2,Delhi,standard,0
2035,60,1085.21,1,Chennai,standard,0
2036,20,1534.51,0,Delhi,basic,0
2037,57,1587.44,3,Mumbai,standard,0
2038,52,1974.44,2,Chennai,basic,0
2039,4,1776.08,5,Delhi,standard,0
2040,12,804.36,0,Chennai,standard,0
2041,39,1428.3,1,Delhi,standard,0
2042,5,1434.03,0,Mumbai,standard,1
2043,33,484.64,1,Pune,basic,0
2044,44,1789.13,2,Chennai,premium,0
2045,25,1299.19,0,Delhi,basic,0
2046,29,2601.06,1,Delhi,standard,0
2047,37,1832.94,0,Chennai,premium,0
2048,42,,1,Mumbai,premium,0
2049,3,743.59,0,Pune,standard,0
2050,25,419.26,2,Mumbai,standard,0
2051,68,455.05,2,Delhi,premium,0
2052,1,834.15,1,Delhi,basic,0
2053,20,632.34,0,Mumbai,basic,0
2054,15,755.83,1,Mumbai,standard,0
2055,70,673.77,2,Mumbai,standard,0
2056,3,2408.56,4,Pune,basic,1
2057,20,,2,Mumbai,premium,0
2058,58,2675.62,2,Delhi,premium,0
2059,3,656.64,4,Pune,basic,1
2060,6,1234.11,2,Pune,standard,0
2061,48,1231.1,0,Delhi,premium,0
2062,12,552.5,2,Chennai,basic,0
2063,46,1437.32,2,Pune,basic,0
2064,5,504.97,2,Chennai,basic,1
2065,14,533.52,0,Mumbai,standard,0
2066,58,605.59,0,Chennai,standard,0
2067,25,758.36,1,Delhi,premium,0
2068,43,708.78,0,Delhi,basic,0
2069,49,351.62,0,Mumbai,standard,0
2070,14,,2,Chennai,basic,0
2071,69,1067.72,3,Mumbai,premium,0
2072,15,1449.33,3,Pune,standard,0
2073,7,1183.08,1,Delhi,basic,0
2074,14,1046.49,2,Pune,basic,1
2075,60,840.78,1,Pune,premium,0
2076,12,2145.62,0,Chennai,standard,0
2077,28,1485.22,3,Mumbai,basic,0
2078,31,908.74,0,Mumbai,premium,0
2079,54,1054.9,1,Pune,standard,0
2080,66,1896.25,1,Delhi,basic,0
2081,32,830.83,0,Delhi,basic,0
2082,68,867.06,2,Pune,standard,0
2083,44,1630.09,0,Chennai,standard,0
2084,69,1676.48,0,Chennai,basic,0
2085,13,390.01,2,Pune,basic,0
2086,8,1416.71,2,Chennai,basic,0
2087,36,1487.96,1,Pune,basic,0
2088,-1,800.87,0,Chennai,basic,0
2089,32,1158.3,1,Mumbai,standard,0
2090,25,1793.94,1,Delhi,standard,0
2091,63,2288.14,0,Mumbai,standard,0
2092,38,2421.56,0,Mumbai,standard,0
2093,39,851.9,3,Mumbai,basic,1
2094,22,1806.39,1,Delhi,premium,0
2095,1,2202.62,2,Mumbai,basic,0
2096,50,1111.02,0,Mumbai,standard,0
2097,32,1204.77,0,Delhi,premium,0
2098,24,891.92,1,Chennai,premium,0
2099,55,688.19,3,Mumbai,standard,0
2100,63,1442.41,1,Mumbai,basic,0
2101,12,376.06,0,Pune,basic,0
2102,16,2541.44,1,Delhi,premium,0
2103,61,1580.34,4,Mumbai,basic,0
2104,27,895.03,3,Mumbai,basic,0
2105,24,1754.4,1,Pune,basic,0
2106,54,1203.1,3,Chennai,premium,0
2107,20,1093.58,3,Chennai,standard,0
2108,9,1512.19,3,Pune,basic,0
2109,55,,4,Delhi,standard,0
2110,5,1212.99,2,Pune,basic,0
2111,24,979.05,1,Delhi,premium,0
2112,8,1607.8,0,Pune,standard,0
2113,46,,1,Mumbai,standard,0
2114,49,624.74,1,Pune,basic,0
2115,46,417.7,1,Delhi,basic,0
2116,-1,758.67,0,Delhi,premium,0
2117,56,919.4,0,Delhi,basic,0
2118,33,595.62,2,Delhi,premium,0
2119,16,2025.63,2,Pune,premium,0
2120,31,521.4,1,Chennai,basic,0
2121,31,1359.29,1,Pune,premium,0
2122,7,518.15,1,Delhi,basic,0
2123,59,950.12,1,Delhi,basic,0
2124,8,1620.5,0,Pune,standard,0
2125,68,1733.5,3,Chennai,basic,0
2126,15,1290.56,1,Pune,standard,0
2127,44,701.58,0,Delhi,standard,0
2128,37,1070.3,2,Chennai,basic,0
2129,22,1757.21,1,Mumbai,basic,0
2130,22,302.72,2,Mumbai,premium,1
2131,66,1366.14,0,Pune,standard,0
2132,25,1454.97,2,Mumbai,basic,0
2133,26,874.63,1,Mumbai,premium,1
2134,43,507.5,2,Mumbai,premium,0
2135,31,1225.56,1,Delhi,basic,0
2136,64,704.9,3,Pune,premium,1
2137,62,692.01,3,Chennai,premium,0
2138,7,1574.23,1,Pune,basic,0
2139,36,742.49,3,Mumbai,basic,0
2140,10,1321.25,0,Delhi,standard,0
2141,39,1314.38,2,Delhi,basic,0
2142,14,531.76,1,Pune,standard,0
2143,36,795.25,1,Mumbai,basic,0
2144,59,1015.61,1,Delhi,premium,0
2145,39,1114.36,0,Chennai,basic,0
2146,29,1131.22,1,Pune,standard,0
2147,36,1337.28,1,Mumbai,basic,0
2148,61,1309.07,3,Pune,premium,0
2149,2,1545.17,0,Mumbai,basic,1
2150,36,771.76,0,Chennai,basic,0
2151,68,859.34,0,Mumbai,premium,0
2152,12,339.03,1,Mumbai,basic,0
2153,63,500.1,1,Chennai,premium,0
2154,47,2522.42,2,Pune,standard,0
2155,42,483.4,0,Pune,basic,0
2156,13,630.25,2,Mumbai,standard,0
2157,66,338.02,3,Pune,premium,0
2158,59,1434.67,2,Delhi,premium,0
2159,37,1032.62,3,Delhi,basic,0
2160,13,975.61,1,Mumbai,premium,0
2161,69,2253.87,4,Mumbai,basic,0
2162,16,1525.32,0,Delhi,standard,0
2163,21,419.11,1,Delhi,basic,1
2164,60,747.23,5,Chennai,basic,0
2165,60,2209.53,1,Delhi,standard,0
2166,58,847.44,5,Pune,standard,0
2167,29,776.34,2,Chennai,premium,0
2168,44,1126.55,3,Delhi,premium,0
2169,18,1177.39,1,Chennai,basic,0
2170,33,902.13,0,Delhi,basic,0
2171,8,1740.64,0,Mumbai,premium,0
2172,49,1223.25,0,Chennai,standard,0
2173,71,693.9,4,Delhi,basic,0
2174,17,1790.12,2,Delhi,premium,0
2175,22,514.65,2,Chennai,basic,0
2176,3,921.76,1,Chennai,premium,0
2177,46,980.44,0,Mumbai,basic,0
2178,26,1650.55,0,Pune,basic,0
2179,12,,0,Delhi,standard,0
2180,45,644.2,1,Chennai,standard,0
2181,43,145.85,0,Pune,basic,0
2182,14,559.64,0,Mumbai,basic,0
2183,40,2204.21,0,Delhi,basic,0
2184,52,1852.5,0,Chennai,basic,0
2185,21,1277.74,1,Pune,standard,1
2186,-1,1454.02,1,Mumbai,standard,0
2187,7,2286.18,0,Chennai,basic,1
2188,28,2459.01,1,Delhi,premium,0
2189,24,1367.18,2,Mumbai,standard,0
2190,25,1206.61,0,Pune,standard,0
2191,23,688.21,3,Mumbai,standard,1
2192,9,781.87,0,Mumbai,basic,1
2193,63,439.74,2,Delhi,premium,0
2194,58,1237.66,1,Delhi,premium,0
2195,15,1440.6,0,Chennai,standard,0
2196,28,1465.16,0,Delhi,basic,0
2197,27,914.79,2,Pune,standard,0
2198,69,1705.89,3,Mumbai,premium,0
2199,38,862.25,3,Pune,basic,0
2200,34,1417.95,2,Chennai,standard,0
2201,53,410.74,1,Chennai,standard,0
2202,41,2425.3,1,Mumbai,basic,0
2203,16,913.18,0,Delhi,standard,0
2204,23,1095.28,1,Mumbai,standard,0
2205,50,1618.98,0,Delhi,standard,0
2206,37,1156.58,0,Mumbai,standard,0
2207,36,2098.56,0,Delhi,basic,0
2208,53,2060.21,1,Mumbai,basic,0
2209,2,477.23,1,Mumbai,premium,0
2210,19,949.68,1,Mumbai,premium,0
2211,56,650.47,3,Mumbai,basic,1
2212,45,597.85,2,Mumbai,standard,0
2213,49,562.82,4,Chennai,basic,0
2214,71,2087.16,5,Pune,standard,1
2215,46,808.32,2,Mumbai,standard,0
2216,27,2754.77,0,Delhi,basic,0
2217,11,911.0,1,Delhi,premium,0
2218,13,940.63,0,Chennai,premium,1
2219,52,,2,Delhi,standard,0
2220,66,1039.75,1,Delhi,basic,0
2221,39,2528.95,1,Chennai,premium,0
2222,6,994.57,0,Mumbai,standard,0
2223,28,2033.46,5,Mumbai,standard,0
2224,70,2007.73,1,Mumbai,premium,0
2225,10,2217.23,2,Mumbai,premium,0
2226,68,2192.02,3,Pune,standard,0
2227,49,949.61,2,Pune,standard,0
2228,25,977.7,3,Delhi,basic,0
2229,1,964.83,0,Chennai,premium,0
2230,36,,2,Delhi,basic,0
2231,47,1539.63,0,Mumbai,basic,0
2232,11,607.28,3,Pune,basic,0
2233,45,1138.72,0,Mumbai,basic,0
2234,42,699.79,0,Mumbai,basic,0
2235,44,1790.08,4,Delhi,premium,1
2236,2,2067.47,1,Delhi,standard,0
2237,27,1173.78,1,Mumbai,basic,0
2238,60,1658.21,3,Mumbai,premium,0
2239,28,1610.87,1,Delhi,standard,0
2240,8,1105.2,2,Mumbai,standard,0
2241,31,785.81,0,Mumbai,basic,0
2242,66,793.46,1,Delhi,basic,0
2243,67,1140.54,2,Mumbai,basic,0
2244,16,2117.19,0,Pune,basic,0
2245,33,2611.88,1,Mumbai,basic,0
2246,26,746.82,2,Pune,premium,0
2247,20,683.35,4,Delhi,standard,0
2248,2,1813.96,1,Pune,standard,0
2249,20,1295.81,1,Delhi,basic,0
2250,27,1321.41,1,Chennai,standard,0
2251,57,1424.23,0,Mumbai,premium,0
2252,5,723.91,1,Mumbai,standard,0
2253,7,660.28,1,Pune,basic,0
2254,66,1255.28,0,Mumbai,standard,0
2255,6,902.17,1,Pune,standard,1
2256,59,876.92,1,Delhi,premium,0
2257,67,1782.98,0,Chennai,basic,0
2258,70,1955.47,1,Mumbai,premium,0
2259,58,1356.35,0,Mumbai,standard,0
2260,32,2467.21,2,Chennai,premium,0
2261,31,997.34,1,Mumbai,premium,0
2262,45,739.55,0,Mumbai,basic,0
2263,57,1931.4,2,Mumbai,basic,0
2264,37,1508.15,1,Mumbai,basic,0
2265,45,1354.52,0,Mumbai,basic,1
2266,70,1717.61,1,Delhi,standard,0
2267,2,1114.91,2,Delhi,basic,0
2268,40,3210.4,4,Pune,standard,0
2269,10,701.44,2,Pune,basic,0
2270,57,329.87,1,Chennai,basic,0
2271,28,1439.6,0,Delhi,standard,0
2272,23,2570.71,1,Mumbai,basic,0
2273,55,557.32,3,Delhi,standard,0
2274,53,1303.58,3,Chennai,standard,0
2275,46,,0,Chennai,basic,0
2276,53,684.47,0,Mumbai,premium,0
2277,56,1038.62,5,Mumbai,basic,0
2278,30,854.37,0,Chennai,basic,0
2279,15,716.81,1,Mumbai,basic,0
2280,16,874.72,1,Pune,basic,0
2281,5,881.29,0,Mumbai,premium,0
2282,11,1227.88,2,Chennai,basic,0
2283,32,781.62,0,Delhi,standard,0
2284,58,704.9,4,Mumbai,basic,0
2285,61,832.92,0,Mumbai,premium,0
2286,68,916.97,2,Mumbai,standard,0
2287,19,1252.32,0,Delhi,standard,0
2288,15,716.45,2,Delhi,basic,0
2289,4,626.56,1,Delhi,standard,0
2290,39,1011.4,1,Mumbai,basic,0
2291,39,588.76,3,Delhi,premium,0
2292,46,495.09,0,Pune,standard,0
2293,15,1716.16,1,Delhi,standard,0
2294,9,1694.2,1,Mumbai,standard,0
2295,24,1014.04,3,Mumbai,standard,0
2296,63,1187.5,1,Pune,premium,0
2297,51,231.42,2,Pune,premium,0
2298,14,2537.23,0,Delhi,basic,0
2299,31,575.3,1,Mumbai,standard,0
2300,48,828.71,1,Delhi,standard,0
2301,59,970.38,0,Mumbai,standard,0
2302,38,1025.61,4,Mumbai,premium,0
2303,36,801.16,0,Pune,basic,1
2304,51,1285.25,4,Pune,basic,0
2305,26,1620.74,3,Mumbai,basic,0
2306,42,1390.8,2,Mumbai,basic,0
2307,68,1185.14,5,Mumbai,standard,0
2308,12,378.05,1,Mumbai,basic,0
2309,18,2367.73,1,Mumbai,basic,0
2310,5,1774.25,0,Pune,standard,0
2311,51,1657.05,0,Pune,standard,0
2312,49,388.31,3,Pune,standard,0
2313,57,887.98,2,Delhi,standard,0
2314,65,901.46,2,Mumbai,standard,0
2315,39,1918.43,0,Delhi,standard,0
2316,35,2046.09,2,Pune,basic,0
2317,7,802.09,0,Mumbai,standard,0
2318,64,2183.92,2,Mumbai,basic,0
2319,7,1270.25,1,Delhi,premium,0
2320,71,1594.24,3,Pune,basic,0
2321,10,,0,Pune,basic,0
2322,40,1226.72,0,Mumbai,standard,0
2323,69,2456.81,1,Mumbai,standard,0
2324,23,1516.57,2,Mumbai,standard,0
2325,16,2739.12,1,Mumbai,standard,0
2326,15,2298.91,3,Mumbai,basic,0
2327,69,247.09,0,Delhi,standard,0
2328,42,657.04,2,Delhi,premium,0
2329,25,852.54,2,Mumbai,basic,0
2330,65,2532.76,0,Delhi,premium,0
2331,36,1765.59,1,Delhi,standard,0
2332,3,769.46,1,Mumbai,premium,0
2333,38,955.85,1,Delhi,premium,0
2334,37,777.39,1,Chennai,basic,0
2335,17,950.1,1,Pune,basic,0
2336,71,981.73,1,Chennai,standard,0
2337,-1,1223.15,0,Chennai,basic,0
2338,57,1711.12,2,Mumbai,standard,0
2339,49,730.5,0,Mumbai,standard,0
2340,52,688.77,0,Delhi,standard,0
2341,61,669.64,0,Mumbai,standard,0
2342,21,1316.59,1,Mumbai,premium,0
2343,21,1144.32,2,Mumbai,standard,0
2344,3,1310.32,2,Delhi,premium,0
2345,6,1175.76,2,Delhi,basic,0
2346,55,668.4,0,Delhi,premium,0
2347,58,1099.6,1,Delhi,basic,0
2348,59,920.7,1,Delhi,basic,0
2349,6,755.18,4,Pune,basic,1
2350,10,1968.47,0,Pune,basic,0
2351,5,902.07,1,Mumbai,basic,0
2352,9,883.75,1,Mumbai,standard,0
2353,20,755.59,3,Mumbai,basic,0
2354,13,1340.37,3,Pune,basic,1
2355,17,870.06,2,Chennai,premium,0
2356,41,665.2,2,Pune,standard,0
2357,2,1776.42,2,Mumbai,standard,0
2358,40,1532.87,1,Mumbai,basic,0
2359,54,1957.36,3,Delhi,basic,0
2360,28,293.18,1,Pune,standard,0
2361,62,728.2,1,Delhi,basic,0
2362,70,361.03,1,Delhi,standard,0
2363,-1,554.9,0,Chennai,basic,0
2364,53,814.68,1,Mumbai,standard,0
2365,11,1690.73,0,Mumbai,standard,0
2366,38,1377.17,2,Pune,basic,0
2367,13,1688.26,2,Pune,basic,0
2368,14,290.01,0,Mumbai,basic,1
2369,20,685.4,4,Chennai,basic,0
2370,6,2487.72,2,Delhi,standard,1
2371,10,968.99,0,Mumbai,premium,0
2372,35,1162.61,2,Chennai,basic,0
2373,32,698.25,1,Delhi,standard,0
2374,65,738.93,1,Mumbai,standard,0
2375,36,1135.02,1,Mumbai,standard,1
2376,50,1402.99,1,Mumbai,basic,0
2377,11,475.88,1,Mumbai,standard,0
2378,65,1104.47,1,Chennai,standard,0
2379,70,651.53,1,Mumbai,basic,0
2380,20,1286.24,4,Delhi,basic,0
2381,58,746.72,0,Pune,basic,0
2382,28,1472.93,1,Pune,basic,1
2383,64,1002.75,2,Delhi,basic,0
2384,34,591.06,1,Pune,standard,0
2385,23,1379.95,3,Mumbai,premium,0
2386,16,893.84,1,Mumbai,standard,0
2387,50,1682.17,2,Mumbai,basic,0
2388,45,1310.71,0,Pune,standard,0
2389,66,1152.08,1,Mumbai,premium,0
2390,11,545.65,0,Delhi,premium,0
2391,42,1289.55,2,Mumbai,premium,0
2392,38,1145.29,2,Delhi,basic,0
2393,38,607.21,4,Delhi,basic,0
2394,34,829.56,1,Chennai,basic,0
2395,3,2707.67,0,Mumbai,basic,0
2396,23,599.31,1,Pune,basic,0
2397,40,988.82,1,Chennai,premium,0
2398,4,833.68,0,Delhi,premium,0
2399,4,1304.31,0,Pune,premium,0
2400,22,2238.12,3,Chennai,premium,1
2401,11,2317.91,2,Delhi,basic,0
2402,28,663.92,0,Delhi,basic,0
2403,1,1303.35,2,Delhi,basic,1
2404,21,1467.65,2,Pune,basic,0
2405,9,384.28,1,Delhi,basic,1
2406,26,2323.87,1,Mumbai,basic,0
2407,25,1120.48,1,Mumbai,standard,0
2408,25,3045.26,1,Mumbai,basic,0
2409,25,1493.13,2,Mumbai,basic,0
2410,29,1306.62,1,Delhi,standard,0
2411,20,449.24,0,Delhi,basic,0
2412,17,298.48,3,Delhi,standard,0
2413,24,,1,Chennai,basic,0
2414,7,1172.76,3,Mumbai,premium,0
2415,23,439.91,3,Pune,basic,0
2416,9,1438.62,1,Mumbai,standard,0
2417,15,,0,Mumbai,basic,0
2418,30,651.59,1,Delhi,basic,0
2419,70,1674.81,1,Pune,basic,0
2420,51,797.27,0,Chennai,standard,0
2421,31,890.72,1,Chennai,basic,0
2422,-1,592.67,0,Delhi,basic,0
2423,44,1097.78,1,Pune,basic,0
2424,17,1216.03,1,Mumbai,premium,0
2425,45,1386.7,0,Chennai,standard,0
2426,45,845.5,0,Pune,standard,0
2427,53,1639.78,0,Mumbai,standard,0
2428,20,1723.28,0,Delhi,basic,1
2429,53,1825.51,1,Mumbai,basic,0
2430,28,439.41,1,Delhi,standard,0
2431,10,2489.39,1,Delhi,basic,0
2432,59,546.48,3,Mumbai,premium,0
2433,61,1709.49,0,Pune,standard,0
2434,31,1066.77,2,Chennai,standard,0
2435,2,2178.53,0,Chennai,basic,0
2436,23,1237.75,1,Delhi,premium,0
2437,59,1229.74,0,Delhi,standard,0
2438,21,583.76,1,Mumbai,basic,0
2439,19,936.23,1,Pune,premium,0
2440,42,,0,Mumbai,basic,0
2441,58,1475.38,2,Pune,standard,0
2442,71,846.76,0,Pune,standard,0
2443,51,2403.36,2,Mumbai,premium,0
2444,41,321.0,0,Delhi,basic,0
2445,67,,2,Delhi,basic,0
2446,59,2020.58,1,Pune,standard,0
2447,35,1990.53,1,Pune,premium,0
2448,1,802.07,1,Pune,premium,1
2449,8,1242.25,2,Pune,basic,0
2450,71,478.23,2,Mumbai,basic,0
2451,21,492.91,2,Chennai,basic,0
2452,36,806.05,1,Delhi,standard,0
2453,54,2282.54,2,Mumbai,premium,0
2454,60,473.34,0,Pune,standard,0
2455,22,1076.07,2,Mumbai,premium,0
2456,70,1363.92,1,Pune,premium,0
2457,16,774.58,3,Delhi,premium,0
2458,42,2135.07,1,Delhi,premium,0
2459,71,1392.64,2,Mumbai,premium,0
2460,61,1162.36,2,Mumbai,standard,0
2461,-1,1071.62,1,Mumbai,premium,0
2462,6,920.31,1,Delhi,premium,0
2463,34,1346.94,1,Delhi,premium,0
2464,61,853.76,2,Delhi,basic,0
2465,29,,1,Pune,standard,0
2466,10,1266.1,3,Pune,standard,1
2467,11,669.49,1,Pune,premium,0
2468,3,1376.41,1,Delhi,basic,0
2469,7,1095.85,2,Mumbai,standard,0
2470,23,1130.52,0,Mumbai,basic,1
2471,34,471.58,3,Mumbai,basic,1
2472,34,507.51,0,Mumbai,standard,1
2473,48,404.93,3,Mumbai,basic,0
2474,46,893.88,1,Delhi,standard,0
2475,47,471.85,0,Mumbai,basic,0
2476,14,1042.56,1,Pune,standard,0
2477,70,1011.66,2,Delhi,basic,1
2478,44,1072.65,1,Mumbai,basic,0
2479,5,2099.26,0,Chennai,basic,0
2480,3,1160.09,2,Chennai,premium,0
2481,14,1683.67,1,Delhi,basic,0
2482,69,1478.86,3,Delhi,standard,0
2483,9,727.12,5,Chennai,standard,1
2484,-1,2177.21,2,Pune,standard,1
2485,35,883.5,2,Pune,premium,0
2486,30,1880.85,2,Delhi,standard,0
2487,61,998.86,2,Mumbai,standard,0
2488,25,1567.61,1,Mumbai,standard,0
2489,45,2798.18,0,Pune,basic,0
2490,35,1737.2,3,Delhi,standard,0
2491,30,683.97,1,Delhi,basic,0
2492,68,1280.33,3,Chennai,basic,0
2493,61,1339.06,0,Mumbai,standard,0
2494,48,2101.62,0,Chennai,basic,0
2495,27,1713.87,0,Mumbai,basic,0
2496,56,589.55,1,Mumbai,basic,0
2497,12,1623.34,2,Delhi,standard,0
2498,48,1311.7,3,Delhi,premium,0
2499,48,736.36,2,Delhi,premium,0
2500,71,,1,Pune,basic,0
2501,50,1358.2,2,Delhi,basic,1
2502,8,1905.32,1,Delhi,standard,0
2503,60,486.76,0,Delhi,premium,0
2504,64,1229.59,1,Delhi,basic,0
2505,64,1417.57,2,Mumbai,standard,0
2506,24,1584.67,1,Mumbai,basic,0
2507,51,1322.13,1,Delhi,basic,0
2508,6,1538.88,3,Mumbai,standard,0
2509,32,1788.74,1,Chennai,basic,0
2510,21,606.03,3,Delhi,standard,0
2511,52,1478.08,1,Pune,standard,0
2512,7,1589.54,3,Delhi,premium,1
2513,37,1240.02,1,Delhi,basic,0
2514,56,778.13,0,Mumbai,standard,0
2515,19,1353.3,1,Mumbai,basic,0
2516,48,,1,Delhi,premium,0
2517,37,1361.18,1,Pune,standard,1
2518,35,1241.77,0,Delhi,basic,0
2519,51,822.69,2,Chennai,standard,0
2520,59,854.56,3,Chennai,standard,0
2521,12,520.97,5,Mumbai,basic,0
2522,25,898.47,2,Mumbai,basic,0
2523,53,862.75,4,Delhi,premium,0
2524,37,,0,Delhi,basic,1
2525,49,1119.66,1,Chennai,basic,0
2526,40,1882.53,1,Delhi,standard,0
2527,62,1502.5,0,Mumbai,standard,0
2528,34,2492.33,0,Delhi,premium,0
2529,69,1545.46,1,Delhi,basic,0
2530,13,1175.04,0,Delhi,premium,0
2531,6,1729.46,4,Chennai,basic,0
2532,52,1037.52,0,Mumbai,basic,0
2533,37,363.04,0,Delhi,basic,0
2534,17,875.28,1,Chennai,premium,0
2535,5,1196.95,2,Mumbai,basic,1
2536,6,1897.39,3,Mumbai,basic,0
2537,47,1003.16,0,Chennai,basic,0
2538,19,379.68,1,Chennai,standard,0
2539,69,1177.76,0,Delhi,basic,0
2540,28,3419.71,1,Pune,standard,0
2541,10,436.82,0,Pune,standard,0
2542,51,884.91,1,Chennai,standard,0
2543,57,1658.88,0,Delhi,standard,0
2544,40,1230.4,1,Pune,premium,0
2545,41,691.95,0,Delhi,premium,0
2546,66,565.63,1,Pune,standard,0
2547,34,1049.75,2,Pune,standard,0
2548,39,471.34,0,Delhi,basic,0
2549,26,,0,Chennai,standard,0
2550,22,1494.94,0,Mumbai,basic,0
2551,63,1444.77,1,Mumbai,standard,0
2552,64,346.29,2,Mumbai,basic,0
2553,20,805.34,0,Mumbai,premium,0
2554,3,768.01,1,Delhi,basic,0
2555,16,1721.02,0,Mumbai,premium,0
2556,14,694.15,3,Mumbai,premium,0
2557,38,668.81,1,Mumbai,premium,0
2558,55,1372.61,0,Mumbai,standard,0
2559,45,1109.32,1,Delhi,standard,0
2560,23,950.54,3,Mumbai,basic,0
2561,-1,825.14,1,Delhi,standard,1
2562,68,617.88,2,Pune,premium,0
2563,17,695.21,2,Delhi,premium,0
2564,6,,0,Delhi,basic,0
2565,70,934.52,1,Delhi,premium,0
2566,7,1501.88,1,Chennai,basic,0
2567,15,670.65,0,Mumbai,standard,0
2568,23,1473.1,2,Pune,basic,0
2569,52,933.16,2,Mumbai,basic,0
2570,50,,0,Mumbai,standard,0
2571,24,671.94,1,Mumbai,basic,0
2572,61,899.61,2,Mumbai,basic,0
2573,53,787.79,2,Chennai,premium,0
2574,19,1021.89,1,Delhi,standard,0
2575,26,701.76,1,Delhi,standard,0
2576,26,887.91,1,Pune,standard,0
2577,16,1105.94,0,Delhi,premium,0
2578,53,1570.75,1,Mumbai,basic,0
2579,42,1958.0,4,Mumbai,basic,0
2580,44,2177.39,3,Mumbai,premium,0
2581,19,835.51,3,Mumbai,basic,0
2582,40,987.08,2,Chennai,standard,0
2583,59,435.29,2,Mumbai,basic,0
2584,48,1105.35,3,Mumbai,premium,0
2585,70,1282.12,2,Chennai,premium,0
2586,40,2120.39,3,Delhi,standard,0
2587,12,494.97,2,Mumbai,basic,0
2588,7,2050.52,0,Delhi,premium,0
2589,50,1668.26,0,Delhi,standard,0
2590,9,1205.93,2,Mumbai,premium,1
2591,37,2054.26,0,Mumbai,basic,0
2592,31,626.06,1,Delhi,standard,0
2593,62,1168.03,0,Mumbai,basic,0
2594,2,1058.19,2,Chennai,standard,0
2595,60,1951.88,1,Mumbai,basic,0
2596,25,987.93,0,Chennai,premium,0
2597,52,1820.83,2,Mumbai,standard,0
2598,34,841.31,1,Pune,basic,0
2599,38,323.01,2,Delhi,basic,0
2600,70,1445.09,2,Delhi,basic,0
2601,52,368.33,2,Mumbai,premium,0
2602,42,802.35,3,Pune,standard,0
2603,46,2481.43,0,Mumbai,premium,0
2604,12,784.1,2,Delhi,standard,0
2605,9,668.59,2,Delhi,basic,1
2606,36,442.72,0,Pune,basic,0
2607,52,2363.03,0,Chennai,premium,0
2608,35,1270.21,1,Chennai,premium,0
2609,46,413.57,1,Chennai,basic,0
2610,51,308.79,1,Delhi,standard,0
2611,62,445.17,2,Mumbai,standard,0
2612,51,3838.81,2,Delhi,standard,0
2613,60,1898.62,2,Delhi,premium,0
2614,23,368.92,2,Pune,premium,0
2615,37,2251.95,1,Pune,premium,0
2616,59,1021.7,0,Delhi,basic,0
2617,53,1297.58,1,Mumbai,basic,0
2618,36,1252.24,0,Mumbai,premium,0
2619,16,808.58,1,Chennai,standard,0
2620,3,1354.1,0,Delhi,standard,0
2621,62,910.56,0,Mumbai,basic,0
2622,33,1526.12,1,Delhi,standard,0
2623,60,574.93,1,Mumbai,basic,0
2624,12,624.39,1,Delhi,premium,0
2625,11,1626.14,3,Chennai,basic,0
2626,46,2467.16,3,Delhi,standard,0
2627,67,654.76,3,Chennai,basic,0
2628,51,1386.46,1,Pune,basic,0
2629,63,1587.44,2,Delhi,basic,0
2630,46,1430.67,1,Pune,basic,0
2631,1,468.03,1,Mumbai,basic,0
2632,25,906.62,1,Delhi,basic,0
2633,-1,2686.25,0,Delhi,basic,0
2634,17,1002.77,1,Delhi,standard,0
2635,39,,2,Mumbai,premium,1
2636,7,1019.32,1,Mumbai,standard,0
2637,71,759.51,0,Delhi,standard,0
2638,24,766.1,1,Pune,standard,0
2639,45,2023.29,2,Pune,basic,0
2640,39,714.52,1,Chennai,basic,0
2641,16,774.95,2,Mumbai,standard,1
2642,5,1039.19,0,Chennai,standard,0
2643,64,1054.71,2,Mumbai,basic,0
2644,59,1198.92,0,Mumbai,basic,0
2645,41,3336.84,1,Mumbai,standard,0
2646,28,664.28,0,Mumbai,premium,1
2647,20,660.57,4,Mumbai,premium,0
2648,6,621.49,0,Mumbai,basic,0
2649,28,2409.28,1,Mumbai,basic,0
2650,21,1816.89,2,Pune,premium,0
2651,8,1512.9,0,Chennai,premium,0
2652,13,2113.86,2,Chennai,standard,0
2653,62,1911.19,1,Mumbai,basic,0
2654,19,2062.33,3,Chennai,standard,0
2655,56,1017.75,3,Chennai,basic,1
2656,26,680.57,1,Mumbai,standard,0
2657,47,1170.1,1,Delhi,standard,0
2658,18,579.1,1,Mumbai,standard,0
2659,68,854.91,1,Chennai,premium,0
2660,5,2217.17,0,Pune,basic,0
2661,-1,963.36,2,Delhi,standard,0
2662,61,1279.07,3,Delhi,standard,0
2663,62,1267.9,0,Delhi,premium,0
2664,50,1462.65,1,Delhi,basic,0
2665,70,1496.97,2,Delhi,standard,0
2666,43,879.53,1,Delhi,basic,0
2667,50,1846.12,0,Mumbai,standard,0
2668,53,191.75,0,Pune,standard,0
2669,44,736.22,0,Mumbai,premium,0
2670,44,1137.41,1,Mumbai,standard,1
2671,17,522.85,1,Mumbai,standard,0
2672,39,615.52,0,Mumbai,premium,0
2673,50,823.99,0,Delhi,standard,0
2674,16,1302.07,2,Chennai,basic,0
2675,27,1408.52,3,Delhi,basic,0
2676,41,1376.39,1,Pune,premium,0
2677,48,666.9,1,Mumbai,basic,0
2678,36,1192.99,0,Mumbai,basic,0
2679,-1,2057.66,1,Pune,basic,0
2680,57,1264.31,0,Pune,basic,0
2681,-1,1930.21,1,Pune,standard,0
2682,58,1039.89,3,Mumbai,basic,0
2683,58,756.78,1,Mumbai,standard,0
2684,49,562.79,1,Mumbai,standard,0
2685,26,730.24,1,Mumbai,basic,0
2686,35,1965.89,0,Chennai,premium,0
2687,30,1254.31,1,Mumbai,basic,0
2688,6,1352.99,2,Pune,premium,0
2689,44,947.36,1,Delhi,standard,0
2690,64,1194.31,1,Mumbai,standard,0
2691,18,1160.83,3,Delhi,premium,0
2692,36,1627.13,0,Pune,premium,0
2693,1,604.91,0,Mumbai,premium,0
2694,69,725.09,2,Delhi,standard,0
2695,50,555.87,2,Chennai,basic,0
2696,6,1078.76,1,Mumbai,premium,0
2697,52,888.48,3,Pune,basic,0
2698,5,1186.66,3,Delhi,standard,0
2699,23,736.95,0,Delhi,standard,0
2700,44,393.62,3,Chennai,standard,1
2701,1,1115.3,1,Delhi,basic,0
2702,2,2389.01,2,Mumbai,standard,0
2703,71,1013.25,0,Mumbai,standard,0
2704,69,1322.13,1,Mumbai,standard,0
2705,61,695.45,0,Pune,premium,0
2706,1,1938.97,0,Chennai,premium,0
2707,34,2148.53,0,Chennai,basic,0
2708,56,2387.37,1,Mumbai,basic,0
2709,37,1394.99,1,Pune,basic,0
2710,54,648.6,0,Mumbai,standard,0
2711,8,1416.16,2,Pune,basic,0
2712,45,1430.45,0,Pune,standard,0
2713,41,1093.8,0,Mumbai,standard,0
2714,43,969.11,0,Delhi,standard,0
2715,65,1893.65,0,Delhi,basic,0
2716,50,1170.79,0,Mumbai,basic,0
2717,56,826.76,0,Pune,standard,0
2718,63,429.16,1,Chennai,standard,0
2719,56,1069.96,1,Mumbai,standard,0
2720,63,1054.09,2,Chennai,standard,0
2721,57,1765.56,4,Chennai,standard,0
2722,31,1427.22,2,Mumbai,standard,0
2723,70,986.96,3,Delhi,standard,0
2724,5,,0,Pune,standard,0
2725,24,2145.89,0,Delhi,standard,0
2726,54,1285.7,0,Mumbai,standard,0
2727,25,633.59,0,Pune,premium,0
2728,21,996.3,1,Delhi,basic,0
2729,5,897.71,2,Chennai,premium,0
2730,35,1689.05,2,Mumbai,basic,0
2731,65,1758.37,2,Mumbai,basic,0
2732,20,805.44,2,Delhi,basic,0
2733,57,1382.6,3,Chennai,basic,1
2734,11,3016.95,1,Chennai,standard,0
2735,3,758.31,0,Delhi,premium,0
2736,12,1656.67,1,Mumbai,standard,0
2737,23,563.18,0,Pune,premium,0
2738,48,936.01,1,Pune,standard,0
2739,23,,4,Pune,premium,0
2740,39,1795.6,2,Pune,basic,0
2741,39,1876.68,3,Pune,basic,0
2742,15,551.54,3,Delhi,basic,0
2743,35,,2,Mumbai,basic,0
2744,54,1803.46,1,Mumbai,standard,0
2745,46,613.92,2,Mumbai,basic,0
2746,58,905.67,2,Delhi,basic,0
2747,9,1269.43,0,Mumbai,standard,0
2748,49,1404.06,1,Delhi,standard,0
2749,45,1285.83,2,Mumbai,basic,0
2750,41,1017.34,0,Pune,premium,0
2751,69,1813.83,1,Mumbai,basic,0
2752,64,775.07,0,Delhi,basic,0
2753,33,383.51,0,Mumbai,basic,0
2754,21,928.55,4,Mumbai,standard,0
2755,22,550.86,4,Delhi,basic,1
2756,49,1022.5,0,Mumbai,basic,0
2757,33,776.44,1,Delhi,standard,0
2758,43,570.66,3,Pune,standard,1
2759,63,533.2,2,Delhi,basic,0
2760,43,1093.33,1,Mumbai,premium,0
2761,27,1675.51,0,Delhi,basic,0
2762,25,961.94,0,Delhi,basic,0
2763,58,825.3,1,Chennai,basic,0
2764,20,1543.77,4,Delhi,basic,0
2765,25,572.81,0,Pune,premium,0
2766,5,1212.1,1,Mumbai,standard,0
2767,37,252.76,1,Mumbai,premium,0
2768,31,817.56,0,Delhi,standard,0
2769,63,1966.7,2,Delhi,basic,0
2770,53,1108.44,2,Delhi,basic,1
2771,36,1622.61,0,Mumbai,standard,0
2772,42,836.45,3,Chennai,standard,0
2773,12,685.23,2,Delhi,basic,0
2774,68,716.31,1,Chennai,standard,0
2775,30,1415.05,0,Delhi,standard,0
2776,9,362.36,1,Pune,basic,1
2777,-1,,2,Delhi,standard,0
2778,36,761.62,2,Delhi,premium,0
2779,17,,2,Mumbai,standard,0
2780,6,746.83,1,Delhi,basic,0
2781,12,705.74,1,Pune,basic,0
2782,66,2100.47,1,Delhi,premium,0
2783,12,1865.45,1,Pune,basic,1
2784,20,666.17,2,Mumbai,premium,0
2785,54,689.17,0,Mumbai,standard,0
2786,25,1317.81,1,Chennai,basic,0
2787,53,302.46,1,Mumbai,basic,0
2788,55,786.55,3,Chennai,basic,0
2789,24,1906.92,1,Pune,standard,0
2790,62,,1,Mumbai,basic,0
2791,3,1791.75,1,Pune,basic,0
2792,69,865.06,4,Pune,premium,1
2793,31,1716.78,2,Chennai,basic,0
2794,32,2150.96,1,Delhi,standard,0
2795,8,1773.4,2,Mumbai,basic,0
2796,17,1752.95,2,Delhi,basic,1
2797,23,1096.81,0,Delhi,basic,0
2798,67,1015.4,1,Delhi,basic,0
2799,57,1733.65,1,Mumbai,basic,0
2800,43,894.61,1,Mumbai,premium,0
2801,9,805.9,1,Pune,basic,0
2802,65,496.95,2,Chennai,premium,0
2803,11,774.88,0,Delhi,premium,0
2804,13,745.3,0,Mumbai,basic,0
2805,38,1437.96,0,Delhi,basic,0
2806,59,467.66,1,Delhi,standard,0
2807,67,1757.35,1,Mumbai,premium,0
2808,60,785.84,1,Chennai,basic,0
2809,65,831.52,0,Chennai,basic,1
2810,70,662.63,1,Chennai,standard,0
2811,35,2915.31,2,Mumbai,basic,0
2812,27,1448.53,2,Pune,basic,0
2813,41,1339.7,1,Delhi,basic,0
2814,29,1267.57,1,Mumbai,basic,0
2815,57,1550.68,2,Chennai,basic,1
2816,49,1479.63,1,Chennai,standard,0
2817,15,1694.23,1,Chennai,standard,0
2818,21,444.96,1,Delhi,standard,0
2819,20,1151.59,2,Chennai,standard,0
2820,53,486.46,0,Mumbai,basic,0
2821,14,1261.69,1,Delhi,premium,0
2822,68,730.16,2,Delhi,standard,0
2823,69,,1,Mumbai,basic,0
2824,38,2069.69,2,Pune,basic,1
2825,25,387.27,1,Delhi,basic,0
2826,42,1802.63,2,Mumbai,premium,0
2827,46,1021.16,2,Delhi,basic,0
2828,18,1185.87,2,Chennai,standard,0
2829,41,1475.35,2,Pune,basic,0
2830,16,940.18,2,Delhi,premium,0
2831,25,1023.9,1,Mumbai,premium,0
2832,17,1154.88,1,Mumbai,basic,0
2833,51,457.13,2,Delhi,premium,0
2834,22,1482.47,1,Delhi,basic,1
2835,36,788.76,3,Mumbai,premium,0
2836,56,1169.54,2,Mumbai,standard,0
2837,71,738.32,0,Chennai,standard,0
2838,56,2122.86,1,Delhi,standard,0
2839,66,1379.75,1,Mumbai,basic,0
2840,17,1338.8,1,Mumbai,standard,0
2841,61,743.62,5,Mumbai,basic,0
2842,28,1213.48,2,Delhi,premium,0
2843,52,1675.16,3,Pune,basic,0
2844,69,1087.14,2,Mumbai,basic,0
2845,40,877.77,1,Delhi,premium,0
2846,29,998.44,0,Delhi,standard,0
2847,31,400.99,1,Mumbai,premium,0
2848,30,1179.85,0,Pune,premium,0
2849,50,1229.4,1,Mumbai,basic,0
2850,61,,4,Delhi,standard,0
2851,68,1281.03,0,Delhi,premium,0
2852,56,977.02,0,Delhi,standard,0
2853,8,3114.27,0,Delhi,basic,0
2854,32,1935.46,2,Mumbai,standard,0
2855,71,1093.79,1,Delhi,standard,0
2856,58,1655.93,2,Delhi,standard,0
2857,61,1868.63,2,Mumbai,standard,1
2858,25,646.35,3,Delhi,basic,0
2859,7,1113.29,1,Mumbai,premium,0
2860,3,,0,Mumbai,basic,1
2861,3,2020.84,2,Pune,standard,0
2862,21,1207.15,0,Mumbai,standard,0
2863,7,1535.47,0,Delhi,standard,0
2864,64,,0,Delhi,standard,0
2865,15,1119.53,3,Delhi,basic,1
2866,7,1346.36,2,Chennai,standard,0
2867,35,93.71,2,Pune,basic,0
2868,57,3142.0,2,Delhi,premium,0
2869,27,1194.98,0,Delhi,standard,0
2870,36,1583.55,2,Delhi,standard,0
2871,35,3004.37,3,Pune,basic,0
2872,18,1574.17,3,Chennai,premium,0
2873,28,409.11,1,Mumbai,basic,0
2874,22,1397.65,2,Delhi,standard,0
2875,9,1405.24,3,Mumbai,basic,0
2876,65,515.93,2,Delhi,premium,0
2877,19,372.29,2,Pune,basic,1
2878,59,893.11,0,Mumbai,basic,0
2879,37,,2,Pune,premium,0
2880,44,973.47,3,Mumbai,premium,0
2881,30,874.72,0,Mumbai,premium,0
2882,55,1545.86,1,Mumbai,basic,0
2883,53,834.26,3,Pune,basic,0
2884,60,1620.96,0,Mumbai,standard,0
2885,35,1344.05,2,Delhi,basic,0
2886,28,629.92,1,Chennai,standard,0
2887,9,1003.33,2,Delhi,basic,1
2888,27,858.16,2,Pune,standard,0
2889,37,1062.69,2,Pune,premium,0
2890,16,445.93,1,Delhi,standard,0
2891,64,894.23,1,Delhi,standard,0
2892,3,1254.87,0,Pune,standard,0
2893,4,1099.13,0,Delhi,basic,0
2894,40,1039.42,3,Pune,basic,0
2895,51,1216.98,0,Mumbai,premium,0
2896,3,3136.44,0,Chennai,premium,0
2897,57,1212.05,0,Chennai,standard,0
2898,46,945.27,1,Pune,standard,0
2899,68,566.49,2,Mumbai,standard,0
2900,42,1009.48,1,Pune,basic,0
2901,60,3184.43,0,Chennai,basic,0
2902,62,1730.13,3,Delhi,standard,0
2903,2,1735.31,1,Delhi,basic,0
2904,23,1896.8,2,Chennai,premium,1
2905,46,1556.17,2,Mumbai,basic,0
2906,57,1048.39,1,Delhi,standard,0
2907,32,774.55,0,Mumbai,basic,0
2908,36,1224.11,1,Chennai,premium,0
2909,40,1544.22,1,Delhi,premium,0
2910,15,1094.58,0,Mumbai,premium,0
2911,30,898.13,0,Chennai,standard,0
2912,46,1089.31,0,Pune,basic,0
2913,22,1001.66,2,Delhi,standard,0
2914,42,550.46,1,Delhi,basic,0
2915,35,,0,Mumbai,standard,0
2916,71,1597.71,1,Mumbai,premium,0
2917,23,1157.16,0,Mumbai,premium,0
2918,55,,1,Delhi,basic,0
2919,10,1106.09,1,Pune,standard,0
2920,52,1476.88,2,Delhi,basic,0
2921,52,1126.77,1,Pune,standard,0
2922,24,2247.73,1,Mumbai,basic,0
2923,44,1116.19,1,Mumbai,standard,0
2924,67,1499.16,0,Mumbai,standard,0
2925,19,1756.97,3,Pune,premium,0
2926,3,699.66,1,Mumbai,basic,0
2927,61,1164.57,1,Mumbai,standard,0
2928,31,1461.34,2,Pune,basic,0
2929,58,992.3,4,Delhi,premium,0
2930,64,951.98,0,Pune,standard,0
2931,18,1381.57,1,Chennai,basic,1
2932,6,,2,Pune,basic,0
2933,34,469.7,2,Delhi,premium,0
2934,35,1793.33,2,Mumbai,standard,0
2935,17,1946.73,2,Delhi,basic,0
2936,55,2120.48,2,Pune,standard,0
2937,26,1481.08,1,Delhi,basic,0
2938,4,1625.98,2,Pune,premium,1
2939,39,1074.96,2,Mumbai,premium,0
2940,25,,4,Chennai,basic,1
2941,11,1357.27,2,Pune,basic,0
2942,48,1504.68,2,Delhi,standard,0
2943,41,604.22,2,Mumbai,basic,0
2944,24,1755.59,2,Mumbai,premium,0
2945,68,1624.49,0,Mumbai,basic,0
2946,52,1188.9,2,Delhi,basic,0
2947,36,1169.49,1,Pune,basic,0
2948,27,1332.7,0,Delhi,basic,0
2949,27,1818.17,3,Pune,standard,0
2950,49,,2,Mumbai,standard,0
2951,54,436.16,1,Pune,standard,0
2952,37,857.4,3,Delhi,standard,1
2953,64,1778.33,1,Delhi,basic,0
2954,9,1709.34,1,Mumbai,standard,0
2955,66,694.94,1,Delhi,premium,0
2956,41,631.24,2,Pune,standard,0
2957,50,,1,Pune,standard,0
2958,38,680.12,2,Delhi,basic,0
2959,42,996.86,0,Delhi,basic,0
2960,28,376.96,1,Pune,premium,0
2961,48,868.49,2,Chennai,standard,0
2962,61,276.84,1,Mumbai,premium,0
2963,15,933.4,1,Delhi,premium,0
2964,44,999.56,0,Mumbai,premium,0
2965,2,925.49,4,Pune,basic,0
2966,49,1242.52,0,Chennai,basic,0
2967,71,1981.43,2,Pune,basic,0
2968,11,1158.87,1,Pune,basic,1
2969,23,1895.87,3,Mumbai,basic,0
2970,28,1006.53,2,Delhi,premium,0
2971,6,866.04,2,Mumbai,standard,0
2972,22,1388.73,1,Mumbai,standard,0
2973,55,2052.26,3,Delhi,standard,0
2974,53,3001.7,1,Delhi,basic,0
2975,51,770.51,1,Delhi,basic,0
2976,9,1008.15,1,Delhi,standard,0
2977,24,827.04,1,Delhi,premium,0
2978,23,942.69,1,Chennai,standard,0
2979,40,945.36,1,Mumbai,basic,0
2980,29,647.78,3,Delhi,premium,0
2981,20,714.59,1,Pune,standard,0
2982,30,1870.91,2,Pune,premium,0
2983,24,1009.42,2,Chennai,standard,0
2984,52,493.35,1,Mumbai,premium,0
2985,42,615.6,1,Delhi,basic,0
2986,17,1110.32,0,Pune,basic,0
2987,70,1499.98,0,Pune,premium,0
2988,25,1474.27,2,Pune,standard,0
2989,58,480.69,2,Mumbai,basic,0
2990,9,916.6,1,Delhi,standard,0
2991,23,1031.83,0,Chennai,basic,0
2992,55,2227.7,1,Pune,standard,0
2993,5,1561.56,1,Mumbai,standard,0
2994,19,658.92,1,Mumbai,standard,0
2995,56,1908.74,1,Pune,basic,0
2996,24,837.54,2,Delhi,premium,1
2997,68,1178.21,2,Delhi,standard,0
2998,23,1789.84,1,Mumbai,basic,0
2999,44,807.8,1,Mumbai,basic,0
3000,34,1146.86,0,Mumbai,basic,0
1958,49,1283.05,1,Delhi,standard,0
2088,-1,800.87,0,Chennai,basic,0
1395,23,1489.67,0,Chennai,basic,0
1521,36,1957.97,1,Mumbai,premium,0
1099,14,1433.78,2,Mumbai,basic,1
394,38,757.65,3,Delhi,standard,1
29,54,1433.84,1,Chennai,basic,0
100,41,1088.76,4,Delhi,standard,0
352,26,818.38,3,Mumbai,basic,1
2021,28,1495.36,0,Mumbai,standard,0
1353,63,854.46,2,Mumbai,basic,0
1145,58,1072.72,5,Delhi,premium,1
2856,58,1655.93,2,Delhi,standard,0
1226,47,1196.13,4,Mumbai,standard,0
298,8,421.22,1,Pune,basic,0
1786,43,910.02,2,Delhi,premium,0
127,16,1933.7,2,Delhi,basic,0
2758,43,570.66,3,Pune,standard,1
1597,55,1207.22,2,Pune,premium,0
2028,22,,2,Pune,basic,0
2997,68,1178.21,2,Delhi,standard,0
682,15,1789.4,0,Delhi,standard,0
46,4,927.82,1,Pune,standard,0
1437,69,1024.82,5,Pune,standard,0
2748,49,1404.06,1,Delhi,standard,0
302,54,1163.7,1,Delhi,basic,0
2649,28,2409.28,1,Mumbai,basic,0
1608,3,1090.01,1,Delhi,standard,1
637,34,669.75,1,Delhi,basic,0
548,1,1560.67,3,Mumbai,standard,0
1266,15,1651.52,0,Pune,standard,0
1271,37,1030.55,1,Chennai,basic,0
679,8,359.78,1,Delhi,standard,0
2613,60,1898.62,2,Delhi,premium,0
2157,66,338.02,3,Pune,premium,0
706,46,321.06,0,Pune,basic,0
1509,57,549.13,2,Chennai,basic,0
111,2,1613.97,3,Pune,standard,0
2354,13,1340.37,3,Pune,basic,1
2178,26,1650.55,0,Pune,basic,0
2049,3,743.59,0,Pune,standard,0
283,7,717.3,2,Pune,basic,0
1101,62,925.8,4,Chennai,basic,0
561,23,1057.85,0,Delhi,premium,0
564,38,1081.99,1,Delhi,standard,0
578,39,1056.97,2,Mumbai,basic,0
1820,51,678.4,1,Pune,standard,0
1951,11,1096.16,0,Mumbai,standard,0
1560,6,843.69,1,Delhi,basic,1
300,66,1976.08,0,Chennai,premium,0
1923,48,1357.58,1,Pune,premium,0
1066,70,1183.85,3,Pune,standard,0
2039,4,1776.08,5,Delhi,standard,0
535,-1,935.1,1,Delhi,basic,0
2924,67,1499.16,0,Mumbai,standard,0
2766,5,1212.1,1,Mumbai,standard,0
2227,49,949.61,2,Pune,standard,0
274,66,724.66,1,Delhi,basic,0
395,32,634.46,2,Pune,standard,0
193,50,2548.46,3,Chennai,basic,0
